time,open,high,low,close
2004-05-27,0.97399,0.97399,0.97399,0.97399
2004-06-01,0.97399,0.97399,0.93866,0.93866
2004-06-04,0.93866,0.952515,0.93866,0.945715
2004-06-09,0.945715,0.948455,0.938435,0.943575
2004-06-14,0.944555,0.954745,0.944555,0.94679
2004-06-17,0.94679,0.94679,0.935195,0.942375
2004-06-22,0.942375,0.942375,0.93384,0.941135
2004-06-25,0.941135,0.945715,0.927945,0.927945
2004-06-30,0.927945,0.944555,0.927945,0.944555
2004-07-05,0.944105,0.954835,0.94384,0.954835
2004-07-08,0.954835,0.95845,0.948905,0.95845
2004-07-13,0.95845,0.95845,0.95593,0.956435
2004-07-16,0.956435,0.9602,0.955885,0.955885
2004-07-21,0.955885,0.955885,0.93721,0.93721
2004-07-26,0.93721,0.945495,0.929715,0.929715
2004-07-29,0.929715,0.937205,0.926525,0.937205
2004-08-03,0.937205,0.937205,0.9264,0.92773
2004-08-06,0.92773,0.942685,0.92773,0.942065
2004-08-11,0.942065,0.95161,0.93879,0.93879
2004-08-16,0.936855,0.938615,0.933315,0.933315
2004-08-19,0.933315,0.940115,0.932835,0.932835
2004-08-24,0.932835,0.932835,0.91996,0.91996
2004-08-27,0.91996,0.92434,0.91996,0.92434
2004-09-01,0.92434,0.92434,0.898875,0.898875
2004-09-06,0.899445,0.899445,0.89401,0.89859
2004-09-09,0.89859,0.90633,0.887115,0.90633
2004-09-14,0.90633,0.907815,0.90159,0.90212
2004-09-17,0.90212,0.90773,0.90212,0.905595
2004-09-22,0.905595,0.913035,0.905595,0.910335
2004-09-27,0.911495,0.912865,0.908145,0.911205
2004-09-30,0.911205,0.91781,0.911205,0.917645
2004-10-05,0.917645,0.917895,0.911455,0.917895
2004-10-08,0.917895,0.921535,0.91722,0.91722
2004-10-13,0.91722,0.91722,0.912115,0.91634
2004-10-18,0.916,0.916,0.911705,0.915125
2004-10-21,0.915125,0.916885,0.911865,0.911865
2004-10-26,0.911865,0.914365,0.911865,0.913205
2004-10-29,0.913205,0.914875,0.911325,0.914875
2004-11-03,0.914875,0.914875,0.913495,0.913495
2004-11-08,0.91216,0.913615,0.90412,0.907025
2004-11-11,0.907025,0.92855,0.907025,0.92855
2004-11-16,0.92855,0.93848,0.923915,0.93848
2004-11-19,0.93848,0.93848,0.928635,0.93201
2004-11-24,0.93201,0.93201,0.929755,0.929755
2004-11-29,0.930795,0.930795,0.915705,0.919835
2004-12-02,0.919835,0.931575,0.919835,0.92829
2004-12-07,0.92829,0.935715,0.9206,0.9206
2004-12-10,0.9206,0.934845,0.918275,0.934845
2004-12-15,0.934845,0.93725,0.933885,0.93725
2004-12-20,0.937515,0.94823,0.937515,0.94823
2004-12-23,0.94823,0.94823,0.94491,0.94796
2004-12-28,0.94796,0.94805,0.936765,0.939405
2004-12-31,0.939405,0.939405,0.938655,0.938655
2005-01-03,0.938575,0.943485,0.932745,0.93734
2005-01-06,0.93734,0.94362,0.924515,0.926655
2005-01-11,0.926655,0.93305,0.914365,0.920345
2005-01-14,0.920345,0.927,0.916465,0.923745
2005-01-19,0.923745,0.942995,0.92298,0.940425
2005-01-24,0.939545,0.956985,0.9348,0.955155
2005-01-27,0.955155,0.96567,0.953695,0.96177
2005-02-01,0.96177,0.964925,0.953065,0.956435
2005-02-04,0.956435,0.971205,0.95288,0.95543
2005-02-09,0.95543,0.974895,0.95288,0.971725
2005-02-14,0.97144,0.975085,0.963345,0.970545
2005-02-17,0.970545,0.97537,0.9626,0.973945
2005-02-22,0.973945,0.983965,0.96932,0.974515
2005-02-25,0.974515,0.979765,0.96791,0.976945
2005-03-02,0.976945,0.979195,0.9667,0.973995
2005-03-07,0.972765,0.977855,0.95297,0.957535
2005-03-10,0.957535,0.96011,0.947555,0.950525
2005-03-15,0.950525,0.95813,0.949175,0.953245
2005-03-18,0.953245,0.957715,0.94527,0.94625
2005-03-23,0.94625,0.94679,0.93541,0.939895
2005-03-28,0.939985,0.942685,0.93149,0.937515
2005-03-31,0.937515,0.942465,0.93366,0.93813
2005-04-05,0.93813,0.94078,0.931015,0.9369
2005-04-08,0.9369,0.961165,0.936155,0.959695
2005-04-13,0.959695,0.9652,0.95057,0.957905
2005-04-18,0.95735,0.96381,0.95229,0.96344
2005-04-21,0.96344,0.96829,0.957715,0.965715
2005-04-26,0.965715,0.978615,0.963575,0.975465
2005-04-29,0.975465,0.986045,0.96815,0.969275
2005-05-04,0.969275,0.975275,0.960475,0.96325
2005-05-09,0.96205,0.969415,0.955335,0.966745
2005-05-12,0.966745,0.96721,0.9542,0.95965
2005-05-17,0.95965,0.9639,0.953065,0.954335
2005-05-20,0.954335,0.963345,0.95102,0.96103
2005-05-25,0.96103,0.96665,0.955155,0.957075
2005-05-30,0.957165,0.95974,0.93262,0.935805
2005-06-02,0.935805,0.954065,0.93423,0.952605
2005-06-07,0.952605,0.96539,0.950525,0.96511
2005-06-10,0.96511,0.96548,0.950885,0.955975
2005-06-15,0.955975,0.96223,0.949265,0.95625
2005-06-20,0.956665,0.96362,0.9547,0.96131
2005-06-23,0.96131,0.962325,0.944335,0.946295
2005-06-28,0.946295,0.949085,0.931015,0.934145
2005-07-01,0.934145,0.936985,0.918235,0.92166
2005-07-06,0.92166,0.9252,0.90265,0.904405
2005-07-11,0.90547,0.914785,0.90155,0.90584
2005-07-14,0.90584,0.91857,0.902485,0.916885
2005-07-19,0.916885,0.933185,0.912205,0.931445
2005-07-22,0.931445,0.937865,0.924,0.93244
2005-07-27,0.93244,0.93866,0.9252,0.925625
2005-08-01,0.924045,0.93945,0.92136,0.938745
2005-08-04,0.938745,0.942195,0.92691,0.92829
2005-08-09,0.92829,0.93366,0.92119,0.92941
2005-08-12,0.92941,0.93175,0.918065,0.922295
2005-08-17,0.922295,0.92443,0.90876,0.910165
2005-08-22,0.910165,0.916125,0.898835,0.89989
2005-08-25,0.89989,0.908885,0.89787,0.901755
2005-08-30,0.901755,0.904525,0.888455,0.90257
2005-09-02,0.90257,0.916045,0.9007,0.912955
2005-09-07,0.912955,0.91634,0.907975,0.913075
2005-09-12,0.91241,0.916125,0.905345,0.910955
2005-09-15,0.910955,0.913115,0.89417,0.89594
2005-09-20,0.89594,0.902895,0.88972,0.893615
2005-09-23,0.893615,0.89469,0.88234,0.890195
2005-09-28,0.890195,0.89473,0.88382,0.88637
2005-10-03,0.88637,0.8961,0.88304,0.89425
2005-10-06,0.89425,0.89997,0.887705,0.89282
2005-10-11,0.89282,0.89338,0.877845,0.88814
2005-10-14,0.88814,0.894855,0.88032,0.881015
2005-10-19,0.881015,0.889835,0.878545,0.88968
2005-10-24,0.889045,0.8933,0.881485,0.88312
2005-10-27,0.88312,0.88806,0.879085,0.88437
2005-11-01,0.88437,0.884605,0.871425,0.873555
2005-11-04,0.873555,0.875235,0.86033,0.870285
2005-11-09,0.870285,0.875005,0.86584,0.87192
2005-11-14,0.87138,0.875545,0.866515,0.87241
2005-11-17,0.87241,0.877925,0.868015,0.870475
2005-11-22,0.870475,0.87146,0.863,0.86588
2005-11-25,0.86588,0.86915,0.85635,0.86248
2005-11-30,0.86248,0.87074,0.859365,0.869265
2005-12-05,0.868435,0.872635,0.86423,0.86719
2005-12-08,0.86719,0.871725,0.863,0.869605
2005-12-13,0.869605,0.872565,0.86311,0.86689
2005-12-16,0.86689,0.86719,0.85815,0.860215
2005-12-21,0.860215,0.86326,0.847565,0.84933
2005-12-26,0.84933,0.855725,0.84699,0.84973
2005-12-29,0.84973,0.858555,0.847565,0.85179
2006-01-02,0.85179,0.860215,0.850265,0.85712
2006-01-05,0.85712,0.883275,0.85631,0.881175
2006-01-10,0.881175,0.881565,0.870475,0.872335
2006-01-13,0.872335,0.878735,0.87032,0.875465
2006-01-18,0.875465,0.881015,0.86029,0.862145
2006-01-23,0.86356,0.870135,0.86218,0.86644
2006-01-26,0.86644,0.873475,0.856165,0.857485
2006-01-31,0.857485,0.86708,0.85719,0.86222
2006-02-03,0.86222,0.86326,0.848825,0.85317
2006-02-08,0.85317,0.854995,0.84588,0.85034
2006-02-13,0.850845,0.859365,0.849545,0.854265
2006-02-16,0.854265,0.85855,0.848035,0.850485
2006-02-21,0.850485,0.854115,0.843525,0.851355
2006-02-24,0.851355,0.855725,0.83991,0.844025
2006-03-01,0.844025,0.849545,0.841325,0.845595
2006-03-06,0.84488,0.850195,0.84069,0.849115
2006-03-09,0.849115,0.85576,0.847455,0.852225
2006-03-14,0.852225,0.855215,0.84538,0.850415
2006-03-17,0.850415,0.851715,0.832085,0.83438
2006-03-22,0.83438,0.841115,0.82471,0.827405
2006-03-27,0.82802,0.83084,0.821285,0.827475
2006-03-30,0.827475,0.84356,0.825965,0.83822
2006-04-04,0.83822,0.849475,0.834585,0.842815
2006-04-07,0.842815,0.847025,0.8325,0.83843
2006-04-12,0.83843,0.84317,0.83278,0.838505
2006-04-17,0.83731,0.850055,0.83696,0.848035
2006-04-20,0.848035,0.84969,0.83928,0.846455
2006-04-25,0.846455,0.851645,0.84069,0.849255
2006-04-28,0.849255,0.852075,0.8414,0.84253
2006-05-03,0.84253,0.858075,0.841115,0.854045
2006-05-08,0.854995,0.857485,0.848105,0.852295
2006-05-11,0.852295,0.859885,0.84531,0.846455
2006-05-16,0.846455,0.86081,0.842745,0.856235
2006-05-19,0.856235,0.857415,0.83759,0.845595
2006-05-24,0.845595,0.848965,0.83661,0.8378
2006-05-29,0.83717,0.84189,0.826925,0.82843
2006-06-01,0.82843,0.829495,0.822035,0.828915
2006-06-06,0.828915,0.83507,0.823185,0.83243
2006-06-09,0.83243,0.83829,0.814665,0.820745
2006-06-14,0.820745,0.83084,0.818935,0.828705
2006-06-19,0.828915,0.83112,0.812215,0.820345
2006-06-22,0.820345,0.825085,0.81726,0.823045
2006-06-27,0.823045,0.82447,0.81268,0.820415
2006-06-30,0.820415,0.83174,0.818865,0.82423
2006-07-05,0.82423,0.838575,0.822575,0.83682
2006-07-10,0.83731,0.857635,0.83633,0.85266
2006-07-13,0.85266,0.85712,0.845095,0.849765
2006-07-18,0.849765,0.856015,0.8431,0.850555
2006-07-21,0.850555,0.86371,0.846885,0.86007
2006-07-26,0.86007,0.86866,0.858515,0.86851
2006-07-31,0.867155,0.86828,0.858515,0.860585
2006-08-03,0.860585,0.86659,0.852875,0.854485
2006-08-08,0.854485,0.86535,0.849905,0.86528
2006-08-11,0.86528,0.867905,0.853025,0.858445
2006-08-16,0.858445,0.860955,0.850055,0.854775
2006-08-21,0.85419,0.85675,0.84431,0.848965
2006-08-24,0.848965,0.849545,0.83717,0.844095
2006-08-29,0.844095,0.849905,0.84225,0.842675
2006-09-01,0.842675,0.85837,0.84225,0.857485
2006-09-06,0.857485,0.857705,0.839,0.84495
2006-09-11,0.844235,0.845595,0.838785,0.84331
2006-09-14,0.84331,0.846095,0.83942,0.844595
2006-09-19,0.844595,0.853755,0.84253,0.847815
2006-09-22,0.847815,0.848825,0.83535,0.83801
2006-09-27,0.83801,0.83843,0.829325,0.83417
2006-10-02,0.832845,0.84104,0.832015,0.84055
2006-10-05,0.84055,0.8426,0.83493,0.83654
2006-10-10,0.83654,0.853755,0.83514,0.851425
2006-10-13,0.851425,0.86066,0.850485,0.859845
2006-10-18,0.859845,0.86155,0.850775,0.853825
2006-10-23,0.85368,0.85874,0.85248,0.855575
2006-10-26,0.855575,0.8673,0.854775,0.86595
2006-10-31,0.86595,0.880975,0.86453,0.8775
2006-11-03,0.8775,0.878885,0.86745,0.874355
2006-11-08,0.874355,0.875505,0.86356,0.869035
2006-11-13,0.86828,0.873895,0.86498,0.87131
2006-11-16,0.87131,0.88437,0.869565,0.88312
2006-11-21,0.88312,0.886565,0.879895,0.882965
2006-11-24,0.882965,0.886525,0.879585,0.88582
2006-11-29,0.88582,0.907485,0.885345,0.90318
2006-12-04,0.90424,0.904935,0.89445,0.90021
2006-12-07,0.90021,0.910705,0.89803,0.90078
2006-12-12,0.90078,0.910455,0.90013,0.906005
2006-12-15,0.906005,0.90773,0.90013,0.903875
2006-12-20,0.903875,0.90938,0.89948,0.9081
2006-12-25,0.90147,0.914075,0.90147,0.911535
2006-12-28,0.911535,0.92115,0.910915,0.919665
2007-01-01,0.919665,0.93097,0.918655,0.92829
2007-01-04,0.92829,0.9295,0.912865,0.9168
2007-01-09,0.9168,0.924085,0.911955,0.919835
2007-01-12,0.919835,0.921955,0.911995,0.920515
2007-01-17,0.920515,0.928335,0.918905,0.92588
2007-01-22,0.92554,0.939365,0.919835,0.921275
2007-01-25,0.921275,0.921445,0.910375,0.913865
2007-01-30,0.913865,0.916545,0.907605,0.912115
2007-02-02,0.912115,0.92119,0.909835,0.918735
2007-02-07,0.918735,0.927515,0.909465,0.910335
2007-02-12,0.910415,0.914875,0.905345,0.913865
2007-02-15,0.913865,0.91802,0.910955,0.915545
2007-02-20,0.915545,0.92477,0.913535,0.916965
2007-02-23,0.916965,0.92443,0.913865,0.91916
2007-02-28,0.91916,0.92511,0.91638,0.921105
2007-03-05,0.91916,0.920515,0.906415,0.916125
2007-03-08,0.916125,0.921445,0.912455,0.92119
2007-03-13,0.92119,0.92958,0.915585,0.92958
2007-03-16,0.92958,0.945315,0.92648,0.933315
2007-03-21,0.933315,0.9376,0.92726,0.93436
2007-03-26,0.93515,0.942285,0.9298,0.93375
2007-03-29,0.93375,0.945305,0.92984,0.944605
2007-04-03,0.944605,0.951415,0.933995,0.9436
2007-04-06,0.9436,0.949255,0.937815,0.948525
2007-04-11,0.948525,0.948875,0.93848,0.94829
2007-04-16,0.947595,0.95001,0.94032,0.945305
2007-04-19,0.945305,0.94671,0.93358,0.93365
2007-04-24,0.93365,0.93677,0.92352,0.926845
2007-04-27,0.926845,0.92936,0.91705,0.919245
2007-05-02,0.919245,0.92094,0.902085,0.909895
2007-05-07,0.90943,0.91908,0.908045,0.914245
2007-05-10,0.914245,0.928645,0.913745,0.92021
2007-05-15,0.92021,0.92161,0.90105,0.905975
2007-05-18,0.905975,0.906255,0.88798,0.88986
2007-05-23,0.88986,0.89601,0.882565,0.88363
2007-05-28,0.88373,0.888985,0.874835,0.884665
2007-05-31,0.884665,0.8879,0.878915,0.883255
2007-06-05,0.883255,0.89791,0.881905,0.89503
2007-06-08,0.89503,0.89931,0.89111,0.897095
2007-06-13,0.897095,0.90138,0.88869,0.899225
2007-06-18,0.89617,0.905195,0.89601,0.90034
2007-06-21,0.90034,0.911875,0.89747,0.90675
2007-06-26,0.90675,0.909855,0.89502,0.89664
2007-06-29,0.89664,0.908955,0.889585,0.906805
2007-07-04,0.906805,0.910835,0.8974,0.900555
2007-07-09,0.900345,0.914185,0.897715,0.909685
2007-07-12,0.909685,0.916565,0.90354,0.910055
2007-07-17,0.910055,0.919515,0.908895,0.918275
2007-07-20,0.918275,0.92722,0.912855,0.9137
2007-07-25,0.9137,0.92628,0.90439,0.90661
2007-07-30,0.90549,0.917685,0.89839,0.90402
2007-08-02,0.90402,0.907205,0.899,0.903585
2007-08-07,0.903585,0.908095,0.89717,0.899255
2007-08-10,0.899255,0.89996,0.882365,0.89067
2007-08-15,0.89067,0.89215,0.827075,0.845415
2007-08-20,0.844515,0.85802,0.837715,0.856655
2007-08-23,0.856655,0.875385,0.856655,0.87309
2007-08-28,0.87309,0.874075,0.85909,0.86351
2007-08-31,0.86351,0.871585,0.85755,0.86519
2007-09-05,0.86519,0.873725,0.86204,0.87223
2007-09-10,0.87181,0.874275,0.86257,0.872645
2007-09-13,0.872645,0.873905,0.8541,0.85678
2007-09-18,0.85678,0.873915,0.851275,0.864285
2007-09-21,0.864285,0.876875,0.86153,0.876445
2007-09-26,0.876445,0.884645,0.874755,0.881095
2007-10-01,0.88269,0.887975,0.877025,0.881455
2007-10-04,0.881455,0.889475,0.876855,0.881975
2007-10-09,0.881975,0.88504,0.878165,0.879655
2007-10-12,0.879655,0.88397,0.864095,0.86981
2007-10-17,0.86981,0.87529,0.85868,0.86081
2007-10-22,0.861905,0.87531,0.855965,0.87475
2007-10-25,0.87475,0.88959,0.871095,0.879045
2007-10-30,0.879045,0.883925,0.866745,0.867535
2007-11-02,0.867535,0.87306,0.85322,0.85486
2007-11-07,0.85486,0.86961,0.849135,0.86133
2007-11-12,0.8567,0.869595,0.842895,0.865785
2007-11-15,0.865785,0.87601,0.8609,0.8697
2007-11-20,0.8697,0.877935,0.85414,0.85905
2007-11-23,0.85905,0.87504,0.8544,0.8744
2007-11-28,0.8744,0.88829,0.868735,0.88342
2007-12-03,0.88285,0.8884,0.87525,0.88019
2007-12-06,0.88019,0.89404,0.87647,0.89118
2007-12-11,0.89118,0.89918,0.883595,0.89433
2007-12-14,0.89433,0.89649,0.85966,0.865255
2007-12-19,0.865255,0.87039,0.85526,0.86022
2007-12-24,0.86089,0.86454,0.85659,0.857875
2007-12-27,0.857875,0.87381,0.8541,0.87369
2008-01-01,0.87369,0.880605,0.86862,0.87114
2008-01-04,0.87114,0.88531,0.86758,0.884295
2008-01-09,0.884295,0.913895,0.882835,0.90779
2008-01-14,0.90666,0.91824,0.89484,0.901825
2008-01-17,0.901825,0.9102,0.88694,0.89141
2008-01-22,0.89141,0.8981,0.881145,0.885275
2008-01-25,0.885275,0.89342,0.883305,0.88773
2008-01-30,0.88773,0.903765,0.878755,0.899955
2008-02-04,0.89824,0.908465,0.897075,0.90124
2008-02-07,0.90124,0.906555,0.889275,0.905035
2008-02-12,0.905035,0.908165,0.89204,0.90243
2008-02-15,0.90243,0.936635,0.90056,0.934675
2008-02-20,0.934675,0.937195,0.925205,0.93564
2008-02-25,0.93582,0.937065,0.912855,0.923165
2008-02-28,0.923165,0.93194,0.913055,0.93038
2008-03-04,0.93038,0.93097,0.911625,0.913365
2008-03-07,0.913365,0.92349,0.909365,0.921395
2008-03-12,0.921395,0.938305,0.916325,0.92728
2008-03-17,0.92737,0.935595,0.910505,0.926685
2008-03-20,0.926685,0.933005,0.918045,0.921575
2008-03-25,0.921575,0.944005,0.921175,0.935955
2008-03-28,0.935955,0.94031,0.92432,0.926505
2008-04-02,0.926505,0.931345,0.915775,0.930715
2008-04-07,0.930205,0.950715,0.9245,0.945555
2008-04-10,0.945555,0.952955,0.9391,0.944305
2008-04-15,0.944305,0.949275,0.93628,0.9475
2008-04-18,0.9475,0.95722,0.93393,0.952425
2008-04-23,0.952425,0.96985,0.945305,0.946235
2008-04-28,0.946755,0.955505,0.941125,0.95107
2008-05-01,0.95107,0.96045,0.945125,0.95865
2008-05-06,0.95865,0.960945,0.943845,0.959905
2008-05-09,0.959905,0.961315,0.940355,0.944
2008-05-14,0.944,0.95586,0.92961,0.954995
2008-05-19,0.95651,0.956995,0.942675,0.946775
2008-05-22,0.946775,0.95388,0.940545,0.952415
2008-05-27,0.952415,0.95646,0.94053,0.94388
2008-05-30,0.94388,0.96186,0.94326,0.96088
2008-06-04,0.96088,0.9826,0.957095,0.98146
2008-06-09,0.97941,0.984,0.96128,0.96596
2008-06-12,0.96596,0.96798,0.952805,0.962715
2008-06-17,0.962715,0.966615,0.957285,0.965785
2008-06-20,0.965785,0.97352,0.963485,0.966145
2008-06-25,0.966145,0.97482,0.96483,0.97123
2008-06-30,0.97146,0.982725,0.968635,0.9739
2008-07-03,0.9739,0.9832,0.96891,0.97274
2008-07-08,0.97274,0.97484,0.96345,0.970225
2008-07-11,0.970225,0.984455,0.96907,0.98098
2008-07-16,0.98098,0.9837,0.972705,0.975855
2008-07-21,0.9785,0.9826,0.96992,0.972045
2008-07-24,0.972045,0.981195,0.96627,0.978455
2008-07-29,0.978455,0.981495,0.96179,0.965515
2008-08-01,0.965515,0.96616,0.953045,0.955885
2008-08-06,0.955885,0.958645,0.940575,0.94776
2008-08-11,0.94495,0.95384,0.91654,0.929215
2008-08-14,0.929215,0.9323,0.915135,0.92414
2008-08-19,0.92414,0.92913,0.915755,0.91862
2008-08-22,0.91862,0.919855,0.89212,0.89748
2008-08-27,0.89748,0.91496,0.89446,0.912865
2008-09-01,0.909735,0.912815,0.88298,0.88835
2008-09-04,0.88835,0.88835,0.857625,0.86929
2008-09-09,0.86929,0.87064,0.84994,0.86775
2008-09-12,0.86775,0.87604,0.839175,0.85464
2008-09-17,0.85464,0.881385,0.840275,0.87233
2008-09-22,0.875865,0.881105,0.859365,0.86641
2008-09-25,0.86641,0.87174,0.834385,0.84119
2008-09-30,0.84119,0.849915,0.828805,0.8335
2008-10-03,0.8335,0.84434,0.770115,0.780505
2008-10-08,0.780505,0.809735,0.716895,0.755015
2008-10-13,0.755,0.8029,0.755,0.7883
2008-10-16,0.7883,0.8413,0.7791,0.8385
2008-10-21,0.8385,0.8493,0.8135,0.8352
2008-10-24,0.8352,0.8398,0.7618,0.8165
2008-10-29,0.8165,0.8322,0.7941,0.8097
2008-11-03,0.808,0.8192,0.7835,0.7971
2008-11-06,0.7971,0.82245,0.7855,0.7998
2008-11-11,0.7998,0.8109,0.782,0.8068
2008-11-14,0.8068,0.8138,0.78834,0.80328
2008-11-19,0.80328,0.81192,0.78432,0.80112
2008-11-24,0.80308,0.810105,0.785685,0.80347
2008-11-27,0.80347,0.8154,0.79255,0.79916
2008-12-02,0.79916,0.82661,0.78897,0.8222
2008-12-05,0.8222,0.839225,0.814715,0.83185
2008-12-10,0.83185,0.8358,0.80988,0.8281
2008-12-15,0.82682,0.84882,0.813935,0.8387
2008-12-18,0.8387,0.84953,0.81805,0.83545
2008-12-23,0.83545,0.83728,0.82264,0.83309
2008-12-26,0.83309,0.8546,0.826,0.84111
2008-12-31,0.84111,0.86646,0.834,0.85667
2009-01-01,0.85667,0.86896,0.8443,0.8532
2009-01-06,0.8532,0.859055,0.83683,0.8403
2009-01-09,0.8403,0.84402,0.80839,0.8137
2009-01-14,0.8137,0.84223,0.81321,0.83702
2009-01-19,0.84105,0.84844,0.81551,0.83061
2009-01-22,0.83061,0.83496,0.79807,0.80654
2009-01-27,0.80654,0.82249,0.79581,0.80013
2009-01-30,0.80013,0.80716,0.772675,0.80055
2009-02-04,0.80055,0.83656,0.78705,0.82344
2009-02-09,0.8236,0.835265,0.807205,0.8128
2009-02-12,0.8128,0.822955,0.80326,0.80798
2009-02-17,0.80798,0.81558,0.79912,0.80975
2009-02-20,0.80975,0.81364,0.7982,0.80894
2009-02-25,0.80894,0.818605,0.801665,0.81555
2009-03-02,0.81653,0.835755,0.8055,0.82702
2009-03-05,0.82702,0.82868,0.818395,0.82206
2009-03-10,0.82206,0.8411,0.82053,0.83652
2009-03-13,0.83652,0.845145,0.831335,0.84068
2009-03-18,0.84068,0.857475,0.834125,0.85215
2009-03-23,0.85492,0.86597,0.85212,0.85949
2009-03-26,0.85949,0.865885,0.846485,0.86024
2009-03-31,0.86024,0.89371,0.85661,0.88522
2009-04-03,0.88522,0.89329,0.874095,0.87959
2009-04-08,0.87959,0.88429,0.873815,0.88202
2009-04-13,0.89112,0.89393,0.86878,0.87693
2009-04-16,0.87693,0.87994,0.860835,0.8632
2009-04-21,0.8632,0.882015,0.86299,0.874035
2009-04-24,0.874035,0.877185,0.85501,0.861255
2009-04-29,0.861255,0.87806,0.85931,0.86604
2009-05-04,0.86901,0.878055,0.86589,0.87235
2009-05-07,0.87235,0.88828,0.87075,0.88534
2009-05-12,0.88534,0.89238,0.8787,0.88871
2009-05-15,0.88871,0.89909,0.87926,0.8955
2009-05-20,0.8955,0.8973,0.87581,0.87625
2009-05-25,0.87566,0.88166,0.86936,0.87156
2009-05-28,0.87156,0.88693,0.8693,0.88604
2009-06-02,0.88604,0.89345,0.875705,0.87957
2009-06-05,0.87957,0.893595,0.87571,0.88511
2009-06-10,0.88511,0.911555,0.88398,0.90908
2009-06-15,0.90555,0.908175,0.89291,0.89914
2009-06-18,0.89914,0.916665,0.89684,0.90751
2009-06-23,0.90751,0.92881,0.9015,0.92651
2009-06-26,0.92651,0.93945,0.9233,0.93737
2009-07-01,0.93737,0.93933,0.917895,0.92502
2009-07-06,0.92316,0.92902,0.9024,0.90899
2009-07-09,0.90899,0.91219,0.89717,0.90108
2009-07-14,0.90108,0.90624,0.89149,0.90066
2009-07-17,0.90066,0.90521,0.89194,0.9031
2009-07-22,0.9031,0.90357,0.879765,0.88812
2009-07-27,0.88897,0.89964,0.8859,0.89062
2009-07-30,0.89062,0.90341,0.8883,0.89742
2009-08-04,0.89742,0.908695,0.895315,0.90445
2009-08-07,0.90445,0.916905,0.90155,0.91342
2009-08-12,0.91342,0.92004,0.90347,0.91441
2009-08-17,0.91117,0.91482,0.90613,0.90775
2009-08-20,0.90775,0.912845,0.89855,0.90274
2009-08-25,0.90274,0.916495,0.8986,0.91272
2009-08-28,0.91272,0.92776,0.91005,0.91217
2009-09-02,0.91217,0.92794,0.90995,0.92607
2009-09-07,0.92529,0.93461,0.919965,0.93007
2009-09-10,0.93007,0.937005,0.92588,0.933575
2009-09-15,0.933575,0.934835,0.924795,0.929245
2009-09-18,0.929245,0.937195,0.92523,0.93382
2009-09-23,0.93382,0.94912,0.9314,0.947
2009-09-28,0.94758,0.952555,0.942515,0.944105
2009-10-01,0.944105,0.946615,0.93408,0.93893
2009-10-06,0.93893,0.957945,0.93744,0.95315
2009-10-09,0.95315,0.95504,0.933755,0.93796
2009-10-14,0.93796,0.954855,0.93476,0.95052
2009-10-19,0.94951,0.974995,0.94896,0.96896
2009-10-22,0.96896,0.98005,0.96468,0.9795
2009-10-27,0.9795,0.98413,0.9668,0.97589
2009-10-30,0.97589,0.984,0.9612,0.96214
2009-11-04,0.96214,0.9884,0.95654,0.98823
2009-11-09,0.98918,0.99173,0.97073,0.97163
2009-11-12,0.97163,0.98493,0.97107,0.98141
2009-11-17,0.98141,0.98315,0.972515,0.97702
2009-11-20,0.97702,0.98135,0.969955,0.97245
2009-11-25,0.97245,0.979315,0.9534,0.96233
2009-11-30,0.96539,0.97307,0.961525,0.97207
2009-12-03,0.97207,0.979585,0.958685,0.95951
2009-12-08,0.95951,0.967465,0.954545,0.96386
2009-12-11,0.96386,0.9721,0.959945,0.96163
2009-12-16,0.96163,0.96234,0.944385,0.94918
2009-12-21,0.95063,0.95117,0.92008,0.92284
2009-12-24,0.92284,0.93277,0.921075,0.92515
2009-12-29,0.92515,0.946635,0.92411,0.94563
2010-01-01,0.94563,0.952315,0.93665,0.94747
2010-01-06,0.94747,0.95463,0.943505,0.95231
2010-01-11,0.95528,0.96333,0.95008,0.9527
2010-01-14,0.9527,0.960835,0.94569,0.95043
2010-01-19,0.95043,0.957895,0.945665,0.94706
2010-01-22,0.94706,0.959805,0.944945,0.95486
2010-01-27,0.95486,0.96096,0.94481,0.94598
2010-02-01,0.94214,0.94782,0.929115,0.93816
2010-02-04,0.93816,0.93829,0.922945,0.93021
2010-02-09,0.93021,0.94173,0.92731,0.93482
2010-02-12,0.93482,0.9421,0.92758,0.94092
2010-02-17,0.94092,0.94327,0.932265,0.93401
2010-02-22,0.93589,0.943865,0.93271,0.9416
2010-02-25,0.9416,0.94768,0.93695,0.93823
2010-03-02,0.93823,0.9415,0.925615,0.92868
2010-03-05,0.92868,0.93843,0.92622,0.93796
2010-03-10,0.93796,0.94202,0.930615,0.93295
2010-03-15,0.93445,0.934885,0.92751,0.93323
2010-03-18,0.93323,0.93812,0.92563,0.93571
2010-03-23,0.93571,0.93576,0.92822,0.92921
2010-03-26,0.92921,0.93883,0.926385,0.93803
2010-03-31,0.93803,0.93803,0.92572,0.92932
2010-04-05,0.92823,0.93294,0.92081,0.93257
2010-04-08,0.93257,0.94164,0.92825,0.92982
2010-04-13,0.92982,0.93683,0.92642,0.93637
2010-04-16,0.93637,0.94465,0.92793,0.93031
2010-04-21,0.93031,0.93095,0.91794,0.92698
2010-04-26,0.9257,0.93611,0.9244,0.93423
2010-04-29,0.93423,0.943485,0.92977,0.93607
2010-05-04,0.93607,0.94623,0.92921,0.93171
2010-05-07,0.93171,0.93711,0.91356,0.91485
2010-05-12,0.91485,0.92063,0.90791,0.91741
2010-05-17,0.91491,0.91762,0.87877,0.88427
2010-05-20,0.88427,0.8899,0.86512,0.8783
2010-05-25,0.8783,0.89423,0.872225,0.89241
2010-05-28,0.89241,0.89696,0.8712,0.87714
2010-06-02,0.87714,0.88295,0.867,0.8751
2010-06-07,0.87159,0.87328,0.8581,0.86472
2010-06-10,0.86472,0.88816,0.86327,0.88774
2010-06-15,0.88774,0.8933,0.87983,0.8933
2010-06-18,0.8933,0.9024,0.88817,0.89736
2010-06-23,0.89736,0.91131,0.894765,0.90467
2010-06-28,0.90347,0.90765,0.89223,0.89443
2010-07-01,0.89443,0.901425,0.88776,0.89255
2010-07-06,0.89255,0.916535,0.88715,0.91427
2010-07-09,0.91427,0.91606,0.89876,0.90971
2010-07-14,0.90971,0.920255,0.907045,0.91961
2010-07-19,0.91527,0.925985,0.913045,0.92122
2010-07-22,0.92122,0.93267,0.91705,0.9317
2010-07-27,0.9317,0.935765,0.920895,0.93343
2010-07-30,0.93343,0.9364,0.92738,0.93409
2010-08-04,0.93409,0.94635,0.924555,0.94339
2010-08-09,0.94406,0.946335,0.934595,0.93867
2010-08-12,0.93867,0.941865,0.925,0.93722
2010-08-17,0.93722,0.939995,0.92135,0.92876
2010-08-20,0.92876,0.940945,0.92449,0.93587
2010-08-25,0.93587,0.94973,0.933235,0.94464
2010-08-30,0.94651,0.960495,0.941025,0.95703
2010-09-02,0.95703,0.962125,0.947995,0.95005
2010-09-07,0.95005,0.961455,0.94606,0.95435
2010-09-10,0.95435,0.97017,0.95195,0.96559
2010-09-15,0.96559,0.970215,0.95916,0.96713
2010-09-20,0.96814,0.98712,0.96756,0.98627
2010-09-23,0.98627,0.99002,0.97969,0.98901
2010-09-28,0.98901,1.00241,0.98756,0.99545
2010-10-01,0.99545,0.999645,0.978985,0.98723
2010-10-06,0.98723,1.001695,0.984105,0.99589
2010-10-11,0.99971,1.00152,0.989235,0.99377
2010-10-14,0.99377,1.00851,0.99287,1.00591
2010-10-19,1.00591,1.01225,0.99789,1.00346
2010-10-22,1.00346,1.015685,1.00324,1.0089
2010-10-27,1.0089,1.01032,0.99109,1.00266
2010-11-01,1.00442,1.01238,0.99919,1.01147
2010-11-04,1.01147,1.02071,1.01001,1.01721
2010-11-09,1.01721,1.01818,1.00003,1.00114
2010-11-12,1.00114,1.00428,0.990505,0.99845
2010-11-17,0.99845,1.01079,0.99578,1.00314
2010-11-22,1.00376,1.00891,0.99087,0.99139
2010-11-25,0.99139,0.99496,0.979285,0.98055
2010-11-30,0.98055,0.987195,0.973805,0.97968
2010-12-03,0.97968,0.999495,0.97825,0.99513
2010-12-08,0.99513,0.99874,0.98616,0.99426
2010-12-13,0.99414,1.008045,0.988,0.99186
2010-12-16,0.99186,1.013,0.98954,1.01013
2010-12-21,1.01013,1.01979,1.00954,1.01364
2010-12-24,1.01364,1.01548,1.00854,1.0111
2010-12-29,1.0111,1.02163,1.00995,1.02114
2011-01-03,1.015,1.01775,0.992635,0.99527
2011-01-06,0.99527,0.99727,0.98342,0.98898
2011-01-11,0.98898,0.99137,0.970555,0.98684
2011-01-14,0.98684,0.99139,0.975045,0.99068
2011-01-19,0.99068,0.999675,0.98112,0.98305
2011-01-24,0.98169,0.995835,0.98051,0.99336
2011-01-27,0.99336,1.002265,0.9842,0.99841
2011-02-01,0.99841,1.00704,0.993855,1.00633
2011-02-04,1.00633,1.014855,0.99886,1.00979
2011-02-09,1.00979,1.01037,0.988315,0.9893
2011-02-14,0.98784,0.992945,0.971685,0.98805
2011-02-17,0.98805,1.001745,0.98637,0.99222
2011-02-22,0.99222,0.995785,0.984745,0.99133
2011-02-25,0.99133,0.997025,0.98551,0.98775
2011-03-02,0.98775,0.9918,0.97948,0.9869
2011-03-07,0.98769,0.988345,0.97729,0.97897
2011-03-10,0.97897,0.98827,0.97226,0.98332
2011-03-15,0.98332,0.984205,0.96332,0.96545
2011-03-18,0.96545,0.992005,0.96428,0.99073
2011-03-23,0.99073,1.00775,0.98901,1.00583
2011-03-28,1.00372,1.011995,0.997285,1.00287
2011-03-31,1.00287,1.00677,0.997565,1.0021
2011-04-05,1.0021,1.008405,0.994165,1.00326
2011-04-08,1.00326,1.012,1.00043,1.00561
2011-04-13,1.00561,1.01741,1.004485,1.01356
2011-04-18,1.01296,1.02203,1.00368,1.0207
2011-04-21,1.0207,1.027075,1.017015,1.02318
2011-04-26,1.02318,1.03966,1.01916,1.039
2011-04-29,1.039,1.044515,1.03105,1.03316
2011-05-04,1.03316,1.037495,1.021255,1.03449
2011-05-09,1.0363,1.04146,1.026905,1.02941
2011-05-12,1.02941,1.03297,1.01943,1.03001
2011-05-17,1.03001,1.03584,1.0284,1.03235
2011-05-20,1.03235,1.04018,1.02599,1.03136
2011-05-25,1.03136,1.04687,1.02484,1.04504
2011-05-30,1.0489,1.04943,1.03066,1.03739
2011-06-02,1.03739,1.055685,1.03509,1.05085
2011-06-07,1.05085,1.05339,1.0335,1.03403
2011-06-10,1.03403,1.038795,1.02902,1.03459
2011-06-15,1.03459,1.04241,1.03109,1.04049
2011-06-20,1.04108,1.04121,1.028595,1.02982
2011-06-23,1.02982,1.038425,1.023525,1.02992
2011-06-28,1.02992,1.04007,1.02979,1.03291
2011-07-01,1.03291,1.03511,1.02576,1.0302
2011-07-06,1.0302,1.038575,1.02871,1.03476
2011-07-11,1.03004,1.035355,1.02065,1.03085
2011-07-14,1.03085,1.03504,1.01283,1.01799
2011-07-19,1.01799,1.02562,1.012735,1.02269
2011-07-22,1.02269,1.03487,1.02176,1.03462
2011-07-27,1.03462,1.05407,1.03282,1.05018
2011-08-01,1.05223,1.05354,1.02799,1.03476
2011-08-04,1.03476,1.03605,1.01103,1.01314
2011-08-09,1.01314,1.02216,0.99173,1.01897
2011-08-12,1.01897,1.03371,1.01435,1.03007
2011-08-17,1.03007,1.038095,1.022995,1.03043
2011-08-22,1.02874,1.04111,1.02703,1.03394
2011-08-25,1.03394,1.04315,1.02813,1.04111
2011-08-30,1.04111,1.05006,1.03986,1.04747
2011-09-02,1.04747,1.05048,1.03808,1.03849
2011-09-07,1.03849,1.05186,1.037835,1.04335
2011-09-12,1.04052,1.04173,1.01027,1.01732
2011-09-15,1.01732,1.02201,1.00482,1.01276
2011-09-20,1.01276,1.02417,0.998695,1.00201
2011-09-23,1.00201,1.016745,0.998255,1.01057
2011-09-28,1.01057,1.018085,1.004965,1.01471
2011-10-03,1.01321,1.017085,0.99395,1.00475
2011-10-06,1.00475,1.028395,1.0031,1.02466
2011-10-11,1.02466,1.04202,1.017845,1.04058
2011-10-14,1.04058,1.046545,1.036935,1.04091
2011-10-19,1.04091,1.04561,1.03698,1.04443
2011-10-24,1.04352,1.06383,1.040375,1.04434
2011-10-27,1.04434,1.0674,1.04317,1.05382
2011-11-01,1.05382,1.058405,1.041695,1.04865
2011-11-04,1.04865,1.06006,1.04592,1.04839
2011-11-09,1.04839,1.049005,1.031155,1.03805
2011-11-14,1.04312,1.045905,1.03143,1.03296
2011-11-17,1.03296,1.03404,1.01997,1.02357
2011-11-22,1.02357,1.02649,1.01105,1.01932
2011-11-25,1.01932,1.03601,1.015215,1.03222
2011-11-30,1.03222,1.0527,1.02941,1.04147
2011-12-05,1.04251,1.04597,1.03298,1.0396
2011-12-08,1.0396,1.04367,1.030825,1.03466
2011-12-13,1.03466,1.040015,1.025645,1.02709
2011-12-16,1.02709,1.03903,1.02618,1.03812
2011-12-21,1.03812,1.04507,1.03237,1.0362
2011-12-26,1.03496,1.04024,1.03067,1.03403
2011-12-29,1.03403,1.044835,1.02923,1.04329
2012-01-02,1.04382,1.05045,1.03924,1.0501
2012-01-05,1.0501,1.05224,1.04222,1.04802
2012-01-10,1.04802,1.053445,1.04451,1.05316
2012-01-13,1.05316,1.05711,1.04886,1.05331
2012-01-18,1.05331,1.06295,1.04881,1.06236
2012-01-23,1.06311,1.06629,1.0555,1.06441
2012-01-26,1.06441,1.068885,1.059175,1.06148
2012-01-31,1.06148,1.0725,1.060605,1.07048
2012-02-03,1.07048,1.07773,1.06592,1.07495
2012-02-08,1.07495,1.07838,1.06626,1.06873
2012-02-13,1.0701,1.07511,1.06472,1.06965
2012-02-16,1.06965,1.075235,1.06588,1.06856
2012-02-21,1.06856,1.06931,1.05988,1.06908
2012-02-24,1.06908,1.07661,1.066745,1.07168
2012-02-29,1.07168,1.07507,1.06055,1.06179
2012-03-05,1.06284,1.06374,1.05252,1.05566
2012-03-08,1.05566,1.061495,1.04066,1.0437
2012-03-13,1.0437,1.04663,1.03378,1.04396
2012-03-16,1.04396,1.05221,1.03848,1.03922
2012-03-21,1.03922,1.0468,1.03121,1.04449
2012-03-26,1.04465,1.04869,1.032125,1.03713
2012-03-29,1.03713,1.04098,1.0313,1.03204
2012-04-03,1.03204,1.03542,1.018485,1.02292
2012-04-06,1.02292,1.030925,1.02157,1.0297
2012-04-11,1.0297,1.040925,1.02768,1.03686
2012-04-16,1.03676,1.037875,1.024735,1.02674
2012-04-19,1.02674,1.031405,1.02208,1.02291
2012-04-24,1.02291,1.02437,1.01567,1.02289
2012-04-27,1.02289,1.03026,1.01727,1.01827
2012-05-02,1.01827,1.020865,1.010425,1.01399
2012-05-07,1.01127,1.016055,1.00659,1.00769
2012-05-10,1.00769,1.01401,0.99914,0.99956
2012-05-15,0.99956,1.011235,0.99837,1.00815
2012-05-18,1.00815,1.0093,1.00096,1.0012
2012-05-23,1.0012,1.00698,0.995665,1.00447
2012-05-28,1.00793,1.01165,0.99927,0.99977
2012-05-31,0.99977,1.01333,0.99739,1.01104
2012-06-05,1.01104,1.02517,1.00872,1.01709
2012-06-08,1.01709,1.0234,1.01476,1.02217
2012-06-13,1.02217,1.03222,1.020545,1.03006
2012-06-18,1.0329,1.03998,1.03076,1.038
2012-06-21,1.038,1.04029,1.0279,1.03029
2012-06-26,1.03029,1.03808,1.02895,1.03777
2012-06-29,1.03777,1.04557,1.03598,1.04079
2012-07-04,1.04079,1.04481,1.03825,1.04112
2012-07-09,1.0409,1.04696,1.036555,1.04547
2012-07-12,1.04547,1.04572,1.032175,1.0402
2012-07-17,1.0402,1.05186,1.039235,1.05052
2012-07-20,1.05052,1.05163,1.0436,1.0447
2012-07-25,1.0447,1.05311,1.04105,1.05179
2012-07-30,1.05214,1.05532,1.05004,1.05194
2012-08-02,1.05194,1.05942,1.04969,1.05713
2012-08-07,1.05713,1.05989,1.048045,1.04863
2012-08-10,1.04863,1.049085,1.039825,1.04091
2012-08-15,1.04091,1.04181,1.029405,1.03092
2012-08-20,1.03189,1.04276,1.030075,1.04151
2012-08-23,1.04151,1.04343,1.027065,1.02737
2012-08-28,1.02737,1.02792,1.02052,1.02124
2012-08-31,1.02124,1.02448,1.007695,1.00808
2012-09-05,1.00808,1.01829,1.005495,1.01649
2012-09-10,1.01398,1.022025,1.00794,1.02171
2012-09-13,1.02171,1.02731,1.01734,1.02121
2012-09-18,1.02121,1.022645,1.01575,1.01949
2012-09-21,1.01949,1.02499,1.01801,1.01892
2012-09-26,1.01892,1.026905,1.015295,1.02089
2012-10-01,1.02001,1.02056,1.0056,1.00896
2012-10-04,1.00896,1.00964,0.99282,0.99553
2012-10-09,0.99553,1.00914,0.995395,1.00447
2012-10-12,1.00447,1.014995,1.00022,1.01385
2012-10-17,1.01385,1.02701,1.01329,1.02653
2012-10-22,1.02611,1.0307,1.016235,1.0287
2012-10-25,1.0287,1.03572,1.02662,1.03432
2012-10-30,1.03432,1.039015,1.033595,1.03646
2012-11-02,1.03646,1.03882,1.02855,1.03533
2012-11-07,1.03533,1.0429,1.033355,1.04021
2012-11-12,1.04001,1.04705,1.03892,1.04163
2012-11-15,1.04163,1.04174,1.032735,1.03747
2012-11-20,1.03747,1.038545,1.031345,1.03621
2012-11-23,1.03621,1.041125,1.035395,1.03888
2012-11-28,1.03888,1.04073,1.03381,1.03688
2012-12-03,1.03688,1.042885,1.032315,1.03698
2012-12-06,1.03698,1.041265,1.033645,1.03444
2012-12-11,1.03444,1.04065,1.032695,1.03695
2012-12-14,1.03695,1.0429,1.03502,1.03837
2012-12-19,1.03837,1.03846,1.03244,1.0333
2012-12-24,1.033255,1.034875,1.02699,1.03188
2012-12-27,1.03188,1.03611,1.027085,1.03306
2013-01-01,1.03306,1.03738,1.031425,1.03391
2013-01-04,1.03391,1.036945,1.02866,1.036395
2013-01-09,1.036395,1.04423,1.035305,1.03746
2013-01-14,1.03861,1.042655,1.03627,1.042405
2013-01-17,1.042405,1.04556,1.03616,1.0442
2013-01-22,1.0442,1.05475,1.04321,1.047955
2013-01-25,1.047955,1.05364,1.046535,1.048465
2013-01-30,1.048465,1.049665,1.034515,1.037075
2013-02-04,1.039095,1.04367,1.02633,1.02754
2013-02-07,1.02754,1.03663,1.024075,1.03054
2013-02-12,1.03054,1.03924,1.029875,1.037005
2013-02-15,1.037005,1.04962,1.03523,1.04735
2013-02-20,1.04735,1.05766,1.041445,1.05441
2013-02-25,1.05441,1.05796,1.044845,1.04654
2013-02-28,1.04654,1.054825,1.04256,1.047425
2013-03-05,1.047425,1.061085,1.046865,1.05702
2013-03-08,1.05702,1.060635,1.048335,1.058825
2013-03-13,1.058825,1.066825,1.056305,1.061135
2013-03-18,1.061135,1.067065,1.057695,1.064995
2013-03-21,1.064995,1.07179,1.062565,1.06891
2013-03-26,1.06891,1.0699,1.056685,1.05834
2013-03-29,1.05834,1.06383,1.057075,1.060445
2013-04-03,1.060445,1.06489,1.053455,1.05655
2013-04-08,1.05655,1.07091,1.05251,1.069315
2013-04-11,1.069315,1.07154,1.055555,1.05778
2013-04-16,1.05778,1.06259,1.05516,1.057495
2013-04-19,1.057495,1.06053,1.04973,1.05226
2013-04-24,1.05226,1.056565,1.044425,1.044585
2013-04-29,1.044585,1.050075,1.035065,1.036395
2013-05-02,1.036395,1.04161,1.030625,1.03233
2013-05-07,1.03233,1.03277,1.01294,1.01616
2013-05-10,1.01616,1.01696,1.00363,1.006935
2013-05-15,1.006935,1.01106,0.99532,1.00064
2013-05-20,1.00064,1.008725,0.99995,1.00565
2013-05-23,1.00565,1.008895,0.993225,0.99629
2013-05-28,0.99629,1.0028,0.99291,0.995035
2013-05-31,0.995035,1.00652,0.988635,0.998065
2013-06-05,0.998065,0.998725,0.96397,0.968455
2013-06-10,0.968455,0.973175,0.95473,0.968515
2013-06-13,0.968515,0.981955,0.963275,0.97215
2013-06-18,0.97215,0.97499,0.948295,0.95532
2013-06-21,0.95532,0.975895,0.953775,0.97358
2013-06-26,0.97358,0.97846,0.95911,0.961595
2013-07-01,0.961595,0.97152,0.951005,0.954685
2013-07-04,0.954685,0.967335,0.95377,0.964305
2013-07-09,0.964305,0.96958,0.94821,0.95248
2013-07-12,0.95248,0.96209,0.935255,0.959545
2013-07-17,0.959545,0.96439,0.950255,0.950945
2013-07-22,0.950945,0.95964,0.942635,0.945245
2013-07-25,0.945245,0.954515,0.941885,0.945015
2013-07-30,0.945015,0.945625,0.91723,0.923595
2013-08-02,0.923595,0.93362,0.920455,0.93236
2013-08-07,0.93236,0.948795,0.92955,0.94701
2013-08-12,0.94701,0.948215,0.938325,0.943445
2013-08-15,0.943445,0.9536,0.937785,0.94244
2013-08-20,0.94244,0.950815,0.93544,0.947475
2013-08-23,0.947475,0.952735,0.93968,0.941075
2013-08-28,0.941075,0.94303,0.93306,0.93787
2013-09-02,0.93787,0.964175,0.93787,0.96279
2013-09-05,0.96279,0.96305,0.95407,0.95686
2013-09-10,0.95686,0.96466,0.95276,0.95714
2013-09-13,0.95714,0.96827,0.953815,0.96326
2013-09-18,0.96326,0.97406,0.961935,0.96787
2013-09-23,0.96787,0.9726,0.962875,0.96615
2013-09-26,0.96615,0.969605,0.957285,0.960515
2013-10-01,0.960515,0.97254,0.959475,0.97078
2013-10-04,0.97078,0.9788,0.969405,0.97717
2013-10-09,0.97717,0.985835,0.97641,0.98005
2013-10-14,0.98005,0.99022,0.97739,0.98642
2013-10-17,0.98642,0.996405,0.98384,0.99468
2013-10-22,0.99468,1.0036,0.9917,1.00293
2013-10-25,1.00293,1.004815,0.98968,0.9924
2013-10-30,0.9924,0.996205,0.98298,0.983695
2013-11-04,0.983695,0.996705,0.983695,0.9925
2013-11-07,0.9925,0.99294,0.979205,0.980445
2013-11-12,0.980445,0.981185,0.972805,0.97491
2013-11-15,0.97491,0.98778,0.974235,0.987755
2013-11-20,0.987755,0.987805,0.963765,0.9648
2013-11-25,0.9648,0.968825,0.958585,0.96192
2013-11-28,0.96192,0.97359,0.959525,0.96923
2013-12-03,0.96923,0.97474,0.960235,0.965595
2013-12-06,0.965595,0.972695,0.95831,0.970205
2013-12-11,0.970205,0.97054,0.947905,0.94889
2013-12-16,0.94889,0.9509,0.9423,0.948325
2013-12-19,0.948325,0.954495,0.94354,0.94755
2013-12-24,0.94755,0.94966,0.943115,0.947285
2013-12-27,0.947285,0.95254,0.944345,0.948775
2014-01-01,0.948775,0.95747,0.9412,0.95157
2014-01-06,0.95157,0.966785,0.949835,0.963175
2014-01-09,0.963175,0.99005,0.96092,0.983465
2014-01-14,0.983465,0.98528,0.95959,0.96425
2014-01-17,0.96425,0.968235,0.9593,0.96571
2014-01-22,0.96571,0.98389,0.959135,0.962675
2014-01-27,0.962675,0.982905,0.960265,0.97622
2014-01-30,0.97622,0.984785,0.97066,0.97313
2014-02-04,0.97313,0.996785,0.96961,0.9918
2014-02-07,0.9918,1.0009,0.98295,0.995055
2014-02-12,0.995055,0.997345,0.983125,0.99212
2014-02-17,0.99212,1.000225,0.984815,0.997425
2014-02-20,0.997425,1.005945,0.99044,0.999435
2014-02-25,0.999435,1.00106,0.99106,0.99717
2014-02-28,0.99717,0.999875,0.98269,0.99285
2014-03-05,0.99285,1.010595,0.989875,1.00568
2014-03-10,1.00568,1.006845,0.99216,0.99947
2014-03-13,0.99947,1.0087,0.99667,1.00451
2014-03-18,1.00451,1.020635,1.00176,1.01643
2014-03-21,1.01643,1.025645,1.014335,1.02363
2014-03-26,1.02363,1.03166,1.018225,1.023045
2014-03-31,1.023045,1.02825,1.016285,1.02046
2014-04-03,1.02046,1.022015,1.015165,1.017245
2014-04-08,1.017245,1.02984,1.0165,1.029475
2014-04-11,1.029475,1.034105,1.024055,1.027795
2014-04-16,1.027795,1.035025,1.02562,1.02879
2014-04-21,1.02879,1.034405,1.02275,1.02505
2014-04-24,1.02505,1.02674,1.019735,1.021065
2014-04-29,1.021065,1.02144,1.014125,1.016315
2014-05-02,1.016315,1.02194,1.011655,1.018485
2014-05-07,1.018485,1.02241,1.012325,1.020405
2014-05-12,1.020405,1.026425,1.018095,1.02126
2014-05-15,1.02126,1.02142,1.01362,1.014595
2014-05-20,1.014595,1.01527,1.00373,1.00481
2014-05-23,1.00481,1.007485,1.00287,1.005435
2014-05-28,1.005435,1.01172,1.00097,1.00986
2014-06-02,1.00986,1.01625,1.003305,1.015095
2014-06-05,1.015095,1.023195,1.01382,1.02026
2014-06-10,1.02026,1.024285,1.01618,1.02336
2014-06-13,1.02336,1.023515,1.01307,1.01417
2014-06-18,1.01417,1.02008,1.009225,1.00991
2014-06-23,1.00991,1.014145,1.00525,1.00851
2014-06-26,1.00851,1.00951,1.002855,1.006565
2014-07-01,1.006565,1.011845,0.993775,0.993995
2014-07-04,0.993995,1.0051,0.993835,1.003625
2014-07-09,1.003625,1.0082,0.99814,1.0082
2014-07-14,1.0082,1.01019,1.004155,1.006435
2014-07-17,1.006435,1.010345,1.0046,1.00665
2014-07-22,1.00665,1.01687,1.005525,1.012095
2014-07-25,1.012095,1.01928,1.010215,1.018335
2014-07-30,1.018335,1.018985,1.011705,1.016595
2014-08-04,1.016595,1.023505,1.016265,1.021295
2014-08-07,1.021295,1.021295,1.010505,1.0116
2014-08-12,1.0116,1.017585,1.010995,1.01603
2014-08-15,1.01603,1.01923,1.01161,1.01789
2014-08-20,1.01789,1.022325,1.01458,1.01953
2014-08-25,1.01953,1.022595,1.01123,1.01446
2014-08-28,1.01446,1.017295,1.010695,1.014495
2014-09-02,1.014495,1.02053,1.011765,1.016785
2014-09-05,1.016785,1.02338,1.010075,1.010785
2014-09-10,1.010785,1.011275,0.99974,1.00234
2014-09-15,1.00234,1.00234,0.985315,0.98536
2014-09-18,0.98536,0.987585,0.974155,0.97991
2014-09-23,0.97991,0.98595,0.974565,0.976405
2014-09-26,0.976405,0.980685,0.970635,0.97942
2014-10-01,0.97942,0.983575,0.971605,0.975465
2014-10-06,0.975465,0.98625,0.973985,0.982
2014-10-09,0.982,0.986295,0.96858,0.9823
2014-10-14,0.9823,0.99608,0.97927,0.985885
2014-10-17,0.985885,0.994765,0.982915,0.985275
2014-10-22,0.985275,0.99222,0.97908,0.98821
2014-10-27,0.98821,0.995525,0.982625,0.983785
2014-10-30,0.983785,0.99356,0.9809,0.986085
2014-11-04,0.986085,0.998775,0.975555,0.977845
2014-11-07,0.977845,0.98707,0.97537,0.984645
2014-11-12,0.984645,0.99292,0.981955,0.987995
2014-11-17,0.987995,0.991575,0.976145,0.977445
2014-11-20,0.977445,0.984355,0.969445,0.97238
2014-11-25,0.97238,0.9732,0.95676,0.96824
2014-11-28,0.96824,0.974285,0.95875,0.96335
2014-12-03,0.96335,0.96501,0.94972,0.951645
2014-12-08,0.951645,0.9564,0.945595,0.95529
2014-12-11,0.95529,0.9599,0.944155,0.95835
2014-12-16,0.95835,0.964275,0.94477,0.945265
2014-12-19,0.945265,0.95113,0.93975,0.94156
2014-12-24,0.94156,0.94487,0.94053,0.944405
2014-12-29,0.944405,0.952725,0.94309,0.948025
2015-01-01,0.948025,0.958015,0.94577,0.950615
2015-01-06,0.950615,0.961405,0.950615,0.96099
2015-01-09,0.96099,0.97958,0.958675,0.976505
2015-01-14,0.976505,0.98891,0.96824,0.985565
2015-01-19,0.985565,1.00865,0.977495,0.997835
2015-01-22,0.997835,1.00467,0.978745,0.988325
2015-01-27,0.988325,0.99651,0.975105,0.979725
2015-01-30,0.979725,0.996605,0.95897,0.96732
2015-02-04,0.96732,0.979805,0.964655,0.97619
2015-02-09,0.97619,0.980475,0.96944,0.97497
2015-02-12,0.97497,0.97571,0.959355,0.96888
2015-02-17,0.96888,0.97705,0.965625,0.97365
2015-02-20,0.97365,0.985855,0.972505,0.978105
2015-02-25,0.978105,0.9841,0.972875,0.97692
2015-03-02,0.97692,0.98295,0.970005,0.97122
2015-03-05,0.97122,0.978915,0.96843,0.97109
2015-03-10,0.97109,0.97948,0.962765,0.97786
2015-03-13,0.97786,0.9808,0.971375,0.974185
2015-03-18,0.974185,0.98086,0.969925,0.97607
2015-03-23,0.97607,0.988295,0.97607,0.98192
2015-03-26,0.98192,0.982925,0.967995,0.97018
2015-03-31,0.97018,0.971945,0.951465,0.953545
2015-04-03,0.953545,0.96464,0.94552,0.95465
2015-04-08,0.95465,0.97153,0.954335,0.96519
2015-04-13,0.96519,0.965665,0.94175,0.944195
2015-04-16,0.944195,0.956915,0.94105,0.9449
2015-04-21,0.9449,0.954485,0.941895,0.94462
2015-04-24,0.94462,0.96564,0.94304,0.965075
2015-04-29,0.965075,0.96761,0.949285,0.954495
2015-05-04,0.954495,0.96268,0.94408,0.9598
2015-05-07,0.9598,0.96387,0.95228,0.95478
2015-05-12,0.95478,0.974845,0.954205,0.968285
2015-05-15,0.968285,0.97327,0.962415,0.968125
2015-05-20,0.968125,0.96967,0.959655,0.96139
2015-05-25,0.96139,0.965435,0.958875,0.962465
2015-05-28,0.962465,0.966095,0.94962,0.95244
2015-06-02,0.95244,0.971755,0.952215,0.96122
2015-06-05,0.96122,0.965465,0.94504,0.94878
2015-06-10,0.94878,0.955975,0.943235,0.95159
2015-06-15,0.95159,0.95942,0.94314,0.947605
2015-06-18,0.947605,0.95628,0.94325,0.951335
2015-06-23,0.951335,0.959695,0.948645,0.9538
2015-06-26,0.9538,0.963935,0.936925,0.962915
2015-07-01,0.962915,0.96648,0.94338,0.94549
2015-07-06,0.94549,0.95114,0.940515,0.94693
2015-07-09,0.94693,0.951615,0.941665,0.94357
2015-07-14,0.94357,0.962075,0.9424,0.95959
2015-07-17,0.95959,0.9637,0.952545,0.960535
2015-07-22,0.960535,0.96351,0.948465,0.950095
2015-07-27,0.950095,0.952915,0.941125,0.944465
2015-07-30,0.944465,0.960435,0.94238,0.95848
2015-08-04,0.95848,0.97489,0.956415,0.963105
2015-08-07,0.963105,0.9746,0.95489,0.957925
2015-08-12,0.957925,0.966925,0.949235,0.96628
2015-08-17,0.96628,0.967895,0.9548,0.964755
2015-08-20,0.964755,0.96701,0.93581,0.9507
2015-08-25,0.9507,0.95875,0.941005,0.9458
2015-08-28,0.9458,0.950065,0.924675,0.930645
2015-09-02,0.930645,0.936675,0.915085,0.91763
2015-09-07,0.91763,0.93486,0.91605,0.93059
2015-09-10,0.93059,0.948165,0.9223,0.946745
2015-09-15,0.946745,0.952035,0.93995,0.945785
2015-09-18,0.945785,0.95183,0.937235,0.940995
2015-09-23,0.940995,0.940995,0.92609,0.93675
2015-09-28,0.93675,0.943615,0.930165,0.93398
2015-10-01,0.93398,0.93953,0.92548,0.92679
2015-10-06,0.92679,0.945405,0.924955,0.94478
2015-10-09,0.94478,0.958335,0.94314,0.944605
2015-10-14,0.944605,0.949115,0.9362,0.93783
2015-10-19,0.93783,0.948825,0.935965,0.94725
2015-10-22,0.94725,0.95552,0.942855,0.95349
2015-10-27,0.95349,0.957845,0.930745,0.93164
2015-10-30,0.93164,0.94442,0.930095,0.938485
2015-11-04,0.938485,0.944455,0.935115,0.937015
2015-11-09,0.937015,0.938265,0.93132,0.93669
2015-11-12,0.93669,0.95072,0.936275,0.94607
2015-11-17,0.94607,0.95701,0.9435,0.955695
2015-11-20,0.955695,0.966475,0.95518,0.965685
2015-11-25,0.965685,0.968005,0.95849,0.96193
2015-11-30,0.96193,0.98126,0.959195,0.975285
2015-12-03,0.975285,0.98456,0.972365,0.98101
2015-12-08,0.98101,0.994115,0.974725,0.991905
2015-12-11,0.991905,0.998185,0.98374,0.987695
2015-12-16,0.987695,1.001495,0.987695,1.00139
2015-12-21,1.00139,1.01094,0.996215,1.001985
2015-12-24,1.001985,1.010565,1.00135,1.00801
2015-12-29,1.00801,1.017,1.006525,1.008875
2016-01-01,1.008875,1.01203,0.99564,1.002235
2016-01-06,1.002235,1.00314,0.9846,0.98534
2016-01-11,0.98534,1.00244,0.98252,0.99753
2016-01-14,0.99753,1.00747,0.99211,0.99961
2016-01-19,0.99961,1.00877,0.9936,0.998485
2016-01-22,0.998485,1.00211,0.98476,0.988975
2016-01-27,0.988975,0.99904,0.98738,0.989905
2016-02-01,0.989905,0.99526,0.98128,0.987795
2016-02-04,0.987795,0.99174,0.97873,0.987065
2016-02-09,0.987065,0.99312,0.97122,0.990715
2016-02-12,0.990715,0.99274,0.98101,0.98587
2016-02-17,0.98587,0.9873,0.9764,0.984075
2016-02-22,0.984075,0.99656,0.984,0.986035
2016-02-25,0.986035,0.98692,0.96223,0.967115
2016-03-01,0.967115,0.98856,0.95986,0.98551
2016-03-04,0.98551,1.00003,0.98476,0.997525
2016-03-09,0.997525,1.0054,0.98906,0.99959
2016-03-14,0.99959,1.00333,0.9889,0.98922
2016-03-17,0.98922,0.99688,0.98655,0.99276
2016-03-22,0.99276,0.99924,0.99023,0.9972
2016-03-25,0.9972,0.9993,0.98913,0.99736
2016-03-30,0.99736,1.00262,0.98966,0.99934
2016-04-04,0.99934,1.00084,0.98978,0.9947
2016-04-07,0.9947,0.99702,0.97928,0.97976
2016-04-12,0.97976,0.99085,0.97533,0.98863
2016-04-15,0.98863,0.99628,0.98546,0.99002
2016-04-20,0.99002,0.99194,0.97627,0.97665
2016-04-25,0.97665,0.98103,0.9553,0.95624
2016-04-28,0.95624,0.9613,0.95256,0.96058
2016-05-03,0.96058,0.96562,0.94546,0.959485
2016-05-06,0.959485,0.96178,0.94649,0.950565
2016-05-11,0.950565,0.95376,0.93616,0.9405
2016-05-16,0.9405,0.9489,0.93824,0.942195
2016-05-19,0.942195,0.95122,0.93994,0.94941
2016-05-24,0.94941,0.95024,0.93266,0.93781
2016-05-27,0.93781,0.9488,0.93497,0.946965
2016-06-01,0.946965,0.95387,0.94377,0.95317
2016-06-06,0.95317,0.95483,0.94378,0.94832
2016-06-09,0.94832,0.952,0.93904,0.94837
2016-06-14,0.94837,0.95929,0.9421,0.95489
2016-06-17,0.95489,0.95972,0.94987,0.955025
2016-06-22,0.955025,0.97656,0.95036,0.97178
2016-06-27,0.97178,0.97178,0.95786,0.963665
2016-06-30,0.963665,0.96968,0.958,0.968485
2016-07-05,0.968485,0.9784,0.96473,0.972335
2016-07-08,0.972335,0.99666,0.97197,0.9942
2016-07-13,0.9942,0.99707,0.97929,0.98273
2016-07-18,0.98273,0.9867,0.9744,0.976415
2016-07-21,0.976415,0.987805,0.97364,0.98738
2016-07-26,0.98738,0.99718,0.98308,0.987225
2016-07-29,0.987225,0.99768,0.98385,0.99764
2016-08-03,0.99764,1.0063,0.99094,1.00363
2016-08-08,1.00363,1.0094,1.00152,1.00587
2016-08-11,1.00587,1.0118,0.98995,0.99179
2016-08-16,0.99179,0.99539,0.98041,0.982445
2016-08-19,0.982445,0.98923,0.9762,0.98336
2016-08-24,0.98336,0.98822,0.98226,0.98346
2016-08-29,0.98346,0.98751,0.97992,0.98514
2016-09-01,0.98514,0.99202,0.97922,0.980285
2016-09-06,0.980285,0.99496,0.98016,0.98903
2016-09-09,0.98903,0.98946,0.98104,0.98346
2016-09-14,0.98346,0.99254,0.98165,0.98996
2016-09-19,0.98996,1.00228,0.98862,0.99882
2016-09-22,0.99882,1.01108,0.99491,1.01008
2016-09-27,1.01008,1.01578,1.0015,1.003935
2016-09-30,1.003935,1.01042,1.00052,1.00522
2016-10-05,1.00522,1.0089,0.99816,1.008875
2016-10-10,1.008875,1.00918,0.9958,1.003915
2016-10-13,1.003915,1.00659,0.99778,1.00148
2016-10-18,1.00148,1.0158,1.00016,1.009025
2016-10-21,1.009025,1.02142,1.00814,1.02065
2016-10-26,1.02065,1.02858,1.01289,1.01791
2016-10-31,1.01791,1.02911,1.01682,1.02595
2016-11-03,1.02595,1.0335,1.02306,1.032605
2016-11-08,1.032605,1.0398,1.02145,1.02558
2016-11-11,1.02558,1.02706,1.0151,1.0165
2016-11-16,1.0165,1.01725,0.99034,0.99075
2016-11-21,0.99075,1.00002,0.98614,0.99623
2016-11-24,0.99623,1.00948,0.99508,1.00338
2016-11-29,1.00338,1.0063,0.9852,0.98762
2016-12-02,0.98762,0.99396,0.98524,0.990675
2016-12-07,0.990675,0.99224,0.97888,0.981655
2016-12-12,0.981655,0.98862,0.9761,0.983875
2016-12-15,0.983875,0.9872,0.9703,0.971275
2016-12-20,0.971275,0.97515,0.96831,0.972985
2016-12-23,0.972985,0.97575,0.96813,0.975425
2016-12-28,0.975425,0.97951,0.96712,0.96791
2017-01-02,0.96791,0.97573,0.96622,0.968825
2017-01-05,0.968825,0.97419,0.96453,0.97184
2017-01-10,0.97184,0.98654,0.97076,0.98376
2017-01-13,0.98376,0.9879,0.98006,0.986885
2017-01-18,0.986885,1.00916,0.98516,1.00656
2017-01-23,1.00656,1.0102,0.98682,0.989835
2017-01-26,0.989835,0.99343,0.98522,0.990995
2017-01-31,0.990995,1.00162,0.98591,0.997545
2017-02-03,0.997545,1.00679,0.99581,1.00574
2017-02-08,1.00574,1.00826,0.99972,1.00438
2017-02-13,1.00438,1.00914,0.99823,1.008955
2017-02-16,1.008955,1.01014,1.00226,1.007635
2017-02-21,1.007635,1.01586,1.0054,1.01113
2017-02-24,1.01113,1.0206,1.00278,1.018375
2017-03-01,1.018375,1.02541,1.01042,1.016125
2017-03-06,1.016125,1.0217,1.01416,1.015635
2017-03-09,1.015635,1.02044,1.01276,1.018005
2017-03-14,1.018005,1.02684,1.01553,1.0226
2017-03-17,1.0226,1.03339,1.02114,1.026805
2017-03-22,1.026805,1.0271,1.01649,1.019855
2017-03-27,1.019855,1.02549,1.01559,1.022155
2017-03-30,1.022155,1.0239,1.01248,1.017785
2017-04-04,1.017785,1.01902,1.01129,1.012035
2017-04-07,1.012035,1.0125,0.99752,0.999295
2017-04-12,0.999295,1.01031,0.9926,1.00981
2017-04-17,1.00981,1.01241,1.00574,1.010925
2017-04-20,1.010925,1.02236,1.01004,1.02201
2017-04-25,1.02201,1.02676,1.01192,1.01783
2017-04-28,1.01783,1.03454,1.01729,1.033035
2017-05-03,1.033035,1.03462,1.01196,1.01267
2017-05-08,1.01267,1.01414,1.00384,1.00591
2017-05-11,1.00591,1.01562,1.00181,1.010635
2017-05-16,1.010635,1.01646,1.0067,1.00921
2017-05-19,1.00921,1.0135,1.00524,1.010365
2017-05-24,1.010365,1.01148,1.0003,1.00145
2017-05-29,1.00145,1.00655,0.99937,1.00318
2017-06-01,1.00318,1.01026,0.99482,1.008625
2017-06-06,1.008625,1.02114,1.00412,1.019385
2017-06-09,1.019385,1.01975,0.99617,0.997995
2017-06-14,0.997995,1.01066,0.99604,1.00666
2017-06-19,1.00666,1.01004,1.00264,1.006965
2017-06-22,1.006965,1.00972,0.99644,1.004655
2017-06-27,1.004655,1.00857,0.99209,0.99903
2017-06-30,0.99903,1.00098,0.98208,0.983555
2017-07-05,0.983555,0.9875,0.97714,0.97923
2017-07-10,0.97923,0.99239,0.9736,0.978945
2017-07-13,0.978945,0.99566,0.97847,0.990155
2017-07-18,0.990155,1.00594,0.98734,1.00195
2017-07-21,1.00195,1.0021,0.98887,0.992685
2017-07-26,0.992685,1.00242,0.98614,0.992935
2017-07-31,0.992935,1.00494,0.99262,1.001565
2017-08-03,1.001565,1.00461,0.99632,1.00329
2017-08-08,1.00329,1.0074,0.9973,1.003655
2017-08-11,1.003655,1.00377,0.99624,0.997615
2017-08-16,0.997615,1.00362,0.99489,0.99765
2017-08-21,0.99765,1.0001,0.99056,0.992185
2017-08-24,0.992185,0.99637,0.98706,0.99593
2017-08-29,0.99593,1.00034,0.98978,0.991805
2017-09-01,0.991805,0.99268,0.98508,0.989335
2017-09-06,0.989335,0.99276,0.96829,0.97918
2017-09-11,0.97918,0.97986,0.9694,0.972175
2017-09-14,0.972175,0.97988,0.97063,0.97866
2017-09-19,0.97866,0.9909,0.9773,0.97797
2017-09-22,0.97797,0.98404,0.97349,0.973575
2017-09-27,0.973575,0.98234,0.96994,0.97692
2017-10-02,0.97692,0.9815,0.97604,0.98118
2017-10-05,0.98118,0.98138,0.9718,0.97319
2017-10-10,0.97319,0.97694,0.96998,0.975695
2017-10-13,0.975695,0.98724,0.9756,0.982385
2017-10-18,0.982385,0.98736,0.97702,0.9869
2017-10-23,0.9869,0.98834,0.97553,0.985785
2017-10-26,0.985785,0.98807,0.98152,0.986675
2017-10-31,0.986675,0.9917,0.9833,0.98796
2017-11-03,0.98796,0.98858,0.97534,0.976905
2017-11-08,0.976905,0.97852,0.9708,0.971785
2017-11-13,0.971785,0.97328,0.96387,0.9687
2017-11-16,0.9687,0.97138,0.96123,0.967855
2017-11-21,0.967855,0.97128,0.96366,0.969585
2017-11-24,0.969585,0.97568,0.96592,0.973425
2017-11-29,0.973425,0.97848,0.96529,0.96574
2017-12-04,0.96574,0.96926,0.95792,0.96715
2017-12-07,0.96715,0.9696,0.964,0.967605
2017-12-12,0.967605,0.985845,0.96664,0.98102
2017-12-15,0.98102,0.9882,0.97849,0.987005
2017-12-20,0.987005,0.98767,0.97754,0.98165
2017-12-25,0.98165,0.98386,0.98002,0.983145
2017-12-28,0.983145,0.984225,0.97783,0.98188
2018-01-01,0.98188,0.9838,0.97761,0.982145
2018-01-04,0.982145,0.9851,0.97115,0.973955
2018-01-09,0.973955,0.99075,0.97202,0.988
2018-01-12,0.988,0.99102,0.98416,0.98985
2018-01-17,0.98985,1.00012,0.98626,0.99867
2018-01-22,0.99867,0.99957,0.99268,0.99568
2018-01-25,0.99568,1.00099,0.99143,0.99887
2018-01-30,0.99887,0.9997,0.98424,0.986125
2018-02-02,0.986125,0.99056,0.98068,0.987755
2018-02-07,0.987755,0.99033,0.9784,0.98289
2018-02-12,0.98289,0.99208,0.9822,0.9901
2018-02-15,0.9901,0.99526,0.98784,0.99392
2018-02-20,0.99392,0.99904,0.98928,0.996785
2018-02-23,0.996785,0.99784,0.98697,0.99516
2018-02-28,0.99516,1.00126,0.99131,1.00013
2018-03-05,1.00013,1.01366,0.99836,1.010005
2018-03-08,1.010005,1.0118,1.00106,1.01108
2018-03-13,1.01108,1.02429,1.0105,1.017875
2018-03-16,1.017875,1.01888,1.00396,1.00429
2018-03-21,1.00429,1.0058,0.991,0.99268
2018-03-26,0.99268,0.99874,0.98742,0.99019
2018-03-29,0.99019,0.99379,0.9874,0.98925
2018-04-03,0.98925,0.9923,0.97905,0.979855
2018-04-06,0.979855,0.98288,0.97743,0.97798
2018-04-11,0.97798,0.98125,0.97494,0.97936
2018-04-16,0.97936,0.98522,0.97368,0.98309
2018-04-19,0.98309,0.98578,0.9727,0.97704
2018-04-24,0.97704,0.97743,0.9711,0.97233
2018-04-27,0.97233,0.97392,0.96214,0.9625
2018-05-02,0.9625,0.9707,0.96074,0.96838
2018-05-07,0.96838,0.9707,0.957,0.95897
2018-05-10,0.95897,0.96643,0.95546,0.96433
2018-05-15,0.96433,0.96433,0.95886,0.9618
2018-05-18,0.9618,0.97164,0.96152,0.97108
2018-05-23,0.97108,0.98182,0.96884,0.97939
2018-05-28,0.97939,0.98387,0.97064,0.97554
2018-05-31,0.97554,0.98988,0.9715,0.98878
2018-06-05,0.98878,0.99346,0.9854,0.989
2018-06-08,0.989,0.99112,0.98167,0.98566
2018-06-13,0.98566,0.98814,0.97826,0.98066
2018-06-18,0.98066,0.98399,0.9739,0.98065
2018-06-21,0.98065,0.99369,0.97876,0.98574
2018-06-26,0.98574,0.98631,0.97353,0.9743
2018-06-29,0.9743,0.97899,0.96586,0.97054
2018-07-04,0.97054,0.97698,0.96851,0.97205
2018-07-09,0.97205,0.98135,0.9682,0.9732
2018-07-12,0.9732,0.97805,0.97254,0.97474
2018-07-17,0.97474,0.97965,0.97042,0.97613
2018-07-20,0.97613,0.97822,0.97035,0.97588
2018-07-25,0.97588,0.97879,0.96311,0.96633
2018-07-30,0.96633,0.97086,0.96107,0.96283
2018-08-02,0.96283,0.96325,0.95788,0.96056
2018-08-07,0.96056,0.97069,0.95995,0.96228
2018-08-10,0.96228,0.9627,0.94516,0.94544
2018-08-15,0.94544,0.95738,0.94182,0.95515
2018-08-20,0.95515,0.96126,0.95346,0.95552
2018-08-23,0.95552,0.95642,0.94744,0.95272
2018-08-28,0.95272,0.95342,0.94012,0.94292
2018-08-31,0.94292,0.94785,0.93634,0.94645
2018-09-05,0.94645,0.95179,0.93508,0.93518
2018-09-10,0.93518,0.93982,0.92714,0.93222
2018-09-13,0.93222,0.93908,0.93123,0.93602
2018-09-18,0.93602,0.94344,0.93326,0.94096
2018-09-21,0.94096,0.94228,0.93779,0.93906
2018-09-26,0.93906,0.94912,0.93152,0.93234
2018-10-01,0.93234,0.93234,0.91324,0.91414
2018-10-04,0.91414,0.9189,0.91053,0.91718
2018-10-09,0.91718,0.9289,0.91579,0.9283
2018-10-12,0.9283,0.93167,0.92238,0.9237
2018-10-17,0.9237,0.93658,0.92318,0.93276
2018-10-22,0.93276,0.93388,0.91758,0.92219
2018-10-25,0.92219,0.93104,0.91974,0.92684
2018-10-30,0.92684,0.94393,0.92642,0.94294
2018-11-02,0.94294,0.951,0.94146,0.951
2018-11-07,0.951,0.95688,0.94776,0.95456
2018-11-12,0.95456,0.95924,0.94886,0.95766
2018-11-15,0.95766,0.96544,0.95476,0.96072
2018-11-20,0.96072,0.96644,0.95602,0.9567
2018-11-23,0.9567,0.96248,0.95278,0.96049
2018-11-28,0.96049,0.97491,0.96029,0.97111
2018-12-03,0.97111,0.97756,0.96598,0.97071
2018-12-06,0.97071,0.97204,0.9567,0.96322
2018-12-11,0.96322,0.96778,0.96241,0.96503
2018-12-14,0.96503,0.9681,0.95728,0.96707
2018-12-19,0.96707,0.97032,0.95628,0.95685
2018-12-24,0.95685,0.96092,0.95613,0.95934
2018-12-27,0.95934,0.96312,0.9567,0.96135
2019-01-01,0.96135,0.96184,0.90969,0.94474
2019-01-04,0.94474,0.95417,0.94312,0.94764
2019-01-09,0.94764,0.95748,0.9458,0.95722
2019-01-14,0.95722,0.95784,0.95016,0.95027
2019-01-17,0.95027,0.95706,0.94896,0.95174
2019-01-22,0.95174,0.9555,0.94564,0.94712
2019-01-25,0.94712,0.95248,0.94484,0.94951
2019-01-30,0.94951,0.95804,0.94839,0.94987
2019-02-04,0.94987,0.95236,0.93858,0.93866
2019-02-07,0.93866,0.94548,0.93812,0.9393
2019-02-12,0.9393,0.94696,0.93834,0.94464
2019-02-15,0.94464,0.94839,0.94153,0.94656
2019-02-20,0.94656,0.94885,0.9319,0.93648
2019-02-25,0.93648,0.94756,0.93648,0.93936
2019-02-28,0.93936,0.94432,0.93162,0.9435
2019-03-05,0.9435,0.94787,0.93894,0.94398
2019-03-08,0.94398,0.94906,0.94193,0.94566
2019-03-13,0.94566,0.94732,0.93866,0.94491
2019-03-18,0.94491,0.94818,0.9413,0.94668
2019-03-21,0.94668,0.95485,0.94572,0.95318
2019-03-26,0.95318,0.95633,0.94858,0.95106
2019-03-29,0.95106,0.95348,0.94156,0.94308
2019-04-03,0.94308,0.95505,0.94156,0.95097
2019-04-08,0.95097,0.95556,0.94782,0.95508
2019-04-11,0.95508,0.96024,0.95192,0.95888
2019-04-16,0.95888,0.96146,0.95522,0.95655
2019-04-19,0.95655,0.95829,0.95025,0.95328
2019-04-24,0.95328,0.95386,0.94385,0.94765
2019-04-29,0.94765,0.95106,0.94182,0.94267
2019-05-02,0.94267,0.94504,0.93781,0.94022
2019-05-07,0.94022,0.94572,0.93739,0.94182
2019-05-10,0.94182,0.9432,0.9342,0.9349
2019-05-15,0.9349,0.93528,0.92302,0.92447
2019-05-20,0.92447,0.9313,0.92016,0.9246
2019-05-23,0.9246,0.93238,0.92335,0.92999
2019-05-28,0.92999,0.93688,0.92976,0.9331
2019-05-31,0.9331,0.93962,0.93272,0.93636
2019-06-05,0.93636,0.9375,0.92856,0.92891
2019-06-10,0.92891,0.92891,0.92123,0.92452
2019-06-13,0.92452,0.92504,0.91788,0.9192
2019-06-18,0.9192,0.9213,0.9114,0.9134
2019-06-21,0.9134,0.91962,0.91057,0.91654
2019-06-26,0.91654,0.92002,0.91558,0.91942
2019-07-01,0.91942,0.92052,0.91251,0.91806
2019-07-04,0.91806,0.92012,0.91154,0.91322
2019-07-09,0.91322,0.9138,0.9073,0.91138
2019-07-12,0.91138,0.91917,0.91048,0.91776
2019-07-17,0.91776,0.92428,0.91418,0.91955
2019-07-22,0.91955,0.92474,0.91618,0.9168
2019-07-25,0.9168,0.91737,0.90758,0.9084
2019-07-30,0.9084,0.90959,0.89824,0.8987
2019-08-02,0.8987,0.90131,0.89145,0.89786
2019-08-07,0.89786,0.9052,0.88898,0.8973
2019-08-12,0.8973,0.90102,0.89222,0.89873
2019-08-15,0.89873,0.90482,0.89783,0.90124
2019-08-20,0.90124,0.90465,0.89782,0.89867
2019-08-23,0.89867,0.90142,0.89068,0.89686
2019-08-28,0.89686,0.89878,0.89114,0.89654
2019-09-02,0.89654,0.90515,0.89246,0.89881
2019-09-05,0.89881,0.90545,0.8984,0.90381
2019-09-10,0.90381,0.90898,0.90049,0.9069
2019-09-13,0.9069,0.9145,0.90532,0.90927
2019-09-18,0.90927,0.91036,0.89658,0.89724
2019-09-23,0.89724,0.90197,0.89504,0.89576
2019-09-26,0.89576,0.8978,0.89228,0.8937
2019-10-01,0.8937,0.90008,0.88357,0.89931
2019-10-04,0.89931,0.90266,0.89512,0.89666
2019-10-09,0.89666,0.90376,0.8955,0.8969
2019-10-14,0.8969,0.8978,0.88809,0.89242
2019-10-17,0.89242,0.90214,0.89128,0.89894
2019-10-22,0.89894,0.90028,0.89102,0.89103
2019-10-25,0.89103,0.89932,0.89034,0.89835
2019-10-30,0.89835,0.912,0.89674,0.90866
2019-11-04,0.90866,0.9098,0.9046,0.90738
2019-11-07,0.90738,0.91102,0.905,0.90653
2019-11-12,0.90653,0.90768,0.89756,0.8991
2019-11-15,0.8991,0.90605,0.89669,0.90579
2019-11-20,0.90579,0.90698,0.90028,0.90258
2019-11-25,0.90258,0.90431,0.89926,0.90011
2019-11-28,0.90011,0.90776,0.89734,0.90748
2019-12-03,0.90748,0.91186,0.89801,0.90004
2019-12-06,0.90004,0.90764,0.90004,0.90089
2019-12-11,0.90089,0.91398,0.90062,0.90579
2019-12-16,0.90579,0.9073,0.89818,0.89888
2019-12-19,0.89888,0.91128,0.89822,0.91008
2019-12-24,0.91008,0.9122,0.9087,0.91095
2019-12-27,0.91095,0.91512,0.91009,0.91142
2020-01-01,0.91142,0.91142,0.90052,0.90327
2020-01-06,0.90327,0.90327,0.89042,0.89526
2020-01-09,0.89526,0.90328,0.89476,0.90134
2020-01-14,0.90134,0.90388,0.89815,0.89956
2020-01-17,0.89956,0.90125,0.89458,0.89472
2020-01-22,0.89472,0.90496,0.8932,0.89696
2020-01-27,0.89696,0.89714,0.8887,0.89133
2020-01-30,0.89133,0.89146,0.88437,0.88922
2020-02-04,0.88922,0.8996,0.8884,0.89424
2020-02-07,0.89424,0.89505,0.88682,0.89219
2020-02-12,0.89219,0.8954,0.88867,0.88968
2020-02-17,0.88968,0.89138,0.8825,0.88274
2020-02-20,0.88274,0.88472,0.87298,0.878
2020-02-25,0.878,0.88115,0.87158,0.87984
2020-02-28,0.87984,0.88602,0.86405,0.88116
2020-03-04,0.88116,0.89254,0.88013,0.89091
2020-03-09,0.89091,0.90604,0.86764,0.89322
2020-03-12,0.89322,0.89479,0.84335,0.85727
2020-03-17,0.85727,0.8614,0.80685,0.8336
2020-03-20,0.8336,0.86368,0.82312,0.86178
2020-03-25,0.86178,0.86898,0.83673,0.86191
2020-03-30,0.86191,0.88074,0.85713,0.86161
2020-04-02,0.86161,0.86392,0.84704,0.85897
2020-04-07,0.85897,0.88782,0.85779,0.88616
2020-04-10,0.88616,0.89572,0.88309,0.89436
2020-04-15,0.89436,0.8969,0.88462,0.89127
2020-04-20,0.89127,0.9005,0.8898,0.8953
2020-04-23,0.8953,0.90982,0.89187,0.90725
2020-04-28,0.90725,0.91222,0.90269,0.90818
2020-05-01,0.90818,0.90883,0.90082,0.9035
2020-05-06,0.9035,0.91254,0.90218,0.90975
2020-05-11,0.90975,0.9143,0.90442,0.91025
2020-05-14,0.91025,0.91166,0.90234,0.90931
2020-05-19,0.90931,0.91845,0.9086,0.9161
2020-05-22,0.9161,0.9202,0.91275,0.91655
2020-05-27,0.91655,0.9192,0.90646,0.91757
2020-06-01,0.91757,0.94158,0.91715,0.93407
2020-06-04,0.93407,0.94448,0.93042,0.93959
2020-06-09,0.93959,0.94104,0.92935,0.9342
2020-06-12,0.9342,0.94276,0.92711,0.93272
2020-06-17,0.93272,0.93748,0.92913,0.93009
2020-06-22,0.93009,0.94217,0.92725,0.93672
2020-06-25,0.93672,0.9407,0.9349,0.93801
2020-06-30,0.93801,0.94299,0.93487,0.93964
2020-07-03,0.93964,0.9477,0.93856,0.94514
2020-07-08,0.94514,0.94726,0.94185,0.9447
2020-07-13,0.9447,0.95445,0.94334,0.94675
2020-07-16,0.94675,0.95118,0.94342,0.94956
2020-07-21,0.94956,0.96408,0.94814,0.95176
2020-07-24,0.95176,0.95954,0.94912,0.95778
2020-07-29,0.95778,0.9697,0.95538,0.95792
2020-08-03,0.95792,0.95928,0.95062,0.95406
2020-08-06,0.95406,0.96401,0.95359,0.95442
2020-08-11,0.95442,0.95738,0.94387,0.94551
2020-08-14,0.94551,0.95604,0.94379,0.95377
2020-08-19,0.95377,0.95608,0.943,0.94366
2020-08-24,0.94366,0.9521,0.94272,0.9508
2020-08-27,0.9508,0.96526,0.94927,0.9623
2020-09-01,0.9623,0.96441,0.95415,0.95476
2020-09-04,0.95476,0.95705,0.9487,0.95498
2020-09-09,0.95498,0.96204,0.95315,0.95992
2020-09-14,0.95992,0.96684,0.95734,0.96274
2020-09-17,0.96274,0.96581,0.95766,0.9611
2020-09-22,0.9611,0.96232,0.94076,0.94153
2020-09-25,0.94153,0.95541,0.93915,0.95486
2020-09-30,0.95486,0.95834,0.94978,0.95301
2020-10-05,0.95301,0.95504,0.9449,0.94626
2020-10-08,0.94626,0.95035,0.94446,0.94538
2020-10-13,0.94538,0.94609,0.93264,0.93788
2020-10-16,0.93788,0.9385,0.92504,0.92526
2020-10-21,0.92526,0.93904,0.9248,0.937
2020-10-26,0.937,0.94342,0.93572,0.93872
2020-10-29,0.93872,0.94067,0.9325,0.9325
2020-11-03,0.9325,0.9512,0.92996,0.95004
2020-11-06,0.95004,0.9516,0.94353,0.94934
2020-11-11,0.94934,0.95628,0.94805,0.95506
2020-11-16,0.95506,0.95923,0.95342,0.95594
2020-11-19,0.95594,0.95762,0.94997,0.95346
2020-11-24,0.95346,0.95987,0.95287,0.95822
2020-11-27,0.95822,0.962,0.9518,0.95364
2020-12-02,0.95364,0.9606,0.94903,0.94926
2020-12-07,0.94926,0.95666,0.94574,0.95398
2020-12-10,0.95398,0.96528,0.9522,0.9616
2020-12-15,0.9616,0.97129,0.95872,0.96968
2020-12-18,0.96968,0.97579,0.96596,0.97118
2020-12-23,0.97118,0.9779,0.97038,0.97739
2020-12-28,0.97739,0.98139,0.97288,0.98036
2020-12-31,0.98036,0.9859,0.97873,0.9791
2021-01-01,0.9791,0.98598,0.97744,0.98308
2021-01-06,0.98308,0.99012,0.98158,0.98466
2021-01-11,0.98466,0.98896,0.9813,0.98208
2021-01-14,0.98208,0.98546,0.97874,0.9799
2021-01-19,0.9799,0.98334,0.97738,0.98107
2021-01-22,0.98107,0.98512,0.97859,0.98336
2021-01-27,0.98336,0.98584,0.976,0.97654
2021-02-01,0.97654,0.98256,0.97147,0.97404
2021-02-04,0.97404,0.98386,0.9728,0.98094
2021-02-09,0.98094,0.98514,0.97996,0.98496
2021-02-12,0.98496,0.98626,0.98248,0.98413
2021-02-17,0.98413,0.99356,0.98222,0.99285
2021-02-22,0.99285,0.99902,0.99254,0.99706
2021-02-25,0.99706,0.99938,0.97894,0.98302
2021-03-02,0.98302,0.98989,0.9778,0.97815
2021-03-05,0.97815,0.97886,0.96662,0.97568
2021-03-10,0.97568,0.9797,0.96711,0.96851
2021-03-15,0.96851,0.9698,0.96098,0.96714
2021-03-18,0.96714,0.97196,0.96458,0.96998
2021-03-23,0.96998,0.97061,0.95348,0.95616
2021-03-26,0.95616,0.96438,0.95534,0.95974
2021-03-31,0.95974,0.96078,0.9491,0.9566
2021-04-05,0.9566,0.96506,0.95504,0.96
2021-04-08,0.96,0.96304,0.95342,0.95763
2021-04-13,0.95763,0.97297,0.95578,0.97232
2021-04-16,0.97232,0.97562,0.96534,0.97452
2021-04-21,0.97452,0.97593,0.96204,0.96646
2021-04-26,0.96646,0.97092,0.95763,0.95946
2021-04-29,0.95946,0.96074,0.94559,0.95302
2021-05-04,0.95302,0.95334,0.94538,0.9457
2021-05-07,0.9457,0.95573,0.94507,0.94915
2021-05-12,0.94915,0.94944,0.93388,0.94154
2021-05-17,0.94154,0.94359,0.93356,0.93748
2021-05-20,0.93748,0.93983,0.93046,0.93382
2021-05-25,0.93382,0.94096,0.93298,0.93441
2021-05-28,0.93441,0.93684,0.92895,0.936
2021-06-02,0.936,0.93724,0.92615,0.93547
2021-06-07,0.93547,0.93869,0.93228,0.93643
2021-06-10,0.93643,0.93936,0.93413,0.9367
2021-06-15,0.9367,0.93968,0.93142,0.93281
2021-06-18,0.93281,0.93612,0.92834,0.9296
2021-06-23,0.9296,0.93603,0.92842,0.93316
2021-06-28,0.93316,0.9347,0.92758,0.92986
2021-07-01,0.92986,0.93086,0.92484,0.92933
2021-07-06,0.92933,0.9377,0.92881,0.93144
2021-07-09,0.93144,0.93553,0.92951,0.93199
2021-07-14,0.93199,0.93762,0.9299,0.9331
2021-07-19,0.9331,0.94196,0.92172,0.92378
2021-07-22,0.92378,0.92976,0.92272,0.92608
2021-07-27,0.92608,0.9285,0.91986,0.92073
2021-07-30,0.92073,0.92782,0.91464,0.92706
2021-08-04,0.92706,0.93116,0.92296,0.92345
2021-08-09,0.92345,0.92453,0.91816,0.92204
2021-08-12,0.92204,0.92334,0.91762,0.92256
2021-08-17,0.92256,0.92294,0.91197,0.9169
2021-08-20,0.9169,0.92068,0.91136,0.9141
2021-08-25,0.9141,0.92316,0.91287,0.92303
2021-08-30,0.92303,0.93046,0.91826,0.92978
2021-09-02,0.92978,0.93504,0.92852,0.93243
2021-09-07,0.93243,0.93769,0.92979,0.93313
2021-09-10,0.93313,0.93467,0.92723,0.9292
2021-09-15,0.9292,0.93011,0.92308,0.92783
2021-09-20,0.92783,0.93162,0.92382,0.92492
2021-09-23,0.92492,0.92546,0.9153,0.92025
2021-09-28,0.92025,0.92121,0.91432,0.9164
2021-10-01,0.9164,0.92106,0.91452,0.91752
2021-10-06,0.91752,0.91922,0.91052,0.91143
2021-10-11,0.91143,0.9201,0.9094,0.91801
2021-10-14,0.91801,0.91938,0.91486,0.9175
2021-10-19,0.9175,0.92791,0.91702,0.9237
2021-10-22,0.9237,0.93046,0.92226,0.9294
2021-10-27,0.9294,0.93374,0.92502,0.93123
2021-11-01,0.93123,0.93232,0.9204,0.92267
2021-11-04,0.92267,0.92498,0.91803,0.92374
2021-11-09,0.92374,0.9242,0.91259,0.91728
2021-11-12,0.91728,0.92308,0.91648,0.91732
2021-11-17,0.91732,0.91908,0.91381,0.9141
2021-11-22,0.9141,0.92046,0.91026,0.91143
2021-11-25,0.91143,0.91348,0.90692,0.9099
2021-11-30,0.9099,0.9153,0.90641,0.90824
2021-12-03,0.90824,0.90988,0.89722,0.89995
2021-12-08,0.89995,0.91288,0.89966,0.91288
2021-12-13,0.91288,0.92143,0.90898,0.92059
2021-12-16,0.92059,0.92321,0.91562,0.92033
2021-12-21,0.92033,0.9288,0.91862,0.92762
2021-12-24,0.92762,0.92883,0.92415,0.92625
2021-12-29,0.92625,0.93037,0.91678,0.91885
2022-01-03,0.91885,0.92396,0.91616,0.921
2022-01-06,0.921,0.92152,0.90694,0.90935
2022-01-11,0.90935,0.91288,0.90374,0.9115
2022-01-14,0.9115,0.91181,0.89804,0.89895
2022-01-19,0.89895,0.90724,0.89768,0.90284
2022-01-24,0.90284,0.90594,0.89792,0.90136
2022-01-27,0.90136,0.90258,0.89082,0.89818
2022-02-01,0.89818,0.90786,0.89458,0.90495
2022-02-04,0.90495,0.90812,0.90058,0.90778
2022-02-09,0.90778,0.91659,0.90609,0.90798
2022-02-14,0.90798,0.91384,0.90547,0.91334
2022-02-17,0.91334,0.91962,0.91008,0.91686
2022-02-22,0.91686,0.92408,0.9136,0.91805
2022-02-25,0.91805,0.92496,0.9146,0.9244
2022-03-02,0.9244,0.93992,0.92022,0.93866
2022-03-07,0.93866,0.94626,0.9327,0.93771
2022-03-10,0.93771,0.94154,0.92176,0.92176
2022-03-15,0.92176,0.93468,0.91716,0.93132
2022-03-18,0.93132,0.93952,0.92908,0.93877
2022-03-23,0.93877,0.94403,0.93703,0.9377
2022-03-28,0.9377,0.94154,0.93402,0.93748
2022-03-31,0.93748,0.94361,0.934,0.942
2022-04-05,0.942,0.95162,0.93833,0.94178
2022-04-08,0.94178,0.94459,0.93592,0.94239
2022-04-13,0.94239,0.9434,0.93205,0.9328
2022-04-18,0.9328,0.93494,0.92622,0.93091
2022-04-21,0.93091,0.93142,0.91091,0.91464
2022-04-26,0.91464,0.92041,0.90716,0.90918
2022-04-29,0.90918,0.91758,0.9049,0.91098
2022-05-04,0.91098,0.92628,0.90844,0.91343
2022-05-09,0.91343,0.91343,0.90084,0.9018
2022-05-12,0.9018,0.90244,0.89192,0.89542
2022-05-17,0.89542,0.90534,0.89472,0.90368
2022-05-20,0.90368,0.91138,0.89871,0.91134
2022-05-25,0.91134,0.91302,0.90396,0.91076
2022-05-30,0.91076,0.91313,0.90503,0.90823
2022-06-02,0.90823,0.91471,0.9041,0.90498
2022-06-07,0.90498,0.91108,0.89844,0.90118
2022-06-10,0.90118,0.90882,0.88836,0.89037
2022-06-15,0.89037,0.91342,0.88845,0.90348
2022-06-20,0.90348,0.90884,0.89388,0.89675
2022-06-23,0.89675,0.8981,0.89024,0.89154
2022-06-28,0.89154,0.89376,0.88446,0.8889
2022-07-01,0.8889,0.88896,0.87462,0.88576
2022-07-06,0.88576,0.89024,0.88273,0.88665
2022-07-11,0.88665,0.88774,0.87359,0.87708
2022-07-14,0.87708,0.88759,0.87522,0.88461
2022-07-19,0.88461,0.89338,0.88297,0.8923
2022-07-22,0.8923,0.89648,0.88871,0.89386
2022-07-27,0.89386,0.89946,0.88812,0.89456
2022-08-01,0.89456,0.90335,0.88776,0.89242
2022-08-04,0.89242,0.9005,0.89152,0.89783
2022-08-09,0.89783,0.9096,0.89542,0.9072
2022-08-12,0.9072,0.91067,0.90146,0.90192
2022-08-17,0.90192,0.90264,0.89214,0.8935
2022-08-22,0.8935,0.90098,0.89218,0.89608
2022-08-25,0.89608,0.90513,0.89424,0.8979
2022-08-30,0.8979,0.90267,0.8917,0.893
2022-09-02,0.893,0.8989,0.88504,0.88588
2022-09-07,0.88588,0.89352,0.88172,0.8912
2022-09-12,0.8912,0.89626,0.88468,0.88844
2022-09-15,0.88844,0.89284,0.8853,0.89134
2022-09-20,0.89134,0.89682,0.88966,0.89608
2022-09-23,0.89608,0.89653,0.88142,0.8831
2022-09-28,0.8831,0.89114,0.8782,0.88565
2022-10-03,0.88565,0.88965,0.87506,0.88388
2022-10-06,0.88388,0.88777,0.86295,0.86796
2022-10-11,0.86796,0.8706,0.86048,0.86607
2022-10-14,0.86607,0.87013,0.86053,0.86656
2022-10-19,0.86656,0.87197,0.85993,0.87088
2022-10-24,0.87088,0.8834,0.86206,0.8808
2022-10-27,0.8808,0.88319,0.87006,0.87158
2022-11-01,0.87158,0.87968,0.8636,0.86453
2022-11-04,0.86453,0.87756,0.86362,0.87348
2022-11-09,0.87348,0.88984,0.86628,0.88894
2022-11-14,0.88894,0.9016,0.88505,0.89845
2022-11-17,0.89845,0.89951,0.88656,0.88862
2022-11-22,0.88862,0.90354,0.88755,0.9023
2022-11-25,0.9023,0.91298,0.89584,0.9082
2022-11-30,0.9082,0.91893,0.9041,0.91555
2022-12-05,0.91555,0.91912,0.90964,0.91806
2022-12-08,0.91806,0.92828,0.91627,0.91985
2022-12-13,0.91985,0.9331,0.91244,0.91435
2022-12-16,0.91435,0.91878,0.90431,0.90933
2022-12-21,0.90933,0.91874,0.90641,0.91268
2022-12-26,0.91268,0.91926,0.90895,0.91684
2022-12-29,0.91684,0.92406,0.91196,0.9235
2023-01-02,0.9235,0.9346,0.9122,0.92168
2023-01-05,0.92168,0.9302,0.91456,0.92564
2023-01-10,0.92564,0.93274,0.9203,0.93154
2023-01-13,0.93154,0.93754,0.92894,0.93548
2023-01-18,0.93548,0.94449,0.92814,0.93246
2023-01-23,0.93246,0.95168,0.93215,0.95156
2023-01-26,0.95156,0.95489,0.94264,0.94518
2023-01-31,0.94518,0.94982,0.93721,0.94225
2023-02-03,0.94225,0.94324,0.92276,0.93236
2023-02-08,0.93236,0.93812,0.92257,0.92342
2023-02-13,0.92342,0.93391,0.92146,0.92475
2023-02-16,0.92475,0.93086,0.92073,0.92966
2023-02-21,0.92966,0.93113,0.9202,0.92225
2023-02-24,0.92225,0.92346,0.91026,0.91822
2023-03-01,0.91822,0.9217,0.91406,0.92061
2023-03-06,0.92061,0.92061,0.90459,0.90939
2023-03-09,0.90939,0.919,0.90858,0.91548
2023-03-14,0.91548,0.91692,0.9087,0.91318
2023-03-17,0.91318,0.92179,0.91054,0.91467
2023-03-22,0.91467,0.92321,0.91257,0.9135
2023-03-27,0.9135,0.91468,0.90581,0.90624
2023-03-30,0.90624,0.91273,0.8988,0.91191
2023-04-04,0.91191,0.91231,0.89756,0.90024
2023-04-07,0.90024,0.90271,0.89566,0.89582
2023-04-12,0.89582,0.90682,0.89524,0.89646
2023-04-17,0.89646,0.90468,0.89436,0.90358
2023-04-20,0.90358,0.9107,0.90192,0.9067
2023-04-25,0.9067,0.90738,0.89874,0.90102
2023-04-28,0.90102,0.91068,0.89508,0.90782
2023-05-03,0.90782,0.91064,0.90269,0.90316
2023-05-08,0.90316,0.90938,0.90206,0.90637
2023-05-11,0.90637,0.90816,0.89942,0.90226
2023-05-16,0.90226,0.90332,0.891,0.89411
2023-05-19,0.89411,0.90118,0.89222,0.89244
2023-05-24,0.89244,0.89302,0.88614,0.88798
2023-05-29,0.88798,0.89052,0.87838,0.88282
2023-06-01,0.88282,0.89158,0.88074,0.88962
2023-06-06,0.88962,0.89886,0.88822,0.89704
2023-06-09,0.89704,0.90639,0.89458,0.90089
2023-06-14,0.90089,0.91174,0.90042,0.90798
2023-06-19,0.90798,0.90821,0.89103,0.89468
2023-06-22,0.89468,0.8953,0.87739,0.87818
2023-06-27,0.87818,0.88386,0.87442,0.87698
2023-06-30,0.87698,0.88596,0.87538,0.88491
2023-07-05,0.88491,0.88914,0.88198,0.88858
2023-07-10,0.88858,0.89613,0.88095,0.89516
2023-07-13,0.89516,0.90567,0.8943,0.89976
2023-07-18,0.89976,0.90159,0.88954,0.8929
2023-07-21,0.8929,0.89578,0.88621,0.89466
2023-07-26,0.89466,0.89812,0.87726,0.88073
2023-07-31,0.88073,0.8875,0.87109,0.87304
2023-08-03,0.87304,0.88221,0.87139,0.87889
2023-08-08,0.87889,0.88486,0.87445,0.87614
2023-08-11,0.87614,0.87818,0.86896,0.8713
2023-08-16,0.8713,0.87364,0.86252,0.86788
2023-08-21,0.86788,0.87726,0.86536,0.87652
2023-08-24,0.87652,0.87687,0.86971,0.8744
2023-08-29,0.8744,0.88222,0.87267,0.8759
2023-09-01,0.8759,0.8827,0.8672,0.87012
2023-09-06,0.87012,0.8758,0.86816,0.87004
2023-09-11,0.87004,0.87606,0.86668,0.87004
2023-09-14,0.87004,0.87384,0.86665,0.8681
2023-09-19,0.8681,0.87292,0.86328,0.86498
2023-09-22,0.86498,0.86963,0.86196,0.86464
2023-09-27,0.86464,0.87405,0.85648,0.87368
2023-10-02,0.87368,0.87442,0.86248,0.86939
2023-10-05,0.86939,0.87456,0.8659,0.87124
2023-10-10,0.87124,0.87486,0.86398,0.86437
2023-10-13,0.86437,0.86944,0.85848,0.86878
2023-10-18,0.86878,0.87118,0.86322,0.86605
2023-10-23,0.86605,0.87884,0.86316,0.87055
2023-10-26,0.87055,0.8835,0.86641,0.88148
2023-10-31,0.88148,0.89073,0.87651,0.88388
2023-11-03,0.88388,0.89097,0.88134,0.886
2023-11-08,0.886,0.88748,0.87706,0.8777
2023-11-13,0.8777,0.89372,0.87662,0.89066
2023-11-16,0.89066,0.90095,0.88582,0.89998
2023-11-21,0.89998,0.9035,0.89516,0.89814
2023-11-24,0.89814,0.9042,0.89525,0.9024
2023-11-29,0.9024,0.90426,0.89365,0.9009
2023-12-04,0.9009,0.90231,0.88897,0.89022
2023-12-07,0.89022,0.89958,0.88778,0.8915
2023-12-12,0.8915,0.9061,0.88972,0.89802
2023-12-15,0.89802,0.90382,0.89296,0.9016
2023-12-20,0.9016,0.90518,0.89902,0.90216
2023-12-25,0.90216,0.90502,0.89878,0.90445
2023-12-28,0.90445,0.9065,0.89862,0.90284
2024-01-01,0.90284,0.9058,0.89546,0.89879
2024-01-04,0.89879,0.90065,0.88974,0.89691
2024-01-09,0.89691,0.89864,0.89262,0.89578
2024-01-12,0.89578,0.89816,0.88776,0.88842
2024-01-17,0.88842,0.8893,0.88145,0.886
2024-01-22,0.886,0.89089,0.8838,0.88942
2024-01-25,0.88942,0.89158,0.88377,0.88678
2024-01-30,0.88678,0.88782,0.87579,0.87973
2024-02-02,0.87973,0.8841,0.87425,0.88014
2024-02-07,0.88014,0.88146,0.87264,0.87812
2024-02-12,0.87812,0.87982,0.87374,0.87914
2024-02-15,0.87914,0.88243,0.87728,0.88228
2024-02-20,0.88228,0.889,0.88102,0.88399
2024-02-23,0.88399,0.88699,0.88172,0.8853
2024-02-28,0.8853,0.88602,0.88066,0.88492
2024-03-04,0.88492,0.88892,0.88059,0.88708
2024-03-07,0.88708,0.89504,0.88673,0.89166
2024-03-12,0.89166,0.89448,0.88904,0.89058
2024-03-15,0.89058,0.89102,0.88318,0.88615
2024-03-20,0.88615,0.89296,0.88355,0.88644
2024-03-25,0.88644,0.88988,0.88541,0.8865
2024-03-28,0.8865,0.88768,0.88012,0.88076
2024-04-02,0.88076,0.8937,0.88024,0.89216
2024-04-05,0.89216,0.90074,0.89086,0.8996
2024-04-10,0.8996,0.89992,0.88968,0.89016
2024-04-15,0.89016,0.89266,0.88417,0.88629
2024-04-18,0.88629,0.88796,0.87817,0.8835
2024-04-23,0.8835,0.89372,0.88305,0.89022
2024-04-26,0.89022,0.89792,0.89012,0.89181
2024-05-01,0.89181,0.90598,0.89094,0.90452
2024-05-06,0.90452,0.90767,0.90164,0.90293
2024-05-09,0.90293,0.90608,0.90122,0.9031
2024-05-14,0.9031,0.9125,0.90066,0.90948
2024-05-17,0.90948,0.91258,0.90679,0.91013
2024-05-22,0.91013,0.91085,0.90481,0.90572
2024-05-27,0.90572,0.90988,0.90526,0.9068
2024-05-30,0.9068,0.91178,0.9051,0.91159
2024-06-04,0.91159,0.91353,0.9079,0.91122
2024-06-07,0.91122,0.91302,0.90458,0.90881
2024-06-12,0.90881,0.91827,0.90772,0.90847
2024-06-17,0.90847,0.91576,0.90574,0.91446
2024-06-20,0.9145,0.91546,0.90829,0.90912
2024-06-25,0.909,0.91369,0.90598,0.91064
2024-06-28,0.91065,0.91561,0.90898,0.9119
2024-07-03,0.91186,0.9209,0.9116,0.92066
2024-07-08,0.91926,0.92142,0.91737,0.91896
2024-07-11,0.9189,0.92642,0.91835,0.92488
2024-07-16,0.92483,0.9251,0.91869,0.91913
2024-07-19,0.9189,0.91954,0.91028,0.91188
2024-07-24,0.91188,0.91198,0.90174,0.90586
2024-07-29,0.90606,0.90848,0.89739,0.90327
2024-08-01,0.90286,0.90648,0.88536,0.89816
2024-08-06,0.89818,0.90545,0.89505,0.90537
2024-08-09,0.90513,0.91007,0.90158,0.90926
2024-08-14,0.909,0.91324,0.90172,0.91234
2024-08-19,0.91202,0.91966,0.91141,0.91677
2024-08-22,0.91676,0.9185,0.91145,0.91316
2024-08-27,0.91332,0.91812,0.91172,0.91666
2024-08-30,0.91659,0.91818,0.9091,0.9094
2024-09-04,0.91019,0.91236,0.90415,0.90526
2024-09-09,0.90486,0.90658,0.90182,0.906
2024-09-12,0.90618,0.91754,0.90392,0.91734
2024-09-17,0.91712,0.92688,0.9165,0.92378
2024-09-20,0.9238,0.92804,0.92143,0.92563
2024-09-25,0.92549,0.9349,0.91922,0.9328
2024-09-30,0.93238,0.93772,0.92701,0.9296
2024-10-03,0.9287,0.93018,0.91948,0.92037
2024-10-08,0.92066,0.92654,0.91551,0.92608
2024-10-11,0.92564,0.93048,0.92296,0.9235
2024-10-16,0.9234,0.92674,0.91614,0.92544
2024-10-21,0.92548,0.92801,0.91586,0.91792
2024-10-24,0.9175,0.92078,0.91422,0.91429
2024-10-29,0.91486,0.91752,0.90996,0.917
2024-11-01,0.91728,0.92052,0.91386,0.91773
2024-11-06,0.91772,0.92712,0.90726,0.91588
2024-11-11,0.91593,0.91828,0.90632,0.90794
2024-11-14,0.90775,0.91235,0.90449,0.91207
2024-11-19,0.91182,0.91394,0.90739,0.90992
2024-11-22,0.90971,0.91652,0.90691,0.90989
2024-11-27,0.90958,0.91392,0.90766,0.91283
2024-12-02,0.91108,0.91282,0.90009,0.90493
2024-12-05,0.90432,0.91356,0.90088,0.91268
2024-12-10,0.91196,0.91302,0.89837,0.90556
2024-12-13,0.9055,0.90797,0.904,0.90668
2024-12-18,0.9068,0.90797,0.8956,0.89868
2024-12-23,0.89902,0.90038,0.8947,0.8962
2024-12-26,0.89484,0.89912,0.89256,0.89311
2024-12-31,0.89298,0.8942,0.88957,0.88998
2025-01-01,0.89004,0.899,0.88922,0.89778
2025-01-06,0.89819,0.90184,0.89078,0.89354
2025-01-09,0.89352,0.89409,0.8851,0.88815
2025-01-14,0.88764,0.89586,0.88668,0.89417
2025-01-17,0.8942,0.90354,0.89108,0.89854
2025-01-22,0.89858,0.90678,0.89691,0.9058
2025-01-27,0.90563,0.90604,0.89704,0.89864
2025-01-30,0.89863,0.90944,0.89514,0.89842
2025-02-04,0.89753,0.90057,0.89386,0.89894
2025-02-07,0.8989,0.9019,0.89518,0.89922
2025-02-12,0.89937,0.9018,0.89324,0.90075
2025-02-17,0.89947,0.90416,0.89946,0.90332
2025-02-20,0.9031,0.90815,0.90117,0.90543
2025-02-25,0.90562,0.90884,0.89992,0.90016
2025-02-28,0.9,0.90554,0.89519,0.90278
2025-03-05,0.90262,0.91087,0.90054,0.9064
2025-03-10,0.90697,0.9125,0.90408,0.90818
2025-03-13,0.90789,0.9129,0.9024,0.91224
2025-03-18,0.9121,0.91304,0.90131,0.90264
2025-03-21,0.90227,0.90336,0.89728,0.89992
2025-03-26,0.89986,0.90348,0.89739,0.89986
2025-03-31,0.8996,0.90454,0.89422,0.89728
2025-04-03,0.89472,0.89837,0.84573,0.85308
2025-04-08,0.85314,0.87458,0.84416,0.87038
2025-04-11,0.8705,0.88794,0.86214,0.8857
2025-04-16,0.88566,0.8875,0.87964,0.88298
2025-04-21,0.88192,0.89016,0.87901,0.88258
2025-04-24,0.8825,0.88994,0.88004,0.88948
2025-04-29,0.88936,0.89124,0.87978,0.88426
2025-05-02,0.8843,0.8964,0.88298,0.89466
2025-05-07,0.8947,0.89728,0.888,0.89362
2025-05-12,0.89254,0.90432,0.88925,0.89882
2025-05-15,0.89876,0.90132,0.89242,0.90085
2025-05-20,0.89973,0.90118,0.88798,0.88816
2025-05-23,0.88882,0.89516,0.88585,0.8899
2025-05-28,0.89024,0.89126,0.88339,0.88386
2025-06-02,0.88413,0.89116,0.88355,0.88804
2025-06-05,0.8878,0.89334,0.88714,0.89259
2025-06-10,0.89192,0.89476,0.88551,0.8884
2025-06-13,0.88858,0.88927,0.87976,0.88564
2025-06-18,0.88562,0.89282,0.88514,0.88599
2025-06-23,0.88433,0.89408,0.87905,0.89394
2025-06-26,0.89326,0.89674,0.89062,0.89556
2025-07-01,0.89435,0.89836,0.89014,0.89262
2025-07-04,0.8926,0.89444,0.88662,0.89216
2025-07-09,0.89237,0.90226,0.891,0.90018
2025-07-14,0.89948,0.90118,0.89297,0.89309
2025-07-17,0.89322,0.89626,0.88766,0.89265
2025-07-22,0.89268,0.90096,0.89042,0.89859
2025-07-25,0.89848,0.90154,0.8938,0.89644
2025-07-30,0.89701,0.89833,0.88814,0.89178
2025-08-04,0.8908,0.89496,0.89,0.89358
2025-08-07,0.89392,0.8981,0.89274,0.89734
2025-08-12,0.89698,0.90282,0.8947,0.89733
2025-08-15,0.89678,0.9004,0.89418,0.89503
2025-08-20,0.89597,0.89918,0.8904,0.89775
2025-08-25,0.89748,0.8995,0.89524,0.8972
2025-08-28,0.89685,0.9019,0.8966,0.90116
2025-09-02,0.90073,0.90368,0.89535,0.90059
2025-09-05,0.90007,0.9135,0.90002,0.91168
2025-09-10,0.91204,0.92273,0.91122,0.92076
2025-09-15,0.91924,0.92227,0.9155,0.9163
2025-09-18,0.91599,0.91698,0.90765,0.91188
2025-09-23,0.91169,0.91408,0.91021,0.91304