pair,pivot_type,htf_first_candle_time,htf_second_candle_time,htf_gap_low,htf_gap_high,htf_gap_width,htf_wick_diff_low,htf_wick_diff_high,ltf,wd_first_candle_time,wd_second_candle_time,wd_zone_low,wd_zone_high,wd_zone_width,wd_zone_pct_of_htf_gap,htf_first_touch_time,pending_until_htf_touch,inside_or_outside
NZDCAD,long,2015-06-01 00:00,2015-07-01 00:00,0.83581,0.84534,0.009529999999999927,0.83581,0.83841,3D,2015-07-01 00:00,2015-07-06 00:00,0.83841,0.838865,0.0004549999999999832,0.047743966421824414,2015-08-03 00:00,False,OUTSIDE
NZDCAD,long,2016-04-01 00:00,2016-05-02 00:00,0.85922,0.87593,0.016710000000000003,0.85922,0.86946,3D,2016-05-24 00:00,2016-05-27 00:00,0.86946,0.871685,0.0022250000000000325,0.13315380011969075,2017-09-01 00:00,False,OUTSIDE
NZDCAD,long,2020-08-03 00:00,2020-09-01 00:00,0.85769,0.87857,0.02088000000000001,0.85769,0.87261,3D,2020-09-22 00:00,2020-09-25 00:00,0.87261,0.87309,0.00048000000000003595,0.022988505747128147,2020-10-01 00:00,False,OUTSIDE
NZDCAD,short,2020-09-01 00:00,2020-10-01 00:00,0.88128,0.89402,0.012740000000000085,0.88719,0.89402,3D,2020-10-26 00:00,2020-10-29 00:00,0.88634,0.88719,0.0008500000000000174,0.06671899529042478,2020-11-02 00:00,False,OUTSIDE
NZDCAD,long,2020-10-01 00:00,2020-11-02 00:00,0.86302,0.88103,0.01800999999999997,0.86302,0.87604,3D,2020-10-29 00:00,2020-11-03 00:00,0.87604,0.87647,0.00042999999999993044,0.023875624652966748,2021-03-01 00:00,False,OUTSIDE
NZDCAD,short,2021-04-01 00:00,2021-05-03 00:00,0.88038,0.90826,0.027879999999999905,0.88638,0.90826,3D,2021-05-25 00:00,2021-05-28 00:00,0.8807,0.88528,0.0045799999999999175,0.16427546628407222,2021-07-01 00:00,False,OUTSIDE
NZDCAD,long,2021-06-01 00:00,2021-07-01 00:00,0.85994,0.86628,0.006340000000000012,0.85994,0.86308,3D,2021-06-28 00:00,2021-07-01 00:00,0.86308,0.86312,4.0000000000040004e-05,0.006309148264990525,2021-10-01 00:00,False,OUTSIDE
NZDCAD,short,2022-07-01 00:00,2022-08-01 00:00,0.80496,0.82536,0.020399999999999974,0.8095,0.82536,3D,2022-08-22 00:00,2022-08-25 00:00,0.80657,0.80859,0.0020200000000000218,0.09901960784313844,2022-09-01 00:00,False,OUTSIDE
NZDCAD,short,2022-12-01 00:00,2023-01-02 00:00,0.86027,0.88184,0.021569999999999978,0.87348,0.88184,3D,2023-01-23 00:00,2023-01-26 00:00,0.87019,0.87226,0.0020700000000000163,0.09596662030598138,2023-02-01 00:00,False,OUTSIDE
NZDCAD,short,2024-02-01 00:00,2024-03-01 00:00,0.82645,0.8378,0.011349999999999971,0.83472,0.8378,3D,2024-03-07 00:00,2024-03-12 00:00,0.83327,0.83472,0.0014500000000000624,0.12775330396476353,2024-05-01 00:00,False,OUTSIDE
CHFJPY,short,2015-01-01 00:00,2015-02-02 00:00,127.63,139.142,11.512,130.067,139.142,3D,2015-02-09 00:00,2015-02-12 00:00,130.012,130.067,0.05500000000000682,0.00477762334954889,2015-04-01 00:00,False,OUTSIDE
CHFJPY,long,2015-03-02 00:00,2015-04-01 00:00,119.917,123.5355,3.6184999999999974,119.917,121.97,3D,2015-04-08 00:00,2015-04-13 00:00,121.97,122.4235,0.45350000000000534,0.12532817465800902,2015-09-01 00:00,False,OUTSIDE
CHFJPY,short,2016-05-02 00:00,2016-06-01 00:00,111.419,112.761,1.3419999999999987,111.7835,112.761,3D,2016-06-06 00:00,2016-06-09 00:00,111.648,111.7835,0.1355000000000075,0.1009687034277255,2016-11-01 00:00,False,OUTSIDE
CHFJPY,long,2016-09-01 00:00,2016-10-03 00:00,102.8925,104.336,1.4435000000000002,102.8925,104.0105,3D,2016-10-18 00:00,2016-10-21 00:00,104.0105,104.269,0.25850000000001216,0.17907862833391902,,True,OUTSIDE
CHFJPY,short,2017-09-01 00:00,2017-10-02 00:00,116.202,116.475,0.27299999999999613,116.43,116.475,3D,2017-09-27 00:00,2017-10-02 00:00,116.38,116.43,0.05000000000001137,0.18315018315022738,2018-01-01 00:00,False,OUTSIDE
CHFJPY,short,2020-01-01 00:00,2020-02-03 00:00,112.47,114.389,1.918999999999997,114.278,114.389,3D,2020-02-25 00:00,2020-02-28 00:00,113.263,113.56,0.29699999999999704,0.15476810838978505,2020-03-02 00:00,False,OUTSIDE
CHFJPY,long,2021-11-01 00:00,2021-12-01 00:00,122.137,123.2,1.0630000000000024,122.137,122.392,3D,2021-12-03 00:00,2021-12-08 00:00,122.392,122.492,0.10000000000000853,0.09407337723425052,,True,OUTSIDE
CHFJPY,short,2022-06-01 00:00,2022-07-01 00:00,142.167,143.758,1.5910000000000082,143.122,143.758,3D,2022-07-22 00:00,2022-07-27 00:00,142.442,142.572,0.12999999999999545,0.08170961659333424,2022-08-01 00:00,False,OUTSIDE
CHFJPY,short,2023-08-01 00:00,2023-09-01 00:00,164.744,166.601,1.8569999999999993,166.202,166.601,3D,2023-09-01 00:00,2023-09-06 00:00,166.156,166.202,0.04599999999999227,0.024771136241245172,2023-10-02 00:00,False,OUTSIDE
CHFJPY,long,2023-12-01 00:00,2024-01-01 00:00,162.174,167.606,5.431999999999988,162.174,166.798,3D,2023-12-28 00:00,2024-01-01 00:00,166.798,167.229,0.4310000000000116,0.07934462444771954,2024-03-01 00:00,False,OUTSIDE
CHFJPY,short,2024-01-01 00:00,2024-02-01 00:00,170.6,171.83,1.2300000000000182,171.7,171.83,3D,2024-02-23 00:00,2024-02-28 00:00,171.398,171.516,0.117999999999995,0.09593495934958801,2024-03-01 00:00,False,OUTSIDE
GBPAUD,long,2016-10-03 00:00,2016-11-01 00:00,1.53222,1.60882,0.0766,1.53222,1.589795,3D,2016-11-03 00:00,2016-11-08 00:00,1.590055,1.60395,0.01389499999999999,0.18139686684073095,2017-01-02 00:00,False,OUTSIDE
GBPAUD,short,2018-06-01 00:00,2018-07-02 00:00,1.78332,1.79805,0.01472999999999991,1.79582,1.79805,3D,2018-07-09 00:00,2018-07-12 00:00,1.7935,1.79422,0.0007199999999998319,0.04887983706719866,2018-08-01 00:00,False,OUTSIDE
GBPAUD,short,2018-10-01 00:00,2018-11-01 00:00,1.805,1.87331,0.06831000000000009,1.81496,1.87331,3D,2018-11-02 00:00,2018-11-07 00:00,1.81494,1.81496,1.999999999990898e-05,0.0002927829014772208,2018-12-03 00:00,False,OUTSIDE
GBPAUD,long,2019-01-01 00:00,2019-02-01 00:00,1.7613,1.80226,0.040959999999999885,1.7613,1.7869,3D,2019-01-30 00:00,2019-02-04 00:00,1.7869,1.79374,0.006839999999999957,0.16699218749999942,2019-07-01 00:00,False,OUTSIDE
GBPAUD,long,2019-01-01 00:00,2019-02-01 00:00,1.7613,1.80226,0.040959999999999885,1.7613,1.7869,3D,2019-02-12 00:00,2019-02-15 00:00,1.79912,1.79916,4.0000000000040004e-05,0.0009765625000009795,2019-07-01 00:00,False,OUTSIDE
GBPAUD,long,2019-07-01 00:00,2019-08-01 00:00,1.75612,1.77616,0.020040000000000058,1.75612,1.76402,3D,2019-08-07 00:00,2019-08-12 00:00,1.77058,1.77106,0.00048000000000003595,0.02395209580838496,2020-07-01 00:00,False,OUTSIDE
GBPAUD,long,2019-12-02 00:00,2020-01-01 00:00,1.86475,1.88982,0.025070000000000148,1.86475,1.8767,3D,2020-01-09 00:00,2020-01-14 00:00,1.8767,1.87716,0.00045999999999990493,0.01834862385320711,2020-05-01 00:00,False,OUTSIDE
GBPAUD,long,2020-02-03 00:00,2020-03-02 00:00,1.91646,1.96917,0.052710000000000035,1.91646,1.92905,3D,2020-02-28 00:00,2020-03-04 00:00,1.92905,1.92991,0.0008600000000000829,0.016315689622464092,2020-04-01 00:00,False,OUTSIDE
GBPAUD,long,2020-02-03 00:00,2020-03-02 00:00,1.91646,1.96917,0.052710000000000035,1.91646,1.92905,3D,2020-03-20 00:00,2020-03-25 00:00,1.95199,1.95453,0.0025400000000002088,0.048188199582625824,2020-04-01 00:00,False,OUTSIDE
GBPAUD,short,2020-03-02 00:00,2020-04-01 00:00,2.02355,2.08584,0.062289999999999957,2.05961,2.08584,3D,2020-03-30 00:00,2020-04-02 00:00,2.05042,2.05961,0.009190000000000254,0.1475357200192689,2024-12-02 00:00,False,OUTSIDE
GBPAUD,short,2022-01-03 00:00,2022-02-01 00:00,1.90242,1.92218,0.01976,1.91794,1.92218,3D,2022-02-01 00:00,2022-02-04 00:00,1.91469,1.91794,0.003249999999999975,0.16447368421052505,2023-04-03 00:00,False,OUTSIDE
GBPAUD,short,2022-01-03 00:00,2022-02-01 00:00,1.90242,1.92218,0.01976,1.91794,1.92218,3D,2022-02-09 00:00,2022-02-14 00:00,1.9038,1.90574,0.0019400000000000528,0.09817813765182454,2023-04-03 00:00,False,OUTSIDE
GBPAUD,long,2022-03-01 00:00,2022-04-01 00:00,1.71744,1.75637,0.03892999999999991,1.71744,1.73975,3D,2022-04-08 00:00,2022-04-13 00:00,1.73997,1.74057,0.0005999999999999339,0.015412278448495641,2022-05-02 00:00,False,OUTSIDE
GBPAUD,long,2022-03-01 00:00,2022-04-01 00:00,1.71744,1.75637,0.03892999999999991,1.71744,1.73975,3D,2022-04-26 00:00,2022-04-29 00:00,1.74596,1.7514,0.005440000000000111,0.13973799126637873,2022-05-02 00:00,False,OUTSIDE
GBPAUD,long,2023-01-02 00:00,2023-02-01 00:00,1.7223,1.74665,0.024350000000000094,1.7223,1.7317,3D,2023-02-16 00:00,2023-02-21 00:00,1.73894,1.73978,0.0008400000000001739,0.03449691991787149,,True,OUTSIDE
GBPAUD,long,2023-06-01 00:00,2023-07-03 00:00,1.85006,1.90626,0.05620000000000003,1.85006,1.88514,3D,2023-07-18 00:00,2023-07-21 00:00,1.88514,1.89332,0.008179999999999854,0.1455516014234849,2023-09-01 00:00,False,OUTSIDE
GBPAUD,short,2023-08-01 00:00,2023-09-01 00:00,1.9544,1.99721,0.042810000000000015,1.97491,1.99721,3D,2023-09-01 00:00,2023-09-06 00:00,1.97445,1.97491,0.00045999999999990493,0.010745153001632908,2024-03-01 00:00,False,OUTSIDE
GBPAUD,short,2023-10-02 00:00,2023-11-01 00:00,1.91706,1.93424,0.017179999999999973,1.93165,1.93424,3D,2023-11-21 00:00,2023-11-24 00:00,1.91776,1.91908,0.0013199999999999878,0.07683352735739173,2023-12-01 00:00,False,OUTSIDE
GBPAUD,short,2024-02-01 00:00,2024-03-01 00:00,1.943,1.95706,0.014059999999999961,1.95298,1.95706,3D,2024-03-15 00:00,2024-03-20 00:00,1.95006,1.95078,0.0007200000000000539,0.05120910384068676,2024-04-01 00:00,False,OUTSIDE
GBPAUD,short,2024-10-01 00:00,2024-11-01 00:00,1.95996,1.98854,0.02858000000000005,1.9782,1.98854,3D,2024-11-01 00:00,2024-11-06 00:00,1.97324,1.9782,0.004959999999999853,0.17354793561930879,2024-12-02 00:00,False,OUTSIDE
GBPAUD,long,2025-01-01 00:00,2025-02-03 00:00,1.95932,1.99968,0.04035999999999995,1.95932,1.96398,3D,2025-02-17 00:00,2025-02-20 00:00,1.97456,1.97582,0.0012599999999998168,0.031219028741323547,,True,OUTSIDE
USDJPY,long,2015-01-01 00:00,2015-02-02 00:00,115.855,117.535,1.6799999999999926,115.855,116.874,3D,2015-01-30 00:00,2015-02-04 00:00,116.874,117.027,0.1530000000000058,0.09107142857143243,2015-08-03 00:00,False,OUTSIDE
USDJPY,long,2017-11-01 00:00,2017-12-01 00:00,110.843,112.533,1.6899999999999977,110.843,111.406,3D,2017-12-12 00:00,2017-12-15 00:00,112.034,112.064,0.029999999999986926,0.017751479289933116,2018-01-01 00:00,False,OUTSIDE
USDJPY,long,2018-03-01 00:00,2018-04-02 00:00,104.638,106.283,1.644999999999996,104.638,105.659,3D,2018-03-29 00:00,2018-04-03 00:00,105.659,105.695,0.03599999999998715,0.021884498480235406,2019-01-01 00:00,False,OUTSIDE
USDJPY,long,2018-10-01 00:00,2018-11-01 00:00,111.378,112.944,1.5660000000000025,111.378,112.306,3D,2018-11-15 00:00,2018-11-20 00:00,112.306,112.42,0.11400000000000432,0.07279693486590302,2018-12-03 00:00,False,OUTSIDE
USDJPY,short,2018-11-01 00:00,2018-12-03 00:00,113.498,114.209,0.7109999999999985,113.82,114.209,3D,2018-12-11 00:00,2018-12-14 00:00,113.676,113.71,0.033999999999991815,0.04781997187059337,2021-10-01 00:00,False,OUTSIDE
USDJPY,short,2020-08-03 00:00,2020-09-01 00:00,105.91,107.05,1.1400000000000006,106.552,107.05,3D,2020-09-01 00:00,2020-09-04 00:00,106.504,106.552,0.04800000000000182,0.04210526315789631,2020-10-01 00:00,False,OUTSIDE
USDJPY,short,2020-08-03 00:00,2020-09-01 00:00,105.91,107.05,1.1400000000000006,106.552,107.05,3D,2020-09-09 00:00,2020-09-14 00:00,106.168,106.304,0.13599999999999568,0.11929824561403124,2020-10-01 00:00,False,OUTSIDE
USDJPY,long,2021-04-01 00:00,2021-05-03 00:00,107.478,109.345,1.8670000000000044,107.478,108.336,3D,2021-05-20 00:00,2021-05-25 00:00,108.56,108.613,0.05299999999999727,0.028387787895017218,2021-06-01 00:00,False,OUTSIDE
USDJPY,long,2021-07-01 00:00,2021-08-02 00:00,108.721,109.721,1.0,108.721,109.066,3D,2021-08-12 00:00,2021-08-17 00:00,109.114,109.118,0.003999999999990678,0.003999999999990678,2021-09-01 00:00,False,OUTSIDE
USDJPY,short,2022-01-03 00:00,2022-02-01 00:00,115.136,116.352,1.2160000000000082,116.34,116.352,3D,2022-02-22 00:00,2022-02-25 00:00,115.696,115.794,0.09799999999999898,0.08059210526315651,2022-03-01 00:00,False,OUTSIDE
USDJPY,long,2023-01-02 00:00,2023-02-01 00:00,127.22,130.098,2.8780000000000143,127.22,128.084,3D,2023-01-31 00:00,2023-02-03 00:00,128.084,128.329,0.24500000000000455,0.08512856150104355,2023-03-01 00:00,False,OUTSIDE
USDJPY,long,2024-05-01 00:00,2024-06-03 00:00,151.858,157.302,5.443999999999988,151.858,154.546,3D,2024-06-04 00:00,2024-06-07 00:00,154.546,155.122,0.5760000000000218,0.10580455547392047,2024-07-01 00:00,False,OUTSIDE
GBPUSD,long,2015-05-01 00:00,2015-06-01 00:00,1.50894,1.52935,0.02041000000000004,1.50894,1.517045,3D,2015-05-28 00:00,2015-06-02 00:00,1.517045,1.517995,0.0009500000000000064,0.04654581087702129,2015-09-01 00:00,False,OUTSIDE
GBPUSD,long,2017-10-02 00:00,2017-11-01 00:00,1.30272,1.32837,0.02564999999999995,1.30272,1.30396,3D,2017-10-31 00:00,2017-11-03 00:00,1.30396,1.30426,0.00029999999999996696,0.011695906432747273,2018-05-01 00:00,False,OUTSIDE
GBPUSD,short,2018-01-01 00:00,2018-02-01 00:00,1.4189,1.43455,0.015649999999999942,1.42785,1.43455,3D,2018-01-30 00:00,2018-02-02 00:00,1.42777,1.42785,8.000000000008001e-05,0.005111821086267112,2018-03-01 00:00,False,OUTSIDE
GBPUSD,long,2018-08-01 00:00,2018-09-03 00:00,1.26622,1.29604,0.02982000000000018,1.26622,1.2786,3D,2018-08-31 00:00,2018-09-05 00:00,1.2786,1.28104,0.0024399999999999977,0.08182427900737703,2018-10-01 00:00,False,OUTSIDE
GBPUSD,long,2018-08-01 00:00,2018-09-03 00:00,1.26622,1.29604,0.02982000000000018,1.26622,1.2786,3D,2018-10-01 00:00,2018-10-04 00:00,1.29218,1.29242,0.00023999999999979593,0.008048289738423692,2018-10-01 00:00,False,OUTSIDE
GBPUSD,short,2018-09-03 00:00,2018-10-01 00:00,1.30302,1.32992,0.026899999999999924,1.32582,1.32992,3D,2018-10-09 00:00,2018-10-12 00:00,1.32527,1.32582,0.0005500000000000504,0.020446096654277025,2018-11-01 00:00,False,OUTSIDE
GBPUSD,long,2019-11-01 00:00,2019-12-02 00:00,1.2769,1.29374,0.016839999999999966,1.2769,1.28964,3D,2019-12-19 00:00,2019-12-24 00:00,1.2905,1.29146,0.0009600000000000719,0.05700712589074073,2020-02-03 00:00,False,OUTSIDE
GBPUSD,long,2020-03-02 00:00,2020-04-01 00:00,1.14116,1.24156,0.10040000000000004,1.14116,1.21656,3D,2020-04-02 00:00,2020-04-07 00:00,1.21656,1.22052,0.0039599999999999635,0.03944223107569683,2020-05-01 00:00,False,OUTSIDE
GBPUSD,long,2020-03-02 00:00,2020-04-01 00:00,1.14116,1.24156,0.10040000000000004,1.14116,1.21656,3D,2020-04-20 00:00,2020-04-23 00:00,1.22476,1.22984,0.005079999999999973,0.0505976095617527,2020-05-01 00:00,False,OUTSIDE
GBPUSD,long,2020-05-01 00:00,2020-06-01 00:00,1.20756,1.23504,0.02747999999999995,1.20756,1.22519,3D,2020-06-25 00:00,2020-06-30 00:00,1.22519,1.22578,0.0005900000000000905,0.021470160116451656,2022-05-02 00:00,False,OUTSIDE
GBPUSD,short,2021-02-01 00:00,2021-03-01 00:00,1.39276,1.42426,0.031500000000000083,1.40174,1.42426,3D,2021-03-15 00:00,2021-03-18 00:00,1.39712,1.40014,0.0030200000000000227,0.09587301587301633,2021-04-01 00:00,False,OUTSIDE
GBPUSD,long,2022-04-01 00:00,2022-05-02 00:00,1.21554,1.25759,0.04204999999999992,1.21554,1.24112,3D,2022-05-30 00:00,2022-06-02 00:00,1.24586,1.24694,0.0010799999999999699,0.02568370986920266,2022-06-01 00:00,False,OUTSIDE
GBPUSD,long,2022-09-01 00:00,2022-10-03 00:00,1.03595,1.11684,0.08089000000000013,1.03595,1.09234,3D,2022-10-06 00:00,2022-10-11 00:00,1.09234,1.10198,0.009639999999999871,0.11917418716775689,2022-11-01 00:00,False,OUTSIDE
GBPUSD,long,2022-09-01 00:00,2022-10-03 00:00,1.03595,1.11684,0.08089000000000013,1.03595,1.09234,3D,2022-11-01 00:00,2022-11-04 00:00,1.11468,1.11519,0.0005100000000000104,0.006304858449746689,2022-11-01 00:00,False,OUTSIDE
GBPUSD,long,2023-05-01 00:00,2023-06-01 00:00,1.23081,1.24432,0.013510000000000133,1.23081,1.23684,3D,2023-06-01 00:00,2023-06-06 00:00,1.23684,1.23916,0.0023200000000000998,0.17172464840859192,2023-09-01 00:00,False,OUTSIDE
GBPUSD,short,2023-12-01 00:00,2024-01-01 00:00,1.27314,1.2828,0.009660000000000002,1.27858,1.2828,3D,2024-01-09 00:00,2024-01-12 00:00,1.27812,1.27858,0.000460000000000127,0.04761904761906075,2024-02-01 00:00,False,OUTSIDE
GBPUSD,short,2023-12-01 00:00,2024-01-01 00:00,1.27314,1.2828,0.009660000000000002,1.27858,1.2828,3D,2024-01-22 00:00,2024-01-25 00:00,1.27586,1.27748,0.0016199999999999548,0.16770186335403256,2024-02-01 00:00,False,OUTSIDE
GBPUSD,long,2024-04-01 00:00,2024-05-01 00:00,1.22994,1.24918,0.019239999999999924,1.22994,1.24457,3D,2024-05-06 00:00,2024-05-09 00:00,1.24457,1.24678,0.0022100000000000453,0.11486486486486767,2024-11-01 00:00,False,OUTSIDE
AUDCAD,short,2015-06-01 00:00,2015-07-01 00:00,0.962915,0.971755,0.00884000000000007,0.96648,0.971755,3D,2015-07-17 00:00,2015-07-22 00:00,0.96351,0.9637,0.00019000000000002348,0.021493212669685745,2015-08-03 00:00,False,OUTSIDE
AUDCAD,long,2015-10-01 00:00,2015-11-02 00:00,0.924955,0.93338,0.008425000000000016,0.924955,0.930095,3D,2015-10-27 00:00,2015-10-30 00:00,0.930095,0.930745,0.0006500000000000394,0.07715133531157724,2016-05-02 00:00,False,OUTSIDE
AUDCAD,short,2016-03-01 00:00,2016-04-01 00:00,0.99574,1.0054,0.009660000000000113,1.00262,1.0054,3D,2016-03-30 00:00,2016-04-04 00:00,1.00084,1.00262,0.0017800000000001148,0.1842650103519766,2016-07-01 00:00,False,OUTSIDE
AUDCAD,long,2016-08-01 00:00,2016-09-01 00:00,0.9762,0.98514,0.008940000000000059,0.9762,0.97922,3D,2016-09-01 00:00,2016-09-06 00:00,0.97922,0.98016,0.0009400000000000519,0.1051454138702512,2016-12-01 00:00,False,OUTSIDE
AUDCAD,long,2016-08-01 00:00,2016-09-01 00:00,0.9762,0.98514,0.008940000000000059,0.9762,0.97922,3D,2016-09-09 00:00,2016-09-14 00:00,0.98104,0.98165,0.0006099999999999994,0.06823266219239323,2016-12-01 00:00,False,OUTSIDE
AUDCAD,short,2020-12-01 00:00,2021-01-01 00:00,0.9791,0.99012,0.01102000000000003,0.9859,0.99012,3D,2021-01-22 00:00,2021-01-27 00:00,0.98512,0.98584,0.0007200000000000539,0.06533575317604827,2021-02-01 00:00,False,OUTSIDE
AUDCAD,short,2022-03-01 00:00,2022-04-01 00:00,0.93596,0.95162,0.015660000000000007,0.94626,0.95162,3D,2022-04-08 00:00,2022-04-13 00:00,0.9434,0.94459,0.0011900000000000244,0.07598978288633614,2023-01-02 00:00,False,OUTSIDE
AUDCAD,long,2022-10-03 00:00,2022-11-01 00:00,0.85993,0.87158,0.01165000000000005,0.85993,0.8636,3D,2022-11-01 00:00,2022-11-04 00:00,0.8636,0.86362,2.0000000000020002e-05,0.0017167381974266024,2023-08-01 00:00,False,OUTSIDE
AUDCAD,long,2023-09-01 00:00,2023-10-02 00:00,0.85648,0.87368,0.017199999999999993,0.85648,0.85848,3D,2023-10-18 00:00,2023-10-23 00:00,0.86316,0.86322,5.999999999994898e-05,0.003488372093020291,2024-02-01 00:00,False,OUTSIDE
EURNZD,long,2015-03-02 00:00,2015-04-01 00:00,1.388325,1.43656,0.04823500000000003,1.388325,1.413095,3D,2015-04-24 00:00,2015-04-29 00:00,1.41786,1.41889,0.0010300000000000864,0.021353788742616064,,True,OUTSIDE
EURNZD,short,2015-08-03 00:00,2015-09-01 00:00,1.768155,1.89583,0.12767499999999998,1.80196,1.89583,3D,2015-09-15 00:00,2015-09-18 00:00,1.80178,1.80196,0.000180000000000069,0.0014098296455850325,2018-09-03 00:00,False,OUTSIDE
EURNZD,short,2016-01-01 00:00,2016-02-01 00:00,1.67088,1.7274,0.056520000000000126,1.72233,1.7274,3D,2016-02-12 00:00,2016-02-17 00:00,1.703315,1.70443,0.0011149999999999771,0.0197275300778481,2016-03-01 00:00,False,OUTSIDE
EURNZD,short,2017-05-01 00:00,2017-06-01 00:00,1.58725,1.62374,0.03648999999999991,1.5931,1.62374,3D,2017-05-29 00:00,2017-06-01 00:00,1.58814,1.5931,0.004959999999999853,0.1359276514113419,2017-07-03 00:00,False,OUTSIDE
EURNZD,long,2018-01-01 00:00,2018-02-01 00:00,1.65217,1.685695,0.03352500000000003,1.65217,1.6727,3D,2018-02-20 00:00,2018-02-23 00:00,1.6727,1.67814,0.005439999999999889,0.1622669649515253,2018-03-01 00:00,False,OUTSIDE
EURNZD,short,2019-02-01 00:00,2019-03-01 00:00,1.67038,1.68503,0.014650000000000052,1.67286,1.68503,3D,2019-02-28 00:00,2019-03-05 00:00,1.6726,1.67286,0.00025999999999992696,0.017747440273032492,2019-04-01 00:00,False,OUTSIDE
EURNZD,short,2020-03-02 00:00,2020-04-01 00:00,1.85131,1.99321,0.14189999999999992,1.86346,1.99321,3D,2020-03-30 00:00,2020-04-02 00:00,1.85387,1.86346,0.009589999999999987,0.06758280479210707,2024-08-01 00:00,False,OUTSIDE
EURNZD,long,2021-02-01 00:00,2021-03-01 00:00,1.6323,1.66916,0.03685999999999989,1.6323,1.64866,3D,2021-03-15 00:00,2021-03-18 00:00,1.64866,1.6489,0.00024000000000001798,0.006511123168747116,2021-04-01 00:00,False,OUTSIDE
EURNZD,short,2021-03-01 00:00,2021-04-01 00:00,1.67952,1.6991,0.019580000000000153,1.69852,1.6991,3D,2021-04-08 00:00,2021-04-13 00:00,1.69748,1.69852,0.0010399999999999299,0.053115423901936756,2021-05-03 00:00,False,OUTSIDE
EURNZD,long,2021-04-01 00:00,2021-05-03 00:00,1.66106,1.6781,0.017039999999999944,1.66106,1.66676,3D,2021-05-25 00:00,2021-05-28 00:00,1.66862,1.6716,0.0029799999999999827,0.17488262910798077,2021-07-01 00:00,False,OUTSIDE
EURNZD,long,2022-03-01 00:00,2022-04-01 00:00,1.55942,1.59589,0.03647,1.55942,1.56422,3D,2022-04-18 00:00,2022-04-21 00:00,1.5927,1.59306,0.00035999999999991594,0.009871126953658237,2022-08-01 00:00,False,OUTSIDE
EURNZD,long,2023-05-01 00:00,2023-06-01 00:00,1.71672,1.77512,0.05840000000000001,1.71672,1.73953,3D,2023-06-22 00:00,2023-06-27 00:00,1.76366,1.76604,0.0023800000000000487,0.04075342465753508,2023-07-03 00:00,False,OUTSIDE
EURNZD,short,2023-08-01 00:00,2023-09-01 00:00,1.81742,1.84623,0.028810000000000002,1.83201,1.84623,3D,2023-09-01 00:00,2023-09-06 00:00,1.82954,1.83201,0.0024699999999999722,0.0857341200971875,2023-10-02 00:00,False,OUTSIDE
EURNZD,long,2024-11-01 00:00,2024-12-02 00:00,1.77456,1.78796,0.013400000000000079,1.77456,1.77878,3D,2024-11-27 00:00,2024-12-02 00:00,1.77878,1.78108,0.0022999999999999687,0.17164179104477278,,True,OUTSIDE
GBPCHF,short,2015-11-02 00:00,2015-12-01 00:00,1.549165,1.55728,0.008115000000000094,1.554565,1.55728,3D,2015-11-25 00:00,2015-11-30 00:00,1.55319,1.554565,0.001374999999999904,0.16943930991988762,,True,OUTSIDE
GBPCHF,long,2016-10-03 00:00,2016-11-01 00:00,1.14678,1.210845,0.06406500000000004,1.14678,1.19002,3D,2016-10-31 00:00,2016-11-03 00:00,1.19002,1.19561,0.005589999999999984,0.08725513150706284,2019-07-01 00:00,False,OUTSIDE
GBPCHF,long,2017-12-01 00:00,2018-01-01 00:00,1.31074,1.31608,0.0053399999999999,1.31074,1.31408,3D,2017-12-28 00:00,2018-01-01 00:00,1.31424,1.31433,8.999999999992347e-05,0.016853932584255646,2018-02-01 00:00,False,OUTSIDE
GBPCHF,short,2018-04-02 00:00,2018-05-01 00:00,1.36381,1.38564,0.021830000000000016,1.36506,1.38564,3D,2018-05-07 00:00,2018-05-10 00:00,1.36426,1.36492,0.0006599999999998829,0.03023362345395705,,True,OUTSIDE
GBPCHF,long,2020-12-01 00:00,2021-01-01 00:00,1.16838,1.20946,0.041080000000000005,1.16838,1.19171,3D,2021-01-01 00:00,2021-01-06 00:00,1.19171,1.1922,0.0004899999999998794,0.011927945472246333,2022-04-01 00:00,False,OUTSIDE
GBPCHF,long,2020-12-01 00:00,2021-01-01 00:00,1.16838,1.20946,0.041080000000000005,1.16838,1.19171,3D,2021-01-14 00:00,2021-01-19 00:00,1.20544,1.20688,0.0014399999999998858,0.035053554040893026,2022-04-01 00:00,False,OUTSIDE
GBPCHF,short,2021-06-01 00:00,2021-07-01 00:00,1.27938,1.28571,0.006329999999999947,1.28174,1.28571,3D,2021-06-28 00:00,2021-07-01 00:00,1.28068,1.28174,0.001060000000000061,0.16745655608215954,2021-08-02 00:00,False,OUTSIDE
GBPCHF,long,2022-09-01 00:00,2022-10-03 00:00,1.01733,1.1027,0.08536999999999995,1.01733,1.08964,3D,2022-10-06 00:00,2022-10-11 00:00,1.08964,1.09927,0.009630000000000027,0.11280309242122565,2023-03-01 00:00,False,OUTSIDE
GBPCHF,long,2023-04-03 00:00,2023-05-01 00:00,1.10274,1.12394,0.021199999999999886,1.10274,1.10932,3D,2023-04-28 00:00,2023-05-03 00:00,1.10932,1.11308,0.0037599999999999856,0.177358490566038,2023-06-01 00:00,False,OUTSIDE
GBPCHF,long,2023-04-03 00:00,2023-05-01 00:00,1.10274,1.12394,0.021199999999999886,1.10274,1.10932,3D,2023-05-24 00:00,2023-05-29 00:00,1.11438,1.11463,0.0002500000000000835,0.01179245283019268,2023-06-01 00:00,False,OUTSIDE
GBPCHF,long,2023-07-03 00:00,2023-08-01 00:00,1.10576,1.11889,0.013129999999999864,1.10576,1.10604,3D,2023-08-08 00:00,2023-08-11 00:00,1.11027,1.11046,0.00018999999999991246,0.014470677837007954,2023-09-01 00:00,False,OUTSIDE
GBPCHF,long,2023-07-03 00:00,2023-08-01 00:00,1.10576,1.11889,0.013129999999999864,1.10576,1.10604,3D,2023-08-24 00:00,2023-08-29 00:00,1.10879,1.11051,0.0017200000000001658,0.13099771515614497,2023-09-01 00:00,False,OUTSIDE
GBPCHF,long,2024-08-01 00:00,2024-09-02 00:00,1.07432,1.11583,0.04151000000000016,1.07432,1.10241,3D,2024-09-04 00:00,2024-09-09 00:00,1.10241,1.10546,0.003050000000000219,0.07347627077813075,2024-10-01 00:00,False,OUTSIDE
GBPCHF,short,2025-03-03 00:00,2025-04-01 00:00,1.14284,1.1503,0.007460000000000022,1.1486,1.1503,3D,2025-03-31 00:00,2025-04-03 00:00,1.1484,1.1486,0.00019999999999997797,0.0268096514745278,,True,OUTSIDE
EURUSD,long,2015-03-02 00:00,2015-04-01 00:00,1.04625,1.07313,0.026880000000000015,1.04625,1.052045,3D,2015-04-08 00:00,2015-04-13 00:00,1.052045,1.056805,0.0047600000000000975,0.17708333333333687,2015-11-02 00:00,False,OUTSIDE
EURUSD,long,2015-07-01 00:00,2015-08-03 00:00,1.08086,1.098495,0.017635000000000067,1.08086,1.0848,3D,2015-08-04 00:00,2015-08-07 00:00,1.0848,1.085525,0.0007250000000000867,0.041111426141201245,2015-10-01 00:00,False,OUTSIDE
EURUSD,short,2015-08-03 00:00,2015-09-01 00:00,1.12111,1.17141,0.05030000000000001,1.14603,1.17141,3D,2015-09-15 00:00,2015-09-18 00:00,1.144145,1.14603,0.0018850000000001366,0.0374751491053705,2015-10-01 00:00,False,OUTSIDE
EURUSD,short,2015-08-03 00:00,2015-09-01 00:00,1.12111,1.17141,0.05030000000000001,1.14603,1.17141,3D,2015-09-23 00:00,2015-09-28 00:00,1.128145,1.1296,0.001454999999999984,0.028926441351888346,2015-10-01 00:00,False,OUTSIDE
EURUSD,short,2015-12-01 00:00,2016-01-01 00:00,1.08697,1.10596,0.018990000000000062,1.09846,1.10596,3D,2016-01-14 00:00,2016-01-19 00:00,1.09761,1.09846,0.0008500000000000174,0.04476040021063795,2016-02-01 00:00,False,OUTSIDE
EURUSD,long,2016-06-01 00:00,2016-07-01 00:00,1.0912,1.11062,0.019419999999999993,1.0912,1.09521,3D,2016-07-21 00:00,2016-07-26 00:00,1.09521,1.0961,0.0008900000000000574,0.04582904222451379,2016-08-01 00:00,False,OUTSIDE
EURUSD,long,2017-02-01 00:00,2017-03-01 00:00,1.04938,1.057645,0.008264999999999967,1.04938,1.0495,3D,2017-03-06 00:00,2017-03-09 00:00,1.0525,1.05349,0.0009900000000000464,0.11978221415608595,2017-04-03 00:00,False,OUTSIDE
EURUSD,short,2018-03-01 00:00,2018-04-02 00:00,1.23237,1.24766,0.015290000000000026,1.2414,1.24766,3D,2018-04-16 00:00,2018-04-19 00:00,1.24004,1.2414,0.0013600000000000279,0.08894702419882443,2021-01-01 00:00,False,OUTSIDE
EURUSD,long,2018-06-01 00:00,2018-07-02 00:00,1.15078,1.1685,0.01772000000000018,1.15078,1.15746,3D,2018-07-25 00:00,2018-07-30 00:00,1.16202,1.1648,0.0027800000000000047,0.1568848758464998,2018-08-01 00:00,False,OUTSIDE
EURUSD,long,2018-08-01 00:00,2018-09-03 00:00,1.13008,1.16019,0.03011000000000008,1.13008,1.1526,3D,2018-09-05 00:00,2018-09-10 00:00,1.1526,1.15424,0.0016399999999998638,0.05446695450016139,2018-10-01 00:00,False,OUTSIDE
EURUSD,long,2020-04-01 00:00,2020-05-01 00:00,1.07272,1.0952,0.022480000000000055,1.07272,1.07666,3D,2020-05-11 00:00,2020-05-14 00:00,1.0775,1.07845,0.0009500000000000064,0.04225978647686851,2022-03-01 00:00,False,OUTSIDE
EURUSD,long,2021-11-01 00:00,2021-12-01 00:00,1.11861,1.13392,0.015309999999999935,1.11861,1.12218,3D,2021-12-16 00:00,2021-12-21 00:00,1.12347,1.12608,0.002610000000000001,0.1704768125408238,2022-01-03 00:00,False,OUTSIDE
EURUSD,long,2021-11-01 00:00,2021-12-01 00:00,1.11861,1.13392,0.015309999999999935,1.11861,1.12218,3D,2021-12-24 00:00,2021-12-29 00:00,1.12738,1.12896,0.0015799999999999148,0.10320052253428619,2022-01-03 00:00,False,OUTSIDE
EURUSD,short,2022-05-02 00:00,2022-06-01 00:00,1.07322,1.0787,0.005479999999999929,1.07742,1.0787,3D,2022-06-02 00:00,2022-06-07 00:00,1.07646,1.07742,0.0009600000000000719,0.1751824817518402,2022-12-01 00:00,False,OUTSIDE
EURUSD,long,2022-09-01 00:00,2022-10-03 00:00,0.9536,0.98016,0.026560000000000028,0.9536,0.96315,3D,2022-10-06 00:00,2022-10-11 00:00,0.96315,0.96816,0.00501000000000007,0.18862951807229159,2022-11-01 00:00,False,OUTSIDE
EURUSD,long,2022-09-01 00:00,2022-10-03 00:00,0.9536,0.98016,0.026560000000000028,0.9536,0.96315,3D,2022-11-01 00:00,2022-11-04 00:00,0.97302,0.97426,0.0012400000000000189,0.04668674698795247,2022-11-01 00:00,False,OUTSIDE
EURUSD,short,2023-07-03 00:00,2023-08-01 00:00,1.09978,1.12757,0.02778999999999998,1.10652,1.12757,3D,2023-08-03 00:00,2023-08-08 00:00,1.1042,1.10652,0.0023199999999998777,0.08348326736235621,2023-11-01 00:00,False,OUTSIDE
GBPJPY,short,2016-03-01 00:00,2016-04-01 00:00,161.673,164.103,2.430000000000007,162.819,164.103,3D,2016-04-25 00:00,2016-04-28 00:00,162.5825,162.819,0.23649999999997817,0.09732510288064918,2016-05-02 00:00,False,OUTSIDE
GBPJPY,long,2016-07-01 00:00,2016-08-01 00:00,128.7815,135.025,6.243500000000012,128.7815,129.167,3D,2016-08-11 00:00,2016-08-16 00:00,129.167,129.9845,0.8174999999999955,0.13093617362056442,2016-09-01 00:00,False,OUTSIDE
GBPJPY,long,2017-08-01 00:00,2017-09-01 00:00,139.298,142.201,2.9029999999999916,139.298,141.186,3D,2017-09-01 00:00,2017-09-06 00:00,141.186,141.347,0.16100000000000136,0.0554598691009307,2018-08-01 00:00,False,OUTSIDE
GBPJPY,long,2017-12-01 00:00,2018-01-01 00:00,149.418,152.219,2.8009999999999877,149.418,150.2,3D,2018-01-09 00:00,2018-01-12 00:00,150.2,150.556,0.35600000000002296,0.12709746519101198,2018-02-01 00:00,False,OUTSIDE
GBPJPY,long,2018-08-01 00:00,2018-09-03 00:00,139.902,143.931,4.029000000000025,139.902,142.597,3D,2018-08-31 00:00,2018-09-05 00:00,142.597,142.614,0.016999999999995907,0.00421940928269938,2018-10-01 00:00,False,OUTSIDE
GBPJPY,short,2018-09-03 00:00,2018-10-01 00:00,148.154,149.72,1.5660000000000025,149.514,149.72,3D,2018-10-09 00:00,2018-10-12 00:00,149.012,149.307,0.2949999999999875,0.18837803320561114,2018-11-01 00:00,False,OUTSIDE
GBPJPY,long,2020-03-02 00:00,2020-04-01 00:00,124.044,133.542,9.498000000000005,124.044,131.912,3D,2020-04-20 00:00,2020-04-23 00:00,131.912,132.398,0.48599999999999,0.05116866708780688,2020-05-01 00:00,False,OUTSIDE
GBPJPY,long,2020-05-01 00:00,2020-06-01 00:00,129.328,133.165,3.836999999999989,129.328,131.77,3D,2020-06-17 00:00,2020-06-22 00:00,131.77,131.948,0.17799999999999727,0.04639040917383314,2020-07-01 00:00,False,OUTSIDE
GBPJPY,long,2020-05-01 00:00,2020-06-01 00:00,129.328,133.165,3.836999999999989,129.328,131.77,3D,2020-06-25 00:00,2020-06-30 00:00,131.955,132.027,0.0719999999999743,0.01876465989053284,2020-07-01 00:00,False,OUTSIDE
GBPJPY,long,2023-07-03 00:00,2023-08-01 00:00,176.319,182.612,6.293000000000006,176.319,180.46,3D,2023-08-03 00:00,2023-08-08 00:00,180.46,181.388,0.9279999999999973,0.14746543778801785,2023-09-01 00:00,False,OUTSIDE
GBPJPY,short,2023-08-01 00:00,2023-09-01 00:00,184.422,186.771,2.3489999999999895,185.78,186.771,3D,2023-09-01 00:00,2023-09-06 00:00,185.645,185.78,0.1349999999999909,0.057471264367812476,2023-11-01 00:00,False,OUTSIDE
GBPJPY,long,2024-08-01 00:00,2024-09-02 00:00,180.102,191.868,11.765999999999991,180.102,183.721,3D,2024-09-09 00:00,2024-09-12 00:00,183.721,183.771,0.04999999999998295,0.004249532551417898,2024-10-01 00:00,False,OUTSIDE
GBPJPY,long,2024-08-01 00:00,2024-09-02 00:00,180.102,191.868,11.765999999999991,180.102,183.721,3D,2024-09-25 00:00,2024-09-30 00:00,189.565,190.006,0.4410000000000025,0.037480877103518856,2024-10-01 00:00,False,OUTSIDE
GBPJPY,short,2024-10-01 00:00,2024-11-01 00:00,196.12,199.811,3.6910000000000025,199.564,199.811,3D,2024-11-11 00:00,2024-11-14 00:00,198.453,198.469,0.015999999999991132,0.004334868599293179,2024-12-02 00:00,False,OUTSIDE
GBPJPY,long,2025-04-01 00:00,2025-05-01 00:00,184.383,190.59,6.206999999999994,184.383,190.33,3D,2025-05-02 00:00,2025-05-07 00:00,190.33,190.364,0.033999999999991815,0.005477686483001748,,True,OUTSIDE
AUDCHF,long,2015-01-01 00:00,2015-02-02 00:00,0.686835,0.715465,0.028630000000000044,0.686835,0.70651,3D,2015-02-09 00:00,2015-02-12 00:00,0.7094,0.71385,0.004449999999999954,0.15543136570031252,2015-05-01 00:00,False,OUTSIDE
AUDCHF,short,2016-10-03 00:00,2016-11-01 00:00,0.752635,0.76647,0.01383499999999993,0.76492,0.76647,3D,2016-11-24 00:00,2016-11-29 00:00,0.7597,0.75981,0.00010999999999994348,0.007950849295261585,2016-12-01 00:00,False,OUTSIDE
AUDCHF,short,2017-02-01 00:00,2017-03-01 00:00,0.77025,0.7807,0.01044999999999996,0.77532,0.7807,3D,2017-03-14 00:00,2017-03-17 00:00,0.77184,0.77288,0.001040000000000041,0.09952153110048277,2017-07-03 00:00,False,OUTSIDE
AUDCHF,short,2017-10-02 00:00,2017-11-01 00:00,0.763895,0.77216,0.008264999999999967,0.77207,0.77216,3D,2017-10-31 00:00,2017-11-03 00:00,0.77136,0.77207,0.0007099999999999884,0.0859044162129451,2017-12-01 00:00,False,OUTSIDE
AUDCHF,long,2018-03-01 00:00,2018-04-02 00:00,0.72426,0.73291,0.008649999999999936,0.72426,0.730105,3D,2018-03-29 00:00,2018-04-03 00:00,0.730105,0.73076,0.0006549999999999612,0.07572254335259723,2018-06-01 00:00,False,OUTSIDE
AUDCHF,long,2018-06-01 00:00,2018-07-02 00:00,0.7276,0.73368,0.006079999999999974,0.7276,0.72906,3D,2018-07-30 00:00,2018-08-02 00:00,0.73134,0.7316,0.000260000000000038,0.04276315789474327,2018-08-01 00:00,False,OUTSIDE
AUDCHF,long,2019-11-01 00:00,2019-12-02 00:00,0.66884,0.67626,0.007419999999999982,0.66884,0.66984,3D,2019-12-06 00:00,2019-12-11 00:00,0.66984,0.67021,0.00036999999999998145,0.04986522911050975,2020-01-01 00:00,False,OUTSIDE
AUDCHF,long,2019-11-01 00:00,2019-12-02 00:00,0.66884,0.67626,0.007419999999999982,0.66884,0.66984,3D,2019-12-16 00:00,2019-12-19 00:00,0.67062,0.67134,0.0007200000000000539,0.09703504043127435,2020-01-01 00:00,False,OUTSIDE
AUDCHF,short,2020-06-01 00:00,2020-07-01 00:00,0.65395,0.67434,0.02039000000000002,0.66872,0.67434,3D,2020-07-24 00:00,2020-07-29 00:00,0.65908,0.66032,0.0012400000000000189,0.06081412457086894,2020-08-03 00:00,False,OUTSIDE
AUDCHF,long,2020-07-01 00:00,2020-08-03 00:00,0.6493,0.6524,0.0030999999999999917,0.6493,0.64976,3D,2020-08-19 00:00,2020-08-24 00:00,0.65052,0.65064,0.00012000000000000899,0.038709677419357845,2020-09-01 00:00,False,OUTSIDE
AUDCHF,short,2021-03-01 00:00,2021-04-01 00:00,0.71676,0.72414,0.007380000000000053,0.71916,0.72414,3D,2021-03-31 00:00,2021-04-05 00:00,0.7191,0.71916,6.0000000000060005e-05,0.00813008130082108,,True,OUTSIDE
AUDCHF,long,2021-11-01 00:00,2021-12-01 00:00,0.64188,0.65468,0.012800000000000034,0.64188,0.6526,3D,2021-12-16 00:00,2021-12-21 00:00,0.65379,0.65418,0.00039000000000000146,0.030468750000000034,2022-01-03 00:00,False,OUTSIDE
AUDCHF,long,2023-04-03 00:00,2023-05-01 00:00,0.58514,0.59179,0.006650000000000045,0.58514,0.58654,3D,2023-05-24 00:00,2023-05-29 00:00,0.58783,0.58866,0.0008299999999999974,0.12481203007518674,2023-06-01 00:00,False,OUTSIDE
AUDCHF,short,2023-06-01 00:00,2023-07-03 00:00,0.59614,0.61691,0.020769999999999955,0.60078,0.61691,3D,2023-06-30 00:00,2023-07-05 00:00,0.60061,0.60078,0.00017000000000000348,0.008184882041406058,2024-04-01 00:00,False,OUTSIDE
AUDCHF,long,2023-08-01 00:00,2023-09-01 00:00,0.5607,0.5728,0.0121,0.5607,0.56488,3D,2023-09-01 00:00,2023-09-06 00:00,0.56488,0.56594,0.0010599999999999499,0.08760330578511982,2023-10-02 00:00,False,OUTSIDE
AUDCHF,long,2023-10-02 00:00,2023-11-01 00:00,0.56136,0.57688,0.015519999999999978,0.56136,0.57251,3D,2023-11-08 00:00,2023-11-13 00:00,0.57251,0.57316,0.0006500000000000394,0.04188144329897167,2023-12-01 00:00,False,OUTSIDE
AUDCHF,short,2023-11-01 00:00,2023-12-01 00:00,0.57811,0.58652,0.008410000000000029,0.58608,0.58652,3D,2023-12-15 00:00,2023-12-20 00:00,0.58496,0.58514,0.00017999999999995797,0.021403091557664372,2024-01-01 00:00,False,OUTSIDE
AUDCHF,short,2024-11-01 00:00,2024-12-02 00:00,0.57354,0.58332,0.0097799999999999,0.57622,0.58332,3D,2024-11-27 00:00,2024-12-02 00:00,0.57495,0.57622,0.0012699999999999934,0.12985685071574707,2025-02-03 00:00,False,OUTSIDE
CADJPY,short,2015-02-02 00:00,2015-03-02 00:00,95.655,96.8265,1.1714999999999947,96.42,96.8265,3D,2015-03-18 00:00,2015-03-23 00:00,95.985,96.0465,0.061499999999995225,0.05249679897566838,2015-04-01 00:00,False,OUTSIDE
CADJPY,short,2015-10-01 00:00,2015-11-02 00:00,92.233,93.262,1.0289999999999964,93.2535,93.262,3D,2015-11-30 00:00,2015-12-03 00:00,92.6955,92.78,0.08450000000000557,0.08211856171040414,2015-12-01 00:00,False,OUTSIDE
CADJPY,long,2016-07-01 00:00,2016-08-01 00:00,76.767,78.2795,1.5125000000000028,76.767,76.776,3D,2016-08-19 00:00,2016-08-24 00:00,77.34,77.424,0.08400000000000318,0.055537190082646626,2016-09-01 00:00,False,OUTSIDE
CADJPY,short,2016-12-01 00:00,2017-01-02 00:00,87.054,88.923,1.8689999999999998,88.658,88.923,3D,2017-01-02 00:00,2017-01-05 00:00,88.432,88.658,0.2259999999999991,0.12092027822364854,2017-02-01 00:00,False,OUTSIDE
CADJPY,long,2017-08-01 00:00,2017-09-01 00:00,85.474,88.104,2.6299999999999955,85.474,87.553,3D,2017-09-01 00:00,2017-09-06 00:00,87.553,87.702,0.1490000000000009,0.056653992395437704,2017-10-02 00:00,False,OUTSIDE
CADJPY,long,2018-03-01 00:00,2018-04-02 00:00,80.548,82.415,1.8670000000000044,80.548,81.638,3D,2018-03-29 00:00,2018-04-03 00:00,81.638,81.834,0.19599999999999795,0.10498125334761516,2018-06-01 00:00,False,OUTSIDE
CADJPY,long,2020-03-02 00:00,2020-04-01 00:00,73.812,76.474,2.662000000000006,73.812,74.974,3D,2020-03-30 00:00,2020-04-02 00:00,74.974,75.158,0.1839999999999975,0.06912096168294406,2020-05-01 00:00,False,OUTSIDE
CADJPY,short,2020-06-01 00:00,2020-07-01 00:00,79.506,81.912,2.406000000000006,80.146,81.912,3D,2020-07-21 00:00,2020-07-24 00:00,79.778,80.146,0.367999999999995,0.1529509559434722,2020-08-03 00:00,False,OUTSIDE
CADJPY,short,2022-10-03 00:00,2022-11-01 00:00,109.166,110.356,1.1899999999999977,109.311,110.356,3D,2022-10-27 00:00,2022-11-01 00:00,109.222,109.311,0.08900000000001285,0.07478991596639749,2023-06-01 00:00,False,OUTSIDE
CADJPY,long,2022-12-01 00:00,2023-01-02 00:00,94.637,96.792,2.155000000000001,94.637,95.856,3D,2023-01-23 00:00,2023-01-26 00:00,96.292,96.346,0.054000000000002046,0.025058004640372167,2023-02-01 00:00,False,OUTSIDE
CADJPY,long,2022-12-01 00:00,2023-01-02 00:00,94.637,96.792,2.155000000000001,94.637,95.856,3D,2023-01-31 00:00,2023-02-03 00:00,96.054,96.374,0.3199999999999932,0.14849187935034477,2023-02-01 00:00,False,OUTSIDE
CADJPY,long,2023-03-01 00:00,2023-04-03 00:00,94.072,98.274,4.201999999999998,94.072,97.099,3D,2023-04-04 00:00,2023-04-07 00:00,97.099,97.378,0.27899999999999636,0.06639695383150797,,True,OUTSIDE
CADJPY,long,2023-03-01 00:00,2023-04-03 00:00,94.072,98.274,4.201999999999998,94.072,97.099,3D,2023-04-25 00:00,2023-04-28 00:00,97.56,98.026,0.465999999999994,0.11089957163255454,,True,OUTSIDE
CADJPY,long,2023-12-01 00:00,2024-01-01 00:00,104.223,106.43,2.207000000000008,104.223,106.228,3D,2023-12-28 00:00,2024-01-01 00:00,106.228,106.332,0.1039999999999992,0.04712279111916576,2024-08-01 00:00,False,OUTSIDE
AUDNZD,long,2015-07-01 00:00,2015-08-03 00:00,1.089805,1.10786,0.018055000000000154,1.089805,1.092375,3D,2015-08-20 00:00,2015-08-25 00:00,1.092375,1.094635,0.0022599999999999287,0.12517308224867957,2015-09-01 00:00,False,OUTSIDE
AUDNZD,short,2015-08-03 00:00,2015-09-01 00:00,1.12187,1.14723,0.02536000000000005,1.13482,1.14723,3D,2015-09-15 00:00,2015-09-18 00:00,1.13291,1.13482,0.0019099999999998563,0.0753154574132434,2016-03-01 00:00,False,OUTSIDE
AUDNZD,long,2015-12-01 00:00,2016-01-01 00:00,1.05393,1.06689,0.01295999999999986,1.05393,1.05678,3D,2016-01-14 00:00,2016-01-19 00:00,1.06112,1.06315,0.0020299999999999763,0.15663580246913567,2016-02-01 00:00,False,OUTSIDE
AUDNZD,short,2016-03-01 00:00,2016-04-01 00:00,1.108245,1.13338,0.02513500000000013,1.12718,1.13338,3D,2016-04-20 00:00,2016-04-25 00:00,1.12668,1.12718,0.000500000000000167,0.019892580067641313,2017-09-01 00:00,False,OUTSIDE
AUDNZD,short,2016-07-01 00:00,2016-08-01 00:00,1.05435,1.07722,0.022870000000000168,1.07442,1.07722,3D,2016-08-08 00:00,2016-08-11 00:00,1.07162,1.07442,0.0027999999999999137,0.12243113248797084,2016-09-01 00:00,False,OUTSIDE
AUDNZD,short,2016-10-03 00:00,2016-11-01 00:00,1.064245,1.07652,0.012274999999999814,1.07048,1.07652,3D,2016-11-11 00:00,2016-11-16 00:00,1.06564,1.0659,0.000260000000000149,0.021181262729136695,2017-02-01 00:00,False,OUTSIDE
AUDNZD,long,2017-06-01 00:00,2017-07-03 00:00,1.03722,1.04834,0.011120000000000019,1.03722,1.0397,3D,2017-06-30 00:00,2017-07-05 00:00,1.0397,1.04178,0.0020799999999998597,0.18705035971221728,2018-12-03 00:00,False,OUTSIDE
AUDNZD,short,2018-09-03 00:00,2018-10-01 00:00,1.09069,1.1021,0.011410000000000142,1.09942,1.1021,3D,2018-10-04 00:00,2018-10-09 00:00,1.09762,1.09942,0.0018000000000000238,0.1577563540753726,2020-08-03 00:00,False,OUTSIDE
AUDNZD,long,2018-12-03 00:00,2019-01-01 00:00,1.00415,1.04972,0.04556999999999989,1.00415,1.04346,3D,2019-01-25 00:00,2019-01-30 00:00,1.04507,1.04668,0.0016100000000001113,0.03533026113671528,2019-02-01 00:00,False,OUTSIDE
AUDNZD,short,2019-01-01 00:00,2019-02-01 00:00,1.05144,1.06704,0.015600000000000058,1.05461,1.06704,3D,2019-02-07 00:00,2019-02-12 00:00,1.05362,1.05461,0.0009900000000000464,0.06346153846154119,2019-04-01 00:00,False,OUTSIDE
AUDNZD,long,2020-03-02 00:00,2020-04-01 00:00,0.99955,1.02892,0.029370000000000007,0.99955,1.02061,3D,2020-04-02 00:00,2020-04-07 00:00,1.02061,1.02462,0.004010000000000069,0.13653387810691414,2021-09-01 00:00,False,OUTSIDE
AUDNZD,short,2020-08-03 00:00,2020-09-01 00:00,1.09533,1.10439,0.009060000000000068,1.09602,1.10439,3D,2020-08-27 00:00,2020-09-01 00:00,1.09581,1.09602,0.00021000000000004349,0.023178807947024493,2022-04-01 00:00,False,OUTSIDE
AUDNZD,short,2021-10-01 00:00,2021-11-01 00:00,1.04834,1.06124,0.012899999999999912,1.05022,1.06124,3D,2021-11-25 00:00,2021-11-30 00:00,1.04835,1.05022,0.0018700000000000383,0.14496124031008148,2021-12-01 00:00,False,OUTSIDE
AUDNZD,short,2023-06-01 00:00,2023-07-03 00:00,1.08527,1.10548,0.02021000000000006,1.09265,1.10548,3D,2023-07-21 00:00,2023-07-26 00:00,1.09218,1.09265,0.00046999999999997044,0.02325581395348684,2023-08-01 00:00,False,OUTSIDE
AUDNZD,long,2023-07-03 00:00,2023-08-01 00:00,1.07252,1.08208,0.009560000000000013,1.07252,1.07314,3D,2023-07-31 00:00,2023-08-03 00:00,1.07314,1.07342,0.000280000000000058,0.02928870292887632,2023-09-01 00:00,False,OUTSIDE
AUDNZD,long,2023-07-03 00:00,2023-08-01 00:00,1.07252,1.08208,0.009560000000000013,1.07252,1.07314,3D,2023-08-16 00:00,2023-08-21 00:00,1.07804,1.07972,0.0016799999999999038,0.17573221757321145,2023-09-01 00:00,False,OUTSIDE
AUDNZD,short,2024-07-01 00:00,2024-08-01 00:00,1.09938,1.1156,0.0162199999999999,1.10576,1.1156,3D,2024-08-14 00:00,2024-08-19 00:00,1.10336,1.10576,0.0024000000000001798,0.1479654747225767,2024-10-01 00:00,False,OUTSIDE
AUDNZD,long,2024-11-01 00:00,2024-12-02 00:00,1.09428,1.1016,0.007319999999999993,1.09428,1.09862,3D,2024-12-13 00:00,2024-12-18 00:00,1.09953,1.10038,0.0008500000000000174,0.11612021857923746,2025-01-01 00:00,False,OUTSIDE
NZDCHF,short,2015-03-02 00:00,2015-04-01 00:00,0.726485,0.748985,0.022499999999999964,0.74533,0.748985,3D,2015-04-24 00:00,2015-04-29 00:00,0.7389,0.739495,0.0005950000000000122,0.026444444444445027,2016-11-01 00:00,False,OUTSIDE
NZDCHF,long,2015-08-03 00:00,2015-09-01 00:00,0.56544,0.61338,0.04793999999999998,0.56544,0.60606,3D,2015-08-28 00:00,2015-09-02 00:00,0.60606,0.60663,0.0005699999999999594,0.011889862327909045,2020-02-03 00:00,False,OUTSIDE
NZDCHF,long,2015-08-03 00:00,2015-09-01 00:00,0.56544,0.61338,0.04793999999999998,0.56544,0.60606,3D,2015-09-15 00:00,2015-09-18 00:00,0.6089,0.609085,0.00018499999999999073,0.0038589904046723153,2020-02-03 00:00,False,OUTSIDE
NZDCHF,long,2016-02-01 00:00,2016-03-01 00:00,0.637245,0.657955,0.020710000000000006,0.637245,0.649585,3D,2016-03-22 00:00,2016-03-25 00:00,0.651125,0.652245,0.0011200000000000099,0.05408015451472765,2016-04-01 00:00,False,OUTSIDE
NZDCHF,long,2016-10-03 00:00,2016-11-01 00:00,0.694475,0.707155,0.012680000000000025,0.694475,0.695405,3D,2016-11-16 00:00,2016-11-21 00:00,0.705965,0.70599,2.5000000000052758e-05,0.0019716088328117277,2016-12-01 00:00,False,OUTSIDE
NZDCHF,short,2017-09-01 00:00,2017-10-02 00:00,0.69829,0.71446,0.016170000000000018,0.70402,0.71446,3D,2017-10-13 00:00,2017-10-18 00:00,0.7029,0.70402,0.0011200000000000099,0.0692640692640698,2017-12-01 00:00,False,OUTSIDE
NZDCHF,long,2018-02-01 00:00,2018-03-01 00:00,0.6738,0.6811,0.007300000000000084,0.6738,0.67474,3D,2018-02-28 00:00,2018-03-05 00:00,0.67474,0.67584,0.0010999999999999899,0.1506849315068462,2018-05-01 00:00,False,OUTSIDE
NZDCHF,short,2018-04-02 00:00,2018-05-01 00:00,0.69699,0.71214,0.015149999999999997,0.70458,0.71214,3D,2018-05-07 00:00,2018-05-10 00:00,0.70279,0.70458,0.0017899999999999583,0.11815181518151542,2018-06-01 00:00,False,OUTSIDE
NZDCHF,long,2018-12-03 00:00,2019-01-01 00:00,0.65122,0.65939,0.00817000000000001,0.65122,0.65628,3D,2019-01-04 00:00,2019-01-09 00:00,0.65867,0.6589,0.0002300000000000635,0.028151774785809446,2019-05-01 00:00,False,OUTSIDE
NZDCHF,long,2019-08-01 00:00,2019-09-02 00:00,0.6163,0.62407,0.007770000000000055,0.6163,0.61962,3D,2019-09-18 00:00,2019-09-23 00:00,0.61962,0.61994,0.000320000000000098,0.041184041184053506,2019-10-01 00:00,False,OUTSIDE
NZDCHF,long,2020-03-02 00:00,2020-04-01 00:00,0.53,0.57295,0.04294999999999993,0.53,0.56795,3D,2020-03-30 00:00,2020-04-02 00:00,0.56795,0.57048,0.0025300000000000322,0.05890570430733495,2022-09-01 00:00,False,OUTSIDE
NZDCHF,short,2020-09-01 00:00,2020-10-01 00:00,0.60906,0.61861,0.009549999999999947,0.61166,0.61861,3D,2020-09-30 00:00,2020-10-05 00:00,0.61126,0.61166,0.00039999999999995595,0.04188481675392232,2020-11-02 00:00,False,OUTSIDE
NZDCHF,short,2021-03-01 00:00,2021-04-01 00:00,0.65904,0.67286,0.013820000000000054,0.66451,0.67286,3D,2021-03-31 00:00,2021-04-05 00:00,0.66382,0.66451,0.0006900000000000794,0.04992764109986084,2021-05-03 00:00,False,OUTSIDE
NZDCHF,short,2021-03-01 00:00,2021-04-01 00:00,0.65904,0.67286,0.013820000000000054,0.66451,0.67286,3D,2021-04-26 00:00,2021-04-29 00:00,0.66187,0.6624,0.0005300000000000304,0.038350217076702484,2021-05-03 00:00,False,OUTSIDE
NZDCHF,short,2022-03-01 00:00,2022-04-01 00:00,0.63996,0.65168,0.011720000000000064,0.65065,0.65168,3D,2022-04-18 00:00,2022-04-21 00:00,0.64582,0.64627,0.00045000000000006146,0.0383959044368651,,True,OUTSIDE
NZDCHF,short,2022-08-01 00:00,2022-09-01 00:00,0.59855,0.60881,0.010259999999999936,0.60221,0.60881,3D,2022-08-30 00:00,2022-09-02 00:00,0.60092,0.60221,0.0012900000000000134,0.12573099415204886,2022-12-01 00:00,False,OUTSIDE
NZDCHF,short,2023-06-01 00:00,2023-07-03 00:00,0.54946,0.56043,0.010970000000000035,0.5578,0.56043,3D,2023-06-30 00:00,2023-07-05 00:00,0.55628,0.5578,0.0015199999999999658,0.1385597082953474,2023-09-01 00:00,False,OUTSIDE
NZDCHF,long,2023-08-01 00:00,2023-09-01 00:00,0.51902,0.52708,0.008059999999999956,0.51902,0.52087,3D,2023-09-01 00:00,2023-09-06 00:00,0.52087,0.52173,0.0008599999999999719,0.10669975186103928,2023-10-02 00:00,False,OUTSIDE
NZDCHF,short,2023-11-01 00:00,2023-12-01 00:00,0.5385,0.54396,0.00546000000000002,0.54366,0.54396,3D,2023-12-15 00:00,2023-12-20 00:00,0.54285,0.54366,0.0008099999999999774,0.14835164835164366,2024-02-01 00:00,False,OUTSIDE
NZDCHF,short,2024-11-01 00:00,2024-12-02 00:00,0.52066,0.5265,0.005839999999999956,0.52351,0.5265,3D,2024-11-27 00:00,2024-12-02 00:00,0.52284,0.52351,0.0006700000000000594,0.11472602739727131,,True,OUTSIDE
EURGBP,long,2015-03-02 00:00,2015-04-01 00:00,0.701445,0.724275,0.022830000000000017,0.701445,0.71173,3D,2015-04-24 00:00,2015-04-29 00:00,0.713225,0.713695,0.00046999999999997044,0.02058694699956067,2015-05-01 00:00,False,OUTSIDE
EURGBP,short,2017-01-02 00:00,2017-02-01 00:00,0.85839,0.88522,0.02683000000000002,0.86447,0.88522,3D,2017-01-31 00:00,2017-02-03 00:00,0.86343,0.86447,0.0010399999999999299,0.03876257920238275,2017-03-01 00:00,False,OUTSIDE
EURGBP,long,2017-04-03 00:00,2017-05-01 00:00,0.83135,0.84138,0.010029999999999983,0.83135,0.83838,3D,2017-05-08 00:00,2017-05-11 00:00,0.83838,0.83958,0.0011999999999999789,0.11964107676968902,2019-12-02 00:00,False,OUTSIDE
EURGBP,short,2018-08-01 00:00,2018-09-03 00:00,0.89545,0.90985,0.01440000000000008,0.9052,0.90985,3D,2018-08-31 00:00,2018-09-05 00:00,0.90332,0.9052,0.0018799999999999928,0.13055555555555434,2018-12-03 00:00,False,OUTSIDE
EURGBP,short,2019-03-01 00:00,2019-04-01 00:00,0.86064,0.8723,0.011660000000000004,0.8682,0.8723,3D,2019-04-19 00:00,2019-04-24 00:00,0.86802,0.8682,0.00017999999999995797,0.015437392795879752,2019-05-01 00:00,False,OUTSIDE
EURGBP,short,2020-06-01 00:00,2020-07-01 00:00,0.90582,0.91756,0.011740000000000084,0.91482,0.91756,3D,2020-07-21 00:00,2020-07-24 00:00,0.91368,0.91482,0.0011399999999999189,0.09710391822827179,2020-08-03 00:00,False,OUTSIDE
EURGBP,short,2020-09-01 00:00,2020-10-01 00:00,0.90762,0.92918,0.021560000000000024,0.91626,0.92918,3D,2020-10-16 00:00,2020-10-21 00:00,0.91377,0.91486,0.0010900000000000354,0.050556586270873574,2020-12-01 00:00,False,OUTSIDE
EURGBP,short,2021-04-01 00:00,2021-05-03 00:00,0.86985,0.872,0.0021499999999999853,0.87139,0.872,3D,2021-05-04 00:00,2021-05-07 00:00,0.86988,0.8701,0.00021999999999999797,0.1023255813953486,2022-06-01 00:00,False,OUTSIDE
EURGBP,short,2021-11-01 00:00,2021-12-01 00:00,0.85245,0.85995,0.007499999999999951,0.85949,0.85995,3D,2021-12-16 00:00,2021-12-21 00:00,0.85494,0.85506,0.00012000000000000899,0.0160000000000013,2022-05-02 00:00,False,OUTSIDE
EURGBP,long,2022-01-03 00:00,2022-02-01 00:00,0.82852,0.83548,0.006959999999999966,0.82852,0.8305,3D,2022-02-17 00:00,2022-02-22 00:00,0.83062,0.83125,0.0006300000000000194,0.09051724137931358,2022-03-01 00:00,False,OUTSIDE
EURGBP,short,2022-09-01 00:00,2022-10-03 00:00,0.87743,0.92785,0.05041999999999991,0.88669,0.92785,3D,2022-10-06 00:00,2022-10-11 00:00,0.8819,0.88669,0.004789999999999961,0.09500198333994386,2022-11-01 00:00,False,OUTSIDE
EURGBP,long,2022-10-03 00:00,2022-11-01 00:00,0.8572,0.86184,0.0046400000000000885,0.8572,0.8572,3D,2022-11-22 00:00,2022-11-25 00:00,0.8572,0.85772,0.000520000000000076,0.1120689655172556,2022-12-01 00:00,False,OUTSIDE
EURGBP,long,2023-08-01 00:00,2023-09-01 00:00,0.84928,0.85568,0.006399999999999961,0.84928,0.85238,3D,2023-09-01 00:00,2023-09-06 00:00,0.85238,0.85285,0.00046999999999997044,0.07343749999999583,2023-12-01 00:00,False,OUTSIDE
EURGBP,short,2025-01-01 00:00,2025-02-03 00:00,0.83179,0.84736,0.015569999999999973,0.83784,0.84736,3D,2025-02-12 00:00,2025-02-17 00:00,0.83392,0.83562,0.0017000000000000348,0.10918432883751046,2025-03-03 00:00,False,OUTSIDE
NZDUSD,long,2015-08-03 00:00,2015-09-01 00:00,0.60871,0.634105,0.025395000000000056,0.60871,0.62367,3D,2015-09-18 00:00,2015-09-23 00:00,0.62367,0.6272,0.003530000000000033,0.13900374089387774,2019-08-01 00:00,False,OUTSIDE
NZDUSD,long,2017-08-01 00:00,2017-09-01 00:00,0.7132,0.71774,0.0045400000000000995,0.7132,0.71444,3D,2017-09-22 00:00,2017-09-27 00:00,0.71667,0.71677,9.999999999998899e-05,0.022026431718058764,2017-10-02 00:00,False,OUTSIDE
NZDUSD,long,2018-12-03 00:00,2019-01-01 00:00,0.65819,0.67178,0.013589999999999991,0.65819,0.66912,3D,2019-01-17 00:00,2019-01-22 00:00,0.67072,0.67138,0.0006599999999999939,0.048565121412803114,2019-04-01 00:00,False,OUTSIDE
NZDUSD,long,2019-05-01 00:00,2019-06-03 00:00,0.64818,0.65356,0.005380000000000051,0.64818,0.64886,3D,2019-06-13 00:00,2019-06-18 00:00,0.64886,0.64906,0.00019999999999997797,0.03717472118958663,2019-08-01 00:00,False,OUTSIDE
NZDUSD,long,2020-03-02 00:00,2020-04-01 00:00,0.54694,0.59616,0.04922000000000004,0.54694,0.58435,3D,2020-03-30 00:00,2020-04-02 00:00,0.58435,0.58794,0.003589999999999982,0.07293783015034497,2020-05-01 00:00,False,OUTSIDE
NZDUSD,long,2020-03-02 00:00,2020-04-01 00:00,0.54694,0.59616,0.04922000000000004,0.54694,0.58435,3D,2020-04-20 00:00,2020-04-23 00:00,0.59106,0.59338,0.0023199999999999887,0.047135310849248005,2020-05-01 00:00,False,OUTSIDE
NZDUSD,short,2021-02-01 00:00,2021-03-01 00:00,0.7233,0.74648,0.02317999999999998,0.73072,0.74648,3D,2021-03-15 00:00,2021-03-18 00:00,0.72642,0.72696,0.000540000000000096,0.023295944779986904,2021-04-01 00:00,False,OUTSIDE
NZDUSD,short,2021-10-01 00:00,2021-11-01 00:00,0.71702,0.72186,0.0048399999999999554,0.71978,0.72186,3D,2021-11-04 00:00,2021-11-09 00:00,0.71744,0.71788,0.00043999999999999595,0.09090909090909091,,True,OUTSIDE
NZDUSD,long,2021-11-01 00:00,2021-12-01 00:00,0.67016,0.68236,0.012199999999999989,0.67016,0.67726,3D,2021-12-24 00:00,2021-12-29 00:00,0.67886,0.67889,2.999999999997449e-05,0.0024590163934405346,2022-01-03 00:00,False,OUTSIDE
NZDUSD,long,2023-02-01 00:00,2023-03-01 00:00,0.60844,0.6185,0.010060000000000069,0.60844,0.61311,3D,2023-03-17 00:00,2023-03-22 00:00,0.61674,0.61717,0.00043000000000004146,0.042743538767399454,2023-04-03 00:00,False,OUTSIDE
NZDUSD,long,2023-08-01 00:00,2023-09-01 00:00,0.58592,0.59664,0.010719999999999952,0.58592,0.58862,3D,2023-09-14 00:00,2023-09-19 00:00,0.58929,0.58959,0.00029999999999996696,0.027985074626862717,2023-10-02 00:00,False,OUTSIDE
USDCAD,long,2015-02-02 00:00,2015-03-02 00:00,1.235175,1.25064,0.015465000000000062,1.235175,1.24065,3D,2015-03-02 00:00,2015-03-05 00:00,1.24065,1.2407,4.999999999988347e-05,0.0032331070158346763,2015-04-01 00:00,False,OUTSIDE
USDCAD,long,2015-02-02 00:00,2015-03-02 00:00,1.235175,1.25064,0.015465000000000062,1.235175,1.24065,3D,2015-03-23 00:00,2015-03-26 00:00,1.241005,1.24276,0.001755000000000173,0.11348205625607281,2015-04-01 00:00,False,OUTSIDE
USDCAD,long,2015-10-01 00:00,2015-11-02 00:00,1.283225,1.307675,0.02444999999999986,1.283225,1.303835,3D,2015-10-30 00:00,2015-11-04 00:00,1.303835,1.304545,0.0007099999999999884,0.029038854805725663,2016-03-01 00:00,False,OUTSIDE
USDCAD,short,2016-05-02 00:00,2016-06-01 00:00,1.30927,1.31883,0.009560000000000013,1.31443,1.31883,3D,2016-05-27 00:00,2016-06-01 00:00,1.31345,1.31443,0.0009799999999999809,0.10251046025104389,2016-07-01 00:00,False,OUTSIDE
USDCAD,long,2016-06-01 00:00,2016-07-01 00:00,1.265495,1.292425,0.0269299999999999,1.265495,1.283165,3D,2016-06-30 00:00,2016-07-05 00:00,1.283165,1.2842,0.0010350000000001192,0.03843297437802165,2016-08-01 00:00,False,OUTSIDE
USDCAD,long,2018-04-02 00:00,2018-05-01 00:00,1.25279,1.28435,0.03156000000000003,1.25279,1.27296,3D,2018-05-15 00:00,2018-05-18 00:00,1.2743,1.27492,0.0006200000000000649,0.01964512040557872,2018-10-01 00:00,False,OUTSIDE
USDCAD,short,2018-06-01 00:00,2018-07-02 00:00,1.31345,1.33862,0.025169999999999915,1.32898,1.33862,3D,2018-07-17 00:00,2018-07-20 00:00,1.32897,1.32898,1.0000000000065512e-05,0.00039729837107928273,2018-08-01 00:00,False,OUTSIDE
USDCAD,short,2019-11-01 00:00,2019-12-02 00:00,1.32782,1.33278,0.0049600000000000755,1.33208,1.33278,3D,2019-11-28 00:00,2019-12-03 00:00,1.33138,1.33208,0.0006999999999999229,0.14112903225804682,2020-02-03 00:00,False,OUTSIDE
USDCAD,short,2020-03-02 00:00,2020-04-01 00:00,1.4061,1.46685,0.06075000000000008,1.4299,1.46685,3D,2020-04-20 00:00,2020-04-23 00:00,1.41985,1.42652,0.006669999999999954,0.10979423868312667,2020-05-01 00:00,False,OUTSIDE
USDCAD,long,2022-03-01 00:00,2022-04-01 00:00,1.24028,1.2507,0.010419999999999874,1.24028,1.24296,3D,2022-04-18 00:00,2022-04-21 00:00,1.24584,1.24723,0.0013900000000000023,0.13339731285988668,,True,OUTSIDE
USDCAD,short,2022-06-01 00:00,2022-07-01 00:00,1.28745,1.32236,0.03491,1.3079,1.32236,3D,2022-07-22 00:00,2022-07-27 00:00,1.29118,1.29468,0.0035000000000000586,0.10025780578630934,2022-08-01 00:00,False,OUTSIDE
USDCAD,long,2022-11-01 00:00,2022-12-01 00:00,1.32262,1.34228,0.01966000000000001,1.32262,1.33854,3D,2022-11-30 00:00,2022-12-05 00:00,1.33854,1.33952,0.0009799999999999809,0.04984740590030419,2023-01-02 00:00,False,OUTSIDE
GBPNZD,short,2015-08-03 00:00,2015-09-01 00:00,2.419815,2.59397,0.17415500000000028,2.46283,2.59397,3D,2015-09-15 00:00,2015-09-18 00:00,2.460095,2.4611,0.0010050000000001447,0.005770721483736574,,True,OUTSIDE
GBPNZD,long,2016-10-03 00:00,2016-11-01 00:00,1.62266,1.71224,0.08957999999999999,1.62266,1.67066,3D,2016-11-03 00:00,2016-11-08 00:00,1.67066,1.684615,0.01395499999999994,0.1557825407457015,2017-01-02 00:00,False,OUTSIDE
GBPNZD,long,2017-01-02 00:00,2017-02-01 00:00,1.68348,1.720455,0.03697499999999998,1.68348,1.6911,3D,2017-02-24 00:00,2017-03-01 00:00,1.71446,1.71632,0.0018599999999999728,0.05030425963488773,2017-03-01 00:00,False,OUTSIDE
GBPNZD,long,2018-02-01 00:00,2018-03-01 00:00,1.89046,1.90871,0.018249999999999877,1.89046,1.89157,3D,2018-03-08 00:00,2018-03-13 00:00,1.8925,1.89332,0.0008199999999998209,0.04493150684930555,2018-05-01 00:00,False,OUTSIDE
GBPNZD,short,2018-04-02 00:00,2018-05-01 00:00,1.95672,1.97594,0.019220000000000015,1.97009,1.97594,3D,2018-05-15 00:00,2018-05-18 00:00,1.9667,1.97009,0.003390000000000004,0.176378772112383,2018-07-02 00:00,False,OUTSIDE
GBPNZD,long,2019-01-01 00:00,2019-02-01 00:00,1.86034,1.8949,0.034559999999999924,1.86034,1.86612,3D,2019-02-12 00:00,2019-02-15 00:00,1.86612,1.8687,0.0025800000000000267,0.07465277777777872,2019-06-03 00:00,False,OUTSIDE
GBPNZD,long,2019-12-02 00:00,2020-01-01 00:00,1.94166,1.9709,0.029240000000000155,1.94166,1.95452,3D,2020-01-09 00:00,2020-01-14 00:00,1.95452,1.95456,4.0000000000040004e-05,0.0013679890560889122,2020-06-01 00:00,False,OUTSIDE
GBPNZD,short,2020-03-02 00:00,2020-04-01 00:00,2.08391,2.19044,0.10653000000000024,2.10408,2.19044,3D,2020-03-30 00:00,2020-04-02 00:00,2.10318,2.10408,0.0009000000000001229,0.008448324415658697,2023-06-01 00:00,False,OUTSIDE
GBPNZD,long,2021-04-01 00:00,2021-05-03 00:00,1.91732,1.92975,0.012430000000000163,1.91732,1.9177,3D,2021-05-04 00:00,2021-05-07 00:00,1.9177,1.91906,0.0013600000000000279,0.1094127111826235,2021-10-01 00:00,False,OUTSIDE
GBPNZD,short,2022-06-01 00:00,2022-07-01 00:00,1.95014,1.96366,0.013519999999999976,1.96303,1.96366,3D,2022-07-06 00:00,2022-07-11 00:00,1.95072,1.9528,0.002080000000000082,0.15384615384616016,2022-08-01 00:00,False,OUTSIDE
GBPNZD,short,2023-08-01 00:00,2023-09-01 00:00,2.1239,2.1587,0.034800000000000164,2.14154,2.1587,3D,2023-09-01 00:00,2023-09-06 00:00,2.14122,2.14154,0.00031999999999987594,0.009195402298846966,2024-05-01 00:00,False,OUTSIDE
GBPNZD,short,2024-10-01 00:00,2024-11-01 00:00,2.15815,2.18434,0.026190000000000158,2.17788,2.18434,3D,2024-11-01 00:00,2024-11-06 00:00,2.1739,2.17788,0.0039799999999998725,0.15196639938907403,2024-12-02 00:00,False,OUTSIDE
GBPNZD,long,2025-01-01 00:00,2025-02-03 00:00,2.16804,2.19813,0.03008999999999995,2.16804,2.18334,3D,2025-02-04 00:00,2025-02-07 00:00,2.18334,2.18425,0.0009100000000001884,0.030242605516789298,,True,OUTSIDE
GBPNZD,long,2025-01-01 00:00,2025-02-03 00:00,2.16804,2.19813,0.03008999999999995,2.16804,2.18334,3D,2025-02-12 00:00,2025-02-17 00:00,2.19075,2.19336,0.0026100000000002233,0.08673978065803349,,True,OUTSIDE
GBPNZD,long,2025-04-01 00:00,2025-05-01 00:00,2.21379,2.24698,0.033190000000000275,2.21379,2.21789,3D,2025-05-02 00:00,2025-05-07 00:00,2.21789,2.2198,0.0019100000000000783,0.05754745405242731,,True,OUTSIDE
EURCHF,short,2015-02-02 00:00,2015-03-02 00:00,1.06792,1.08106,0.01313999999999993,1.07613,1.08106,3D,2015-03-05 00:00,2015-03-10 00:00,1.07325,1.07553,0.0022800000000000598,0.1735159817351653,2015-07-01 00:00,False,OUTSIDE
EURCHF,short,2015-09-01 00:00,2015-10-01 00:00,1.087825,1.104965,0.017139999999999933,1.09497,1.104965,3D,2015-10-09 00:00,2015-10-14 00:00,1.09174,1.09497,0.003230000000000066,0.18844807467911778,2015-11-02 00:00,False,OUTSIDE
EURCHF,long,2015-12-01 00:00,2016-01-01 00:00,1.075615,1.086615,0.01100000000000012,1.075615,1.082735,3D,2016-01-01 00:00,2016-01-06 00:00,1.082735,1.083525,0.0007900000000000684,0.07181818181818725,2016-02-01 00:00,False,OUTSIDE
EURCHF,short,2016-05-02 00:00,2016-06-01 00:00,1.106365,1.112875,0.006510000000000016,1.11062,1.112875,3D,2016-06-01 00:00,2016-06-06 00:00,1.10988,1.11062,0.0007399999999999629,0.11367127496159157,2017-07-03 00:00,False,OUTSIDE
EURCHF,long,2016-07-01 00:00,2016-08-01 00:00,1.07896,1.08331,0.004350000000000076,1.07896,1.07952,3D,2016-08-16 00:00,2016-08-19 00:00,1.08269,1.08315,0.000460000000000127,0.10574712643680895,2016-09-01 00:00,False,OUTSIDE
EURCHF,long,2017-08-01 00:00,2017-09-01 00:00,1.12592,1.141745,0.015824999999999978,1.12592,1.13605,3D,2017-09-06 00:00,2017-09-11 00:00,1.13605,1.13645,0.00039999999999995595,0.025276461295415893,2017-10-02 00:00,False,OUTSIDE
EURCHF,long,2017-08-01 00:00,2017-09-01 00:00,1.12592,1.141745,0.015824999999999978,1.12592,1.13605,3D,2017-09-22 00:00,2017-09-27 00:00,1.14083,1.14122,0.00038999999999989043,0.024644549763026286,2017-10-02 00:00,False,OUTSIDE
EURCHF,long,2018-05-01 00:00,2018-06-01 00:00,1.13684,1.15272,0.015879999999999894,1.13684,1.14794,3D,2018-06-18 00:00,2018-06-21 00:00,1.14794,1.14874,0.0008000000000001339,0.05037783375315739,2018-08-01 00:00,False,OUTSIDE
EURCHF,short,2018-10-01 00:00,2018-11-01 00:00,1.14078,1.15016,0.009380000000000166,1.14705,1.15016,3D,2018-11-02 00:00,2018-11-07 00:00,1.14702,1.14705,2.999999999997449e-05,0.0031982942430675864,2019-01-01 00:00,False,OUTSIDE
EURCHF,short,2019-01-01 00:00,2019-02-01 00:00,1.13832,1.14439,0.00607000000000002,1.1429,1.14439,3D,2019-02-25 00:00,2019-02-28 00:00,1.13882,1.13939,0.0005699999999999594,0.09390444810542958,2019-03-01 00:00,False,OUTSIDE
EURCHF,long,2019-09-02 00:00,2019-10-01 00:00,1.08114,1.08775,0.006610000000000005,1.08114,1.08523,3D,2019-10-04 00:00,2019-10-09 00:00,1.0872,1.08726,5.999999999994898e-05,0.009077155824500596,2019-11-01 00:00,False,OUTSIDE
EURCHF,short,2020-05-01 00:00,2020-06-01 00:00,1.06748,1.09155,0.024070000000000036,1.0726,1.09155,3D,2020-06-25 00:00,2020-06-30 00:00,1.06962,1.06988,0.00025999999999992696,0.01080182800165877,2020-07-01 00:00,False,OUTSIDE
EURCHF,short,2020-09-01 00:00,2020-10-01 00:00,1.07937,1.08776,0.00839000000000012,1.08056,1.08776,3D,2020-10-05 00:00,2020-10-08 00:00,1.07968,1.08006,0.00038000000000004697,0.04529201430274631,2020-11-02 00:00,False,OUTSIDE
EURCHF,short,2022-01-03 00:00,2022-02-01 00:00,1.04121,1.06118,0.019970000000000043,1.05117,1.06118,3D,2022-02-22 00:00,2022-02-25 00:00,1.04481,1.04616,0.0013499999999999623,0.0676014021031527,2022-05-02 00:00,False,OUTSIDE
EURCHF,long,2022-03-01 00:00,2022-04-01 00:00,0.99722,1.0213,0.0240800000000001,0.99722,1.00882,3D,2022-04-08 00:00,2022-04-13 00:00,1.00882,1.00892,9.999999999998899e-05,0.004152823920265306,2022-06-01 00:00,False,OUTSIDE
EURCHF,long,2022-03-01 00:00,2022-04-01 00:00,0.99722,1.0213,0.0240800000000001,0.99722,1.00882,3D,2022-04-26 00:00,2022-04-29 00:00,1.01888,1.01892,4.0000000000040004e-05,0.0016611295681079666,2022-06-01 00:00,False,OUTSIDE
EURCHF,short,2022-05-02 00:00,2022-06-01 00:00,1.0298,1.05156,0.02176,1.05144,1.05156,3D,2022-06-10 00:00,2022-06-15 00:00,1.04524,1.0479,0.0026600000000001067,0.12224264705882842,,True,OUTSIDE
EURCHF,long,2022-09-01 00:00,2022-10-03 00:00,0.94077,0.96776,0.02698999999999996,0.94077,0.96432,3D,2022-10-06 00:00,2022-10-11 00:00,0.96438,0.96606,0.0016800000000000148,0.06224527602815922,2023-05-01 00:00,False,OUTSIDE
EURCHF,short,2022-10-03 00:00,2022-11-01 00:00,0.99015,0.99554,0.005390000000000006,0.99368,0.99554,3D,2022-11-04 00:00,2022-11-09 00:00,0.99367,0.99368,9.99999999995449e-06,0.0018552875695648384,2022-12-01 00:00,False,OUTSIDE
EURCHF,long,2023-05-01 00:00,2023-06-01 00:00,0.96722,0.97334,0.006120000000000014,0.96722,0.96846,3D,2023-06-06 00:00,2023-06-09 00:00,0.96846,0.96886,0.00040000000000006697,0.0653594771241938,2023-07-03 00:00,False,OUTSIDE
EURCHF,long,2023-12-01 00:00,2024-01-01 00:00,0.92542,0.92883,0.003410000000000024,0.92542,0.92706,3D,2024-01-01 00:00,2024-01-04 00:00,0.92706,0.92726,0.00019999999999997797,0.058651026392955004,2024-08-01 00:00,False,OUTSIDE
EURCHF,long,2024-08-01 00:00,2024-09-02 00:00,0.92108,0.93906,0.017979999999999996,0.92108,0.93071,3D,2024-09-04 00:00,2024-09-09 00:00,0.93071,0.93377,0.0030599999999999516,0.170189098998885,2024-10-01 00:00,False,OUTSIDE
EURCHF,long,2024-11-01 00:00,2024-12-02 00:00,0.92048,0.93082,0.010340000000000016,0.92048,0.9256,3D,2024-12-05 00:00,2024-12-10 00:00,0.9256,0.92562,2.0000000000020002e-05,0.0019342359767910997,2025-04-01 00:00,False,OUTSIDE
EURCHF,short,2025-01-01 00:00,2025-02-03 00:00,0.93746,0.95177,0.014310000000000045,0.95134,0.95177,3D,2025-02-17 00:00,2025-02-20 00:00,0.94352,0.9455,0.0019799999999999818,0.13836477987421214,2025-03-03 00:00,False,OUTSIDE
CADCHF,short,2015-04-01 00:00,2015-05-01 00:00,0.77223,0.795835,0.023604999999999987,0.77649,0.795835,3D,2015-05-07 00:00,2015-05-12 00:00,0.7736,0.775555,0.00195500000000004,0.08282143613641352,2015-11-02 00:00,False,OUTSIDE
CADCHF,long,2015-09-01 00:00,2015-10-01 00:00,0.72121,0.731255,0.01004499999999997,0.72121,0.7286,3D,2015-10-19 00:00,2015-10-22 00:00,0.7286,0.72982,0.0012199999999999989,0.12145345943255376,2015-12-01 00:00,False,OUTSIDE
CADCHF,short,2017-01-02 00:00,2017-02-01 00:00,0.75928,0.77386,0.014580000000000037,0.77244,0.77386,3D,2017-02-21 00:00,2017-02-24 00:00,0.7697,0.770425,0.0007249999999999757,0.04972565157750163,2017-03-01 00:00,False,OUTSIDE
CADCHF,long,2018-06-01 00:00,2018-07-02 00:00,0.73967,0.75416,0.014490000000000003,0.73967,0.75205,3D,2018-07-17 00:00,2018-07-20 00:00,0.75242,0.75252,9.999999999998899e-05,0.0069013112491365745,2018-08-01 00:00,False,OUTSIDE
CADCHF,short,2018-07-02 00:00,2018-08-01 00:00,0.76137,0.76784,0.006469999999999976,0.76418,0.76784,3D,2018-08-15 00:00,2018-08-20 00:00,0.76267,0.7631,0.00043000000000004146,0.06646058732612721,2018-10-01 00:00,False,OUTSIDE
CADCHF,short,2018-10-01 00:00,2018-11-01 00:00,0.76652,0.77201,0.005489999999999995,0.76881,0.77201,3D,2018-10-30 00:00,2018-11-02 00:00,0.76799,0.76881,0.0008200000000000429,0.14936247723133764,2022-05-02 00:00,False,OUTSIDE
CADCHF,long,2019-08-01 00:00,2019-09-02 00:00,0.72655,0.74364,0.01708999999999994,0.72655,0.73786,3D,2019-09-02 00:00,2019-09-05 00:00,0.73786,0.741,0.0031400000000000317,0.18373317729666722,2019-10-01 00:00,False,OUTSIDE
CADCHF,short,2019-11-01 00:00,2019-12-02 00:00,0.75319,0.7571,0.003909999999999969,0.75368,0.7571,3D,2019-11-25 00:00,2019-11-28 00:00,0.75351,0.75368,0.00017000000000000348,0.04347826086956645,2022-04-01 00:00,False,OUTSIDE
CADCHF,short,2020-05-01 00:00,2020-06-01 00:00,0.69784,0.72023,0.02239000000000002,0.7067,0.72023,3D,2020-06-12 00:00,2020-06-17 00:00,0.7032,0.7036,0.00039999999999995595,0.017865118356407125,2020-07-01 00:00,False,OUTSIDE
CADCHF,long,2021-04-01 00:00,2021-05-03 00:00,0.7258,0.74282,0.017020000000000035,0.7258,0.7395,3D,2021-05-25 00:00,2021-05-28 00:00,0.7395,0.74258,0.0030799999999999716,0.18096357226791807,2021-06-01 00:00,False,OUTSIDE
CADCHF,short,2021-10-01 00:00,2021-11-01 00:00,0.73948,0.74952,0.010039999999999938,0.74245,0.74952,3D,2021-11-12 00:00,2021-11-17 00:00,0.74138,0.74245,0.0010700000000000154,0.10657370517928506,2022-03-01 00:00,False,OUTSIDE
CADCHF,long,2022-02-01 00:00,2022-03-01 00:00,0.71706,0.72373,0.006669999999999954,0.71706,0.71866,3D,2022-03-02 00:00,2022-03-07 00:00,0.71866,0.71962,0.0009600000000000719,0.14392803598202078,2022-09-01 00:00,False,OUTSIDE
CADCHF,short,2022-05-02 00:00,2022-06-01 00:00,0.75854,0.78126,0.022719999999999962,0.77998,0.78126,3D,2022-06-10 00:00,2022-06-15 00:00,0.7746,0.77618,0.0015800000000000258,0.06954225352112801,2022-07-01 00:00,False,OUTSIDE
CADCHF,short,2024-04-01 00:00,2024-05-01 00:00,0.66732,0.67216,0.0048399999999999554,0.6706,0.67216,3D,2024-05-22 00:00,2024-05-27 00:00,0.67002,0.6706,0.0005800000000000249,0.11983471074380792,,True,OUTSIDE
NZDJPY,long,2016-07-01 00:00,2016-08-01 00:00,71.2545,73.585,2.3305000000000007,71.2545,72.2225,3D,2016-08-16 00:00,2016-08-19 00:00,72.2285,72.5735,0.34499999999999886,0.1480369019523702,2016-09-01 00:00,False,OUTSIDE
NZDJPY,short,2017-01-02 00:00,2017-02-01 00:00,82.476,83.806,1.3299999999999983,82.693,83.806,3D,2017-02-13 00:00,2017-02-16 00:00,82.514,82.602,0.08800000000000807,0.06616541353384074,2017-06-01 00:00,False,OUTSIDE
NZDJPY,short,2018-01-01 00:00,2018-02-01 00:00,80.405,81.566,1.1610000000000014,81.069,81.566,3D,2018-01-30 00:00,2018-02-02 00:00,81.032,81.069,0.03700000000000614,0.03186907838071154,2021-10-01 00:00,False,OUTSIDE
NZDJPY,short,2019-12-02 00:00,2020-01-01 00:00,73.112,73.539,0.4270000000000067,73.348,73.539,3D,2020-01-14 00:00,2020-01-17 00:00,73.304,73.348,0.04399999999999693,0.10304449648711063,2020-11-02 00:00,False,OUTSIDE
NZDJPY,long,2020-03-02 00:00,2020-04-01 00:00,59.502,64.092,4.589999999999996,59.502,63.084,3D,2020-03-30 00:00,2020-04-02 00:00,63.084,63.226,0.1419999999999959,0.030936819172112422,2020-05-01 00:00,False,OUTSIDE
NZDJPY,long,2020-03-02 00:00,2020-04-01 00:00,59.502,64.092,4.589999999999996,59.502,63.084,3D,2020-04-20 00:00,2020-04-23 00:00,63.734,63.853,0.11899999999999977,0.025925925925925897,2020-05-01 00:00,False,OUTSIDE
NZDJPY,short,2022-03-01 00:00,2022-04-01 00:00,84.395,87.35,2.9549999999999983,86.962,87.35,3D,2022-04-26 00:00,2022-04-29 00:00,85.174,85.426,0.25199999999999534,0.08527918781725735,2022-05-02 00:00,False,OUTSIDE
NZDJPY,long,2025-04-01 00:00,2025-05-01 00:00,79.812,84.844,5.0319999999999965,79.812,84.61,3D,2025-05-20 00:00,2025-05-23 00:00,84.61,84.696,0.08599999999999852,0.01709062003179622,,True,OUTSIDE
AUDUSD,long,2018-06-01 00:00,2018-07-02 00:00,0.73106,0.7407,0.009639999999999982,0.73106,0.73231,3D,2018-07-25 00:00,2018-07-30 00:00,0.737,0.73858,0.0015800000000000258,0.16390041493776233,2018-08-01 00:00,False,OUTSIDE
AUDUSD,long,2020-03-02 00:00,2020-04-01 00:00,0.55086,0.61345,0.06259000000000003,0.55086,0.59803,3D,2020-03-30 00:00,2020-04-02 00:00,0.59803,0.6039,0.005870000000000042,0.09378494967247225,2025-01-01 00:00,False,OUTSIDE
AUDUSD,short,2021-02-01 00:00,2021-03-01 00:00,0.77038,0.80072,0.030340000000000034,0.78494,0.80072,3D,2021-03-15 00:00,2021-03-18 00:00,0.78104,0.78494,0.0039000000000000146,0.12854317732366546,2021-04-01 00:00,False,OUTSIDE
AUDUSD,long,2021-11-01 00:00,2021-12-01 00:00,0.69932,0.71287,0.013549999999999951,0.69932,0.70628,3D,2021-12-16 00:00,2021-12-21 00:00,0.70825,0.70988,0.0016299999999999093,0.12029520295202326,2022-01-03 00:00,False,OUTSIDE
AUDUSD,long,2022-10-03 00:00,2022-11-01 00:00,0.61702,0.63968,0.022660000000000013,0.61702,0.62722,3D,2022-11-01 00:00,2022-11-04 00:00,0.62722,0.6285,0.0012799999999999478,0.05648720211826774,2023-08-01 00:00,False,OUTSIDE
AUDUSD,short,2024-03-01 00:00,2024-04-01 00:00,0.6516,0.66677,0.015170000000000017,0.66444,0.66677,3D,2024-04-05 00:00,2024-04-10 00:00,0.66314,0.66444,0.0013000000000000789,0.08569545154911519,2024-05-01 00:00,False,OUTSIDE
AUDUSD,long,2024-04-01 00:00,2024-05-01 00:00,0.63623,0.64729,0.01106000000000007,0.63623,0.64653,3D,2024-04-26 00:00,2024-05-01 00:00,0.64653,0.64718,0.0006499999999999284,0.05877034358046332,2024-08-01 00:00,False,OUTSIDE
USDCHF,short,2015-03-02 00:00,2015-04-01 00:00,0.97255,1.012865,0.04031499999999988,0.986335,1.012865,3D,2015-04-08 00:00,2015-04-13 00:00,0.983705,0.986335,0.00262999999999991,0.0652362644177085,2015-08-03 00:00,False,OUTSIDE
USDCHF,short,2015-05-01 00:00,2015-06-01 00:00,0.940125,0.95432,0.014194999999999958,0.95026,0.95432,3D,2015-06-23 00:00,2015-06-26 00:00,0.941595,0.942875,0.0012800000000000589,0.090172595984506,2015-07-01 00:00,False,OUTSIDE
USDCHF,long,2015-12-01 00:00,2016-01-01 00:00,0.97868,0.99972,0.02104000000000006,0.97868,0.988115,3D,2016-01-14 00:00,2016-01-19 00:00,0.995855,0.99907,0.003214999999999968,0.15280418250950376,2016-02-01 00:00,False,OUTSIDE
USDCHF,short,2017-10-02 00:00,2017-11-01 00:00,0.997785,1.00384,0.006055000000000033,1.00377,1.00384,3D,2017-11-03 00:00,2017-11-08 00:00,1.00182,1.00292,0.001100000000000101,0.18166804293973493,2017-12-01 00:00,False,OUTSIDE
USDCHF,long,2018-05-01 00:00,2018-06-01 00:00,0.97888,0.98583,0.006950000000000012,0.97888,0.98261,3D,2018-06-21 00:00,2018-06-26 00:00,0.9856,0.98582,0.00021999999999999797,0.03165467625899246,2018-07-02 00:00,False,OUTSIDE
USDCHF,short,2018-06-01 00:00,2018-07-02 00:00,0.99053,1.00678,0.016249999999999987,0.99926,1.00678,3D,2018-07-25 00:00,2018-07-30 00:00,0.99568,0.99784,0.0021599999999999397,0.1329230769230733,2018-08-01 00:00,False,OUTSIDE
USDCHF,long,2019-08-01 00:00,2019-09-02 00:00,0.966,0.98993,0.023930000000000007,0.966,0.97985,3D,2019-09-02 00:00,2019-09-05 00:00,0.97985,0.98046,0.0006099999999999994,0.025491015461763446,2019-10-01 00:00,False,OUTSIDE
USDCHF,long,2019-10-01 00:00,2019-11-01 00:00,0.98418,0.98643,0.0022499999999999742,0.98418,0.98512,3D,2019-10-30 00:00,2019-11-04 00:00,0.98512,0.98534,0.00021999999999999797,0.09777777777777799,2019-12-02 00:00,False,OUTSIDE
USDCHF,long,2020-03-02 00:00,2020-04-01 00:00,0.91819,0.96107,0.04288000000000003,0.91819,0.95963,3D,2020-04-10 00:00,2020-04-15 00:00,0.95963,0.95965,2.0000000000020002e-05,0.00046641791044822734,2020-05-01 00:00,False,OUTSIDE
USDCHF,short,2020-04-01 00:00,2020-05-01 00:00,0.96564,0.98026,0.014619999999999966,0.97845,0.98026,3D,2020-05-11 00:00,2020-05-14 00:00,0.975,0.9761,0.0010999999999999899,0.07523939808481481,2022-04-01 00:00,False,OUTSIDE
USDCHF,long,2020-12-01 00:00,2021-01-01 00:00,0.87576,0.88488,0.009120000000000017,0.87576,0.8794,3D,2021-01-19 00:00,2021-01-22 00:00,0.88386,0.88482,0.0009600000000000719,0.10526315789474452,2023-05-01 00:00,False,OUTSIDE
USDCHF,long,2021-12-01 00:00,2022-01-03 00:00,0.90919,0.91218,0.002989999999999937,0.90919,0.91024,3D,2022-01-19 00:00,2022-01-24 00:00,0.91078,0.91092,0.00013999999999991797,0.04682274247488993,2023-01-02 00:00,False,OUTSIDE
USDCHF,short,2022-01-03 00:00,2022-02-01 00:00,0.92692,0.93434,0.007419999999999982,0.92972,0.93434,3D,2022-02-22 00:00,2022-02-25 00:00,0.92844,0.92892,0.00047999999999992493,0.06469002695416794,2022-03-01 00:00,False,OUTSIDE
USDCHF,short,2022-10-03 00:00,2022-11-01 00:00,1.0019,1.01482,0.012920000000000043,1.01478,1.01482,3D,2022-11-01 00:00,2022-11-04 00:00,1.01452,1.01478,0.00025999999999992696,0.020123839009282204,,True,OUTSIDE
USDCHF,long,2023-04-03 00:00,2023-05-01 00:00,0.88202,0.89442,0.012399999999999967,0.88202,0.88519,3D,2023-05-08 00:00,2023-05-11 00:00,0.88678,0.8887,0.0019200000000000328,0.15483870967742241,2023-06-01 00:00,False,OUTSIDE
USDCHF,long,2023-07-03 00:00,2023-08-01 00:00,0.85526,0.87168,0.01641999999999999,0.85526,0.86904,3D,2023-08-03 00:00,2023-08-08 00:00,0.86904,0.86994,0.0009000000000000119,0.05481120584652938,2023-11-01 00:00,False,OUTSIDE
EURAUD,short,2016-05-02 00:00,2016-06-01 00:00,1.539175,1.564645,0.025470000000000104,1.554235,1.564645,3D,2016-06-01 00:00,2016-06-06 00:00,1.551455,1.554235,0.0027800000000000047,0.1091480172752255,2017-10-02 00:00,False,OUTSIDE
EURAUD,long,2019-09-02 00:00,2019-10-01 00:00,1.5906,1.61464,0.02404000000000006,1.5906,1.60764,3D,2019-09-26 00:00,2019-10-01 00:00,1.60764,1.61198,0.0043400000000000105,0.18053244592346088,2019-11-01 00:00,False,OUTSIDE
EURAUD,long,2021-03-01 00:00,2021-04-01 00:00,1.52708,1.54431,0.01723000000000008,1.52708,1.54042,3D,2021-04-13 00:00,2021-04-16 00:00,1.54292,1.54323,0.00031000000000003247,0.017991874637262394,2021-05-03 00:00,False,OUTSIDE
EURAUD,long,2022-03-01 00:00,2022-04-01 00:00,1.4321,1.47888,0.046780000000000044,1.4321,1.4536,3D,2022-04-18 00:00,2022-04-21 00:00,1.45513,1.45556,0.00042999999999993044,0.009191962377082728,2022-05-02 00:00,False,OUTSIDE
EURAUD,long,2022-03-01 00:00,2022-04-01 00:00,1.4321,1.47888,0.046780000000000044,1.4321,1.4536,3D,2022-04-26 00:00,2022-04-29 00:00,1.46856,1.47286,0.0042999999999999705,0.09191962377084152,2022-05-02 00:00,False,OUTSIDE
EURAUD,short,2023-08-01 00:00,2023-09-01 00:00,1.6723,1.70659,0.034290000000000154,1.68948,1.70659,3D,2023-09-01 00:00,2023-09-06 00:00,1.68543,1.68948,0.004050000000000109,0.11811023622047509,2023-10-02 00:00,False,OUTSIDE
EURAUD,short,2023-10-02 00:00,2023-11-01 00:00,1.6688,1.68456,0.015759999999999996,1.68412,1.68456,3D,2023-11-08 00:00,2023-11-13 00:00,1.68332,1.68412,0.0008000000000001339,0.05076142131980547,2024-02-01 00:00,False,OUTSIDE
GBPCAD,long,2017-01-02 00:00,2017-02-01 00:00,1.57384,1.63917,0.06533000000000011,1.57384,1.62084,3D,2017-02-13 00:00,2017-02-16 00:00,1.62084,1.62242,0.0015799999999999148,0.024184907393233004,2017-03-01 00:00,False,OUTSIDE
GBPCAD,short,2018-06-01 00:00,2018-07-02 00:00,1.73477,1.77751,0.04274,1.7479,1.77751,3D,2018-07-09 00:00,2018-07-12 00:00,1.74692,1.7479,0.0009799999999999809,0.022929340196536755,2018-12-03 00:00,False,OUTSIDE
GBPCAD,long,2019-01-01 00:00,2019-02-01 00:00,1.67578,1.72054,0.04475999999999991,1.67578,1.69734,3D,2019-02-12 00:00,2019-02-15 00:00,1.69734,1.69835,0.0010099999999999554,0.022564789991062498,2019-05-01 00:00,False,OUTSIDE
GBPCAD,long,2019-01-01 00:00,2019-02-01 00:00,1.67578,1.72054,0.04475999999999991,1.67578,1.69734,3D,2019-02-20 00:00,2019-02-25 00:00,1.71366,1.71402,0.000360000000000138,0.008042895442362348,2019-05-01 00:00,False,OUTSIDE
GBPCAD,long,2020-09-01 00:00,2020-10-01 00:00,1.68106,1.72187,0.04081000000000001,1.68106,1.69066,3D,2020-10-16 00:00,2020-10-21 00:00,1.69609,1.69854,0.002449999999999841,0.06003430531732028,2020-11-02 00:00,False,OUTSIDE
GBPCAD,short,2021-08-02 00:00,2021-09-01 00:00,1.735,1.76267,0.02766999999999986,1.76038,1.76267,3D,2021-09-15 00:00,2021-09-20 00:00,1.75623,1.76038,0.004150000000000098,0.1499819298879696,2022-02-01 00:00,False,OUTSIDE
GBPCAD,short,2023-08-01 00:00,2023-09-01 00:00,1.71184,1.73153,0.019689999999999985,1.72054,1.73153,3D,2023-09-01 00:00,2023-09-06 00:00,1.71766,1.72054,0.0028799999999999937,0.1462671406805483,2023-11-01 00:00,False,OUTSIDE
GBPCAD,short,2023-11-01 00:00,2023-12-01 00:00,1.71176,1.72741,0.015649999999999942,1.71799,1.72741,3D,2023-12-12 00:00,2023-12-15 00:00,1.71255,1.71469,0.0021400000000000308,0.13674121405751047,2024-01-01 00:00,False,OUTSIDE
GBPCAD,short,2024-02-01 00:00,2024-03-01 00:00,1.71433,1.73526,0.020930000000000115,1.72204,1.73526,3D,2024-03-25 00:00,2024-03-28 00:00,1.71629,1.71892,0.00262999999999991,0.1256569517439033,2024-04-01 00:00,False,OUTSIDE
GBPCAD,long,2024-08-01 00:00,2024-09-02 00:00,1.74088,1.77168,0.03079999999999994,1.74088,1.76938,3D,2024-09-09 00:00,2024-09-12 00:00,1.76938,1.76953,0.0001500000000000945,0.004870129870132948,2024-11-01 00:00,False,OUTSIDE
GBPCAD,long,2025-01-01 00:00,2025-02-03 00:00,1.74582,1.81312,0.06730000000000014,1.74582,1.7677,3D,2025-02-07 00:00,2025-02-12 00:00,1.7677,1.77356,0.005859999999999976,0.08707280832095043,2025-04-01 00:00,False,OUTSIDE
GBPCAD,short,2025-03-03 00:00,2025-04-01 00:00,1.85836,1.8779,0.01953999999999989,1.86548,1.8779,3D,2025-03-31 00:00,2025-04-03 00:00,1.8653,1.86548,0.000180000000000069,0.009211873080863357,2025-05-01 00:00,False,OUTSIDE
GBPCAD,short,2025-03-03 00:00,2025-04-01 00:00,1.85836,1.8779,0.01953999999999989,1.86548,1.8779,3D,2025-04-24 00:00,2025-04-29 00:00,1.8596,1.86016,0.000560000000000116,0.028659160696014284,2025-05-01 00:00,False,OUTSIDE
EURJPY,long,2016-07-01 00:00,2016-08-01 00:00,110.827,114.074,3.247,110.827,112.32,3D,2016-08-19 00:00,2016-08-24 00:00,112.793,113.225,0.43199999999998795,0.13304588851246935,2016-09-01 00:00,False,OUTSIDE
EURJPY,long,2018-05-01 00:00,2018-06-01 00:00,124.622,127.234,2.6119999999999948,124.622,126.643,3D,2018-06-18 00:00,2018-06-21 00:00,126.643,126.993,0.3499999999999943,0.1339969372128618,2018-08-01 00:00,False,OUTSIDE
EURJPY,long,2018-08-01 00:00,2018-09-03 00:00,124.902,128.904,4.001999999999995,124.902,127.866,3D,2018-09-05 00:00,2018-09-10 00:00,127.866,128.021,0.15499999999998693,0.038730634682655446,2018-10-01 00:00,False,OUTSIDE
EURJPY,short,2018-11-01 00:00,2018-12-03 00:00,128.43,130.148,1.7179999999999893,129.254,130.148,3D,2018-12-11 00:00,2018-12-14 00:00,129.124,129.254,0.12999999999999545,0.07566938300349026,2021-02-01 00:00,False,OUTSIDE
EURJPY,short,2019-04-01 00:00,2019-05-01 00:00,125.022,126.807,1.7849999999999966,125.234,126.807,3D,2019-04-29 00:00,2019-05-02 00:00,125.124,125.234,0.10999999999999943,0.06162464985994378,2020-07-01 00:00,False,OUTSIDE
EURJPY,short,2021-10-01 00:00,2021-11-01 00:00,131.83,133.478,1.6479999999999961,132.562,133.478,3D,2021-11-01 00:00,2021-11-04 00:00,132.446,132.562,0.11600000000001387,0.0703883495145717,2022-02-01 00:00,False,OUTSIDE
EURJPY,short,2022-10-03 00:00,2022-11-01 00:00,147.0,148.406,1.406000000000006,147.122,148.406,3D,2022-11-04 00:00,2022-11-09 00:00,147.002,147.115,0.11299999999999955,0.0803698435277376,2023-04-03 00:00,False,OUTSIDE
EURJPY,long,2022-12-01 00:00,2023-01-02 00:00,137.388,140.324,2.936000000000007,137.388,138.804,3D,2023-01-31 00:00,2023-02-03 00:00,139.934,140.085,0.15100000000001046,0.0514305177111751,2023-02-01 00:00,False,OUTSIDE
EURJPY,long,2023-03-01 00:00,2023-04-03 00:00,138.83,144.008,5.177999999999997,138.83,142.55,3D,2023-04-04 00:00,2023-04-07 00:00,142.55,143.524,0.9739999999999895,0.1881035148706045,,True,OUTSIDE
EURJPY,long,2023-07-03 00:00,2023-08-01 00:00,151.412,156.455,5.043000000000006,151.412,155.534,3D,2023-08-03 00:00,2023-08-08 00:00,155.534,156.342,0.8080000000000211,0.1602220900257823,2023-10-02 00:00,False,OUTSIDE
EURCAD,long,2015-04-01 00:00,2015-05-01 00:00,1.30247,1.35522,0.052750000000000075,1.30247,1.340265,3D,2015-05-20 00:00,2015-05-25 00:00,1.343205,1.351815,0.008610000000000007,0.16322274881516577,2015-06-01 00:00,False,OUTSIDE
EURCAD,short,2015-09-01 00:00,2015-10-01 00:00,1.487625,1.51588,0.02825499999999992,1.4983,1.51588,3D,2015-10-19 00:00,2015-10-22 00:00,1.49074,1.49082,8.000000000008001e-05,0.002831357281899849,2015-12-01 00:00,False,OUTSIDE
EURCAD,short,2016-01-01 00:00,2016-02-01 00:00,1.51351,1.61053,0.0970200000000001,1.591475,1.61053,3D,2016-02-09 00:00,2016-02-12 00:00,1.578025,1.591475,0.013449999999999962,0.13863121005978093,2016-11-01 00:00,False,OUTSIDE
EURCAD,short,2016-05-02 00:00,2016-06-01 00:00,1.45753,1.48252,0.024990000000000068,1.47304,1.48252,3D,2016-06-01 00:00,2016-06-06 00:00,1.472395,1.47304,0.0006450000000000067,0.02581032412965206,2016-07-01 00:00,False,OUTSIDE
EURCAD,short,2016-05-02 00:00,2016-06-01 00:00,1.45753,1.48252,0.024990000000000068,1.47304,1.48252,3D,2016-06-14 00:00,2016-06-17 00:00,1.46074,1.463945,0.0032050000000001244,0.12825130052021272,2016-07-01 00:00,False,OUTSIDE
EURCAD,long,2016-06-01 00:00,2016-07-01 00:00,1.42525,1.43541,0.010160000000000169,1.42525,1.428355,3D,2016-07-13 00:00,2016-07-18 00:00,1.428355,1.428935,0.0005800000000000249,0.057086614173229855,2016-10-03 00:00,False,OUTSIDE
EURCAD,short,2016-09-01 00:00,2016-10-03 00:00,1.47587,1.492475,0.01660499999999998,1.48955,1.492475,3D,2016-10-05 00:00,2016-10-10 00:00,1.48938,1.48955,0.00017000000000000348,0.010237880156579565,2016-11-01 00:00,False,OUTSIDE
EURCAD,long,2017-07-03 00:00,2017-08-01 00:00,1.44791,1.47784,0.029930000000000012,1.44791,1.47096,3D,2017-08-16 00:00,2017-08-21 00:00,1.47274,1.47302,0.000280000000000058,0.009355162044773066,2017-09-01 00:00,False,OUTSIDE
EURCAD,long,2017-09-01 00:00,2017-10-02 00:00,1.44432,1.47337,0.02905000000000002,1.44432,1.46366,3D,2017-10-02 00:00,2017-10-05 00:00,1.46366,1.46508,0.0014199999999999768,0.04888123924268419,2019-07-01 00:00,False,OUTSIDE
EURCAD,long,2017-09-01 00:00,2017-10-02 00:00,1.44432,1.47337,0.02905000000000002,1.44432,1.46366,3D,2017-10-13 00:00,2017-10-18 00:00,1.46856,1.47009,0.0015299999999998093,0.052667814113590644,2019-07-01 00:00,False,OUTSIDE
EURCAD,short,2018-06-01 00:00,2018-07-02 00:00,1.53477,1.55898,0.024210000000000065,1.54683,1.55898,3D,2018-07-17 00:00,2018-07-20 00:00,1.54516,1.54683,0.0016699999999998383,0.06897976042956769,2018-09-03 00:00,False,OUTSIDE
EURCAD,short,2019-05-01 00:00,2019-06-03 00:00,1.50958,1.51814,0.008560000000000123,1.51472,1.51814,3D,2019-05-31 00:00,2019-06-05 00:00,1.51427,1.51472,0.00045000000000006146,0.05257009345795035,2020-03-02 00:00,False,OUTSIDE
EURCAD,short,2019-08-01 00:00,2019-09-02 00:00,1.46265,1.49952,0.03686999999999996,1.47161,1.49952,3D,2019-09-13 00:00,2019-09-18 00:00,1.47093,1.47161,0.0006800000000000139,0.01844317873610021,2019-10-01 00:00,False,OUTSIDE
EURCAD,short,2019-08-01 00:00,2019-09-02 00:00,1.46265,1.49952,0.03686999999999996,1.47161,1.49952,3D,2019-10-01 00:00,2019-10-04 00:00,1.46474,1.46752,0.0027800000000000047,0.07540005424464355,2019-10-01 00:00,False,OUTSIDE
EURCAD,long,2020-06-01 00:00,2020-07-01 00:00,1.50554,1.52489,0.01934999999999998,1.50554,1.51986,3D,2020-06-30 00:00,2020-07-03 00:00,1.51986,1.5227,0.0028399999999999537,0.14677002583979104,2021-02-01 00:00,False,OUTSIDE
EURCAD,long,2020-08-03 00:00,2020-09-01 00:00,1.54292,1.55744,0.014519999999999866,1.54292,1.54708,3D,2020-09-14 00:00,2020-09-17 00:00,1.55285,1.55354,0.0006899999999998574,0.047520661157015406,2020-10-01 00:00,False,OUTSIDE
EURCAD,long,2020-08-03 00:00,2020-09-01 00:00,1.54292,1.55744,0.014519999999999866,1.54292,1.54708,3D,2020-09-22 00:00,2020-09-25 00:00,1.554,1.55522,0.0012199999999999989,0.08402203856749381,2020-10-01 00:00,False,OUTSIDE
EURCAD,short,2020-09-01 00:00,2020-10-01 00:00,1.5616,1.57394,0.012339999999999796,1.567,1.57394,3D,2020-10-26 00:00,2020-10-29 00:00,1.56564,1.567,0.0013600000000000279,0.11021069692058755,2020-12-01 00:00,False,OUTSIDE
EURCAD,short,2020-12-01 00:00,2021-01-01 00:00,1.5556,1.57859,0.022989999999999844,1.56806,1.57859,3D,2021-01-01 00:00,2021-01-06 00:00,1.56592,1.56806,0.0021400000000000308,0.09308394954328165,2025-03-03 00:00,False,OUTSIDE
EURCAD,long,2022-04-01 00:00,2022-05-02 00:00,1.33898,1.356,0.017020000000000035,1.33898,1.33904,3D,2022-05-12 00:00,2022-05-17 00:00,1.33904,1.33932,0.000280000000000058,0.016451233842541563,2022-06-01 00:00,False,OUTSIDE
EURCAD,short,2022-05-02 00:00,2022-06-01 00:00,1.35776,1.38086,0.0230999999999999,1.37154,1.38086,3D,2022-06-20 00:00,2022-06-23 00:00,1.37106,1.37154,0.00048000000000003595,0.020779220779222427,2022-10-03 00:00,False,OUTSIDE
AUDJPY,long,2016-02-01 00:00,2016-03-01 00:00,77.59,80.48,2.8900000000000006,77.59,79.812,3D,2016-02-25 00:00,2016-03-01 00:00,79.812,80.204,0.3919999999999959,0.13564013840830305,2016-05-02 00:00,False,OUTSIDE
AUDJPY,short,2016-03-01 00:00,2016-04-01 00:00,86.2075,86.707,0.4994999999999976,86.482,86.707,3D,2016-04-20 00:00,2016-04-25 00:00,86.31,86.385,0.07500000000000284,0.15015015015015656,2016-12-01 00:00,False,OUTSIDE
AUDJPY,long,2016-06-01 00:00,2016-07-01 00:00,72.506,76.886,4.3799999999999955,72.506,74.552,3D,2016-07-05 00:00,2016-07-08 00:00,74.552,75.051,0.4989999999999952,0.11392694063926843,2016-08-01 00:00,False,OUTSIDE
AUDJPY,short,2017-02-01 00:00,2017-03-01 00:00,86.3585,88.182,1.8234999999999957,87.492,88.182,3D,2017-03-14 00:00,2017-03-17 00:00,87.242,87.492,0.25,0.13709898546750787,2017-06-01 00:00,False,OUTSIDE
AUDJPY,long,2017-08-01 00:00,2017-09-01 00:00,85.454,87.385,1.9310000000000116,85.454,86.56,3D,2017-09-06 00:00,2017-09-11 00:00,86.56,86.8505,0.29049999999999443,0.15044018643189677,2017-10-02 00:00,False,OUTSIDE
AUDJPY,short,2017-09-01 00:00,2017-10-02 00:00,88.13,90.306,2.176000000000002,89.078,90.306,3D,2017-10-18 00:00,2017-10-23 00:00,88.996,89.078,0.08200000000000784,0.037683823529415336,2017-12-01 00:00,False,OUTSIDE
AUDJPY,long,2018-03-01 00:00,2018-04-02 00:00,80.501,81.642,1.1409999999999911,80.501,80.829,3D,2018-03-29 00:00,2018-04-03 00:00,80.829,80.935,0.10600000000000875,0.09290096406661663,2018-05-01 00:00,False,OUTSIDE
AUDJPY,long,2019-11-01 00:00,2019-12-02 00:00,73.357,74.038,0.6809999999999974,73.357,73.827,3D,2019-12-06 00:00,2019-12-11 00:00,73.827,73.946,0.11899999999999977,0.1747430249632896,2020-01-01 00:00,False,OUTSIDE
AUDJPY,long,2020-03-02 00:00,2020-04-01 00:00,59.882,65.963,6.080999999999996,59.882,64.4,3D,2020-03-30 00:00,2020-04-02 00:00,64.4,64.867,0.46699999999999875,0.07679657950994886,,True,OUTSIDE
AUDJPY,short,2021-05-03 00:00,2021-06-01 00:00,84.751,85.805,1.054000000000002,85.194,85.805,3D,2021-06-10 00:00,2021-06-15 00:00,84.932,85.055,0.12300000000000466,0.11669829222011804,2021-10-01 00:00,False,OUTSIDE
AUDJPY,long,2021-09-01 00:00,2021-10-01 00:00,78.849,80.423,1.573999999999998,78.849,79.902,3D,2021-09-28 00:00,2021-10-01 00:00,79.902,80.185,0.28300000000000125,0.17979669631512174,2021-11-01 00:00,False,OUTSIDE
AUDJPY,short,2021-10-01 00:00,2021-11-01 00:00,85.725,86.254,0.5290000000000106,86.062,86.254,3D,2021-10-27 00:00,2021-11-01 00:00,86.061,86.062,0.000999999999990564,0.0018903591682240908,2022-03-01 00:00,False,OUTSIDE
AUDJPY,long,2021-11-01 00:00,2021-12-01 00:00,78.788,80.658,1.8700000000000045,78.788,80.117,3D,2021-12-16 00:00,2021-12-21 00:00,80.274,80.626,0.35200000000000387,0.18823529411764867,2022-01-03 00:00,False,OUTSIDE
AUDJPY,long,2023-03-01 00:00,2023-04-03 00:00,86.062,88.794,2.7319999999999993,86.062,87.596,3D,2023-04-04 00:00,2023-04-07 00:00,87.596,87.776,0.1799999999999926,0.06588579795021693,2025-04-01 00:00,False,OUTSIDE
AUDJPY,short,2023-06-01 00:00,2023-07-03 00:00,96.146,97.676,1.5300000000000011,96.834,97.676,3D,2023-06-30 00:00,2023-07-05 00:00,96.832,96.834,0.0020000000000095497,0.0013071895424899007,2023-09-01 00:00,False,OUTSIDE
AUDJPY,long,2023-08-01 00:00,2023-09-01 00:00,92.792,94.364,1.5720000000000027,92.792,93.588,3D,2023-09-01 00:00,2023-09-06 00:00,93.588,93.592,0.0040000000000048885,0.0025445292620896193,2023-10-02 00:00,False,OUTSIDE
AUDJPY,long,2023-12-01 00:00,2024-01-01 00:00,93.74,96.04,2.3000000000000114,93.74,95.842,3D,2023-12-28 00:00,2024-01-01 00:00,95.842,96.009,0.1670000000000016,0.07260869565217425,2024-02-01 00:00,False,OUTSIDE
