pair,pivot_type,3day_first_candle_time,3day_second_candle_time,3day_gap_low,3day_gap_high,3day_gap_width,ltf,wd_first_candle_time,wd_second_candle_time,wd_zone_low,wd_zone_high,wd_zone_width,wd_zone_pct_of_weekly,3day_first_touch_time,pending_until_3day_touch
EURCHF,short,2018-10-17 00:00,2018-10-22 00:00,1.14706,1.15016,0.0031000000000001027,H1,2018-10-22 06:00,2018-10-22 07:00,1.14982,1.15016,0.00034000000000000696,0.10967741935483732,,True
EURCHF,short,2018-10-17 00:00,2018-10-22 00:00,1.14706,1.15016,0.0031000000000001027,H1,2018-10-22 08:00,2018-10-22 09:00,1.1485,1.14885,0.00034999999999985043,0.11290322580639962,,True
EURCHF,long,2018-10-22 00:00,2018-10-25 00:00,1.13433,1.13648,0.0021499999999998742,H1,2018-10-26 14:00,2018-10-26 15:00,1.13433,1.13459,0.00025999999999992696,0.12093023255811264,2018-11-12 00:00,False
EURCHF,short,2018-12-03 00:00,2018-12-06 00:00,1.13174,1.13488,0.0031400000000001427,H1,2018-12-04 12:00,2018-12-04 13:00,1.13485,1.13488,3.0000000000196536e-05,0.009554140127450692,2018-12-19 00:00,False
EURCHF,short,2018-12-03 00:00,2018-12-06 00:00,1.13174,1.13488,0.0031400000000001427,H1,2018-12-05 16:00,2018-12-05 17:00,1.13264,1.13309,0.0004499999999998394,0.14331210191077037,2018-12-19 00:00,False
EURCHF,short,2018-12-03 00:00,2018-12-06 00:00,1.13174,1.13488,0.0031400000000001427,H1,2018-12-05 22:00,2018-12-05 23:00,1.13196,1.1322,0.00024000000000001798,0.07643312101911054,2018-12-19 00:00,False
EURCHF,long,2018-12-06 00:00,2018-12-11 00:00,1.1225,1.12453,0.0020299999999999763,H1,2018-12-11 14:00,2018-12-11 15:00,1.1225,1.12266,0.00015999999999993797,0.07881773399011814,2018-12-14 00:00,False
EURCHF,long,2018-12-14 00:00,2018-12-19 00:00,1.12423,1.12838,0.004149999999999876,H1,2018-12-14 13:00,2018-12-14 14:00,1.12428,1.12446,0.000180000000000069,0.04337349397592154,2018-12-24 00:00,False
EURCHF,long,2018-12-14 00:00,2018-12-19 00:00,1.12423,1.12838,0.004149999999999876,H1,2018-12-17 14:00,2018-12-17 15:00,1.12485,1.12522,0.0003700000000002035,0.0891566265060758,2018-12-24 00:00,False
EURCHF,long,2018-12-14 00:00,2018-12-19 00:00,1.12423,1.12838,0.004149999999999876,H1,2018-12-18 05:00,2018-12-18 06:00,1.12608,1.12618,9.999999999998899e-05,0.02409638554216674,2018-12-24 00:00,False
EURCHF,long,2018-12-14 00:00,2018-12-19 00:00,1.12423,1.12838,0.004149999999999876,H1,2018-12-18 13:00,2018-12-18 14:00,1.12683,1.12706,0.00022999999999995246,0.05542168674697815,2018-12-24 00:00,False
EURCHF,long,2018-12-14 00:00,2018-12-19 00:00,1.12423,1.12838,0.004149999999999876,H1,2018-12-18 19:00,2018-12-18 20:00,1.12714,1.12729,0.00014999999999987246,0.03614457831322336,2018-12-24 00:00,False
EURCHF,long,2018-12-14 00:00,2018-12-19 00:00,1.12423,1.12838,0.004149999999999876,H1,2018-12-18 22:00,2018-12-18 23:00,1.12757,1.12812,0.0005500000000000504,0.13253012048194382,2018-12-24 00:00,False
EURCHF,short,2018-12-19 00:00,2018-12-24 00:00,1.13103,1.13494,0.00391000000000008,H1,2018-12-24 10:00,2018-12-24 11:00,1.13395,1.13446,0.0005100000000000104,0.13043478260869565,2018-12-27 00:00,False
EURCHF,short,2018-12-19 00:00,2018-12-24 00:00,1.13103,1.13494,0.00391000000000008,H1,2018-12-24 12:00,2018-12-24 13:00,1.13166,1.13168,1.999999999990898e-05,0.0051150895140431125,2018-12-27 00:00,False
USDCHF,long,2018-11-15 00:00,2018-11-20 00:00,0.99094,0.99368,0.0027399999999999647,H1,2018-11-20 12:00,2018-11-20 13:00,0.99146,0.99154,7.999999999996898e-05,0.02919708029195986,2018-11-23 00:00,False
USDCHF,long,2018-12-06 00:00,2018-12-11 00:00,0.98631,0.99042,0.004109999999999947,H1,2018-12-11 09:00,2018-12-11 10:00,0.98631,0.9867,0.00039000000000000146,0.09489051094890669,2018-12-14 00:00,False
GBPAUD,long,2018-10-30 00:00,2018-11-02 00:00,1.78624,1.80408,0.017839999999999856,H1,2018-10-30 16:00,2018-10-30 17:00,1.78624,1.78636,0.00011999999999989797,0.006726457399097474,2018-11-07 00:00,False
GBPAUD,long,2018-10-30 00:00,2018-11-02 00:00,1.78624,1.80408,0.017839999999999856,H1,2018-10-31 06:00,2018-10-31 07:00,1.7912,1.79222,0.0010200000000000209,0.05717488789237831,2018-11-07 00:00,False
GBPAUD,long,2018-10-30 00:00,2018-11-02 00:00,1.78624,1.80408,0.017839999999999856,H1,2018-11-02 04:00,2018-11-02 05:00,1.79336,1.79438,0.0010200000000000209,0.05717488789237831,2018-11-07 00:00,False
GBPAUD,long,2018-10-30 00:00,2018-11-02 00:00,1.78624,1.80408,0.017839999999999856,H1,2018-11-02 10:00,2018-11-02 11:00,1.79519,1.79594,0.0007500000000000284,0.04204035874439655,2018-11-07 00:00,False
GBPAUD,short,2018-11-02 00:00,2018-11-07 00:00,1.80828,1.81496,0.006679999999999797,H1,2018-11-07 07:00,2018-11-07 08:00,1.81256,1.81308,0.000520000000000076,0.07784431137725924,2018-12-24 00:00,False
GBPAUD,short,2018-11-12 00:00,2018-11-15 00:00,1.79582,1.8066,0.010780000000000012,H1,2018-11-13 16:00,2018-11-13 17:00,1.80641,1.8066,0.00018999999999991246,0.017625231910938056,2018-12-19 00:00,False
GBPAUD,short,2018-11-12 00:00,2018-11-15 00:00,1.79582,1.8066,0.010780000000000012,H1,2018-11-14 16:00,2018-11-14 17:00,1.80587,1.80598,0.00010999999999983245,0.010204081632637509,2018-12-19 00:00,False
GBPAUD,short,2018-11-12 00:00,2018-11-15 00:00,1.79582,1.8066,0.010780000000000012,H1,2018-11-14 22:00,2018-11-14 23:00,1.79704,1.79796,0.0009200000000000319,0.08534322820037392,2018-12-19 00:00,False
GBPAUD,long,2018-11-15 00:00,2018-11-20 00:00,1.74778,1.76199,0.014210000000000056,H1,2018-11-16 20:00,2018-11-16 21:00,1.74822,1.74842,0.00019999999999997797,0.014074595355381928,2018-11-23 00:00,False
GBPAUD,long,2018-11-15 00:00,2018-11-20 00:00,1.74778,1.76199,0.014210000000000056,H1,2018-11-19 01:00,2018-11-19 02:00,1.7524,1.75252,0.00012000000000012001,0.008444757213238532,2018-11-23 00:00,False
GBPAUD,long,2018-11-15 00:00,2018-11-20 00:00,1.74778,1.76199,0.014210000000000056,H1,2018-11-19 11:00,2018-11-19 12:00,1.7533,1.75398,0.0006800000000000139,0.0478536242083048,2018-11-23 00:00,False
GBPAUD,short,2018-11-20 00:00,2018-11-23 00:00,1.77539,1.7818,0.006410000000000027,H1,2018-11-22 14:00,2018-11-22 15:00,1.7785,1.77896,0.000460000000000127,0.07176287051484011,2018-12-19 00:00,False
GBPAUD,short,2018-11-20 00:00,2018-11-23 00:00,1.77539,1.7818,0.006410000000000027,H1,2018-11-23 10:00,2018-11-23 11:00,1.77752,1.77786,0.00034000000000000696,0.05304212168486826,2018-12-19 00:00,False
GBPAUD,long,2018-11-28 00:00,2018-12-03 00:00,1.72098,1.74469,0.02371000000000012,H1,2018-12-03 13:00,2018-12-03 14:00,1.72098,1.72118,0.00019999999999997797,0.008435259384225093,2018-12-06 00:00,False
AUDNZD,long,2018-10-17 00:00,2018-10-22 00:00,1.07647,1.08037,0.0039000000000000146,H1,2018-10-22 00:00,2018-10-22 01:00,1.07682,1.07714,0.00031999999999987594,0.08205128205124994,2018-10-30 00:00,False
AUDNZD,long,2018-11-12 00:00,2018-11-15 00:00,1.06132,1.06422,0.0028999999999999027,H1,2018-11-14 08:00,2018-11-14 09:00,1.06132,1.06138,5.999999999994898e-05,0.020689655172396897,2018-11-20 00:00,False
AUDNZD,long,2018-11-12 00:00,2018-11-15 00:00,1.06132,1.06422,0.0028999999999999027,H1,2018-11-14 17:00,2018-11-14 18:00,1.06156,1.06206,0.0004999999999999449,0.17241379310343508,2018-11-20 00:00,False
AUDNZD,short,2018-11-15 00:00,2018-11-20 00:00,1.06666,1.0713,0.0046399999999999775,H1,2018-11-15 07:00,2018-11-15 08:00,1.07028,1.07032,4.0000000000040004e-05,0.008620689655181077,2018-11-23 00:00,False
AUDNZD,short,2018-11-15 00:00,2018-11-20 00:00,1.06666,1.0713,0.0046399999999999775,H1,2018-11-19 21:00,2018-11-19 22:00,1.067,1.06705,5.0000000000105516e-05,0.01077586206898831,2018-11-23 00:00,False
AUDNZD,long,2018-12-06 00:00,2018-12-11 00:00,1.04346,1.04646,0.0029999999999998916,H1,2018-12-10 15:00,2018-12-10 16:00,1.04346,1.04368,0.00021999999999988695,0.0733333333332983,2018-12-14 00:00,False
AUDNZD,long,2018-12-06 00:00,2018-12-11 00:00,1.04346,1.04646,0.0029999999999998916,H1,2018-12-10 18:00,2018-12-10 19:00,1.04504,1.0451,5.999999999994898e-05,0.01999999999998372,2018-12-14 00:00,False
AUDNZD,long,2018-12-06 00:00,2018-12-11 00:00,1.04346,1.04646,0.0029999999999998916,H1,2018-12-11 13:00,2018-12-11 14:00,1.04517,1.04526,9.000000000014552e-05,0.03000000000004959,2018-12-14 00:00,False
AUDNZD,long,2018-12-06 00:00,2018-12-11 00:00,1.04346,1.04646,0.0029999999999998916,H1,2018-12-11 15:00,2018-12-11 16:00,1.04574,1.04626,0.000520000000000076,0.17333333333336493,2018-12-14 00:00,False
AUDNZD,short,2018-12-11 00:00,2018-12-14 00:00,1.0541,1.0588,0.0046999999999999265,H1,2018-12-14 03:00,2018-12-14 04:00,1.05862,1.0588,0.000180000000000069,0.03829787234044081,2018-12-19 00:00,False
AUDNZD,long,2018-12-19 00:00,2018-12-24 00:00,1.04449,1.0484,0.00391000000000008,H1,2018-12-19 20:00,2018-12-19 21:00,1.04449,1.04497,0.00048000000000003595,0.12276214833760259,2018-12-27 00:00,False
CHFJPY,long,2018-10-25 00:00,2018-10-30 00:00,111.56,112.166,0.6059999999999945,H1,2018-10-26 14:00,2018-10-26 15:00,111.56,111.593,0.03300000000000125,0.05445544554455701,2018-12-19 00:00,False
CHFJPY,short,2018-11-07 00:00,2018-11-12 00:00,113.178,113.746,0.5679999999999978,H1,2018-11-07 13:00,2018-11-07 14:00,113.662,113.746,0.08399999999998897,0.14788732394364312,2018-11-15 00:00,False
CHFJPY,short,2018-11-07 00:00,2018-11-12 00:00,113.178,113.746,0.5679999999999978,H1,2018-11-08 18:00,2018-11-08 19:00,113.454,113.496,0.04200000000000159,0.07394366197183407,2018-11-15 00:00,False
CHFJPY,long,2018-11-12 00:00,2018-11-15 00:00,112.196,112.946,0.75,H1,2018-11-16 12:00,2018-11-16 13:00,112.196,112.318,0.12199999999999989,0.16266666666666652,2018-12-03 00:00,False
CHFJPY,short,2018-11-23 00:00,2018-11-28 00:00,113.942,114.412,0.4700000000000131,H1,2018-11-28 21:00,2018-11-28 22:00,114.408,114.412,0.0040000000000048885,0.008510638297882504,2018-12-03 00:00,False
CHFJPY,long,2018-12-03 00:00,2018-12-06 00:00,112.872,113.456,0.5840000000000032,H1,2018-12-06 09:00,2018-12-06 10:00,112.9,112.914,0.013999999999995794,0.023972602739718695,2018-12-14 00:00,False
CHFJPY,long,2018-12-03 00:00,2018-12-06 00:00,112.872,113.456,0.5840000000000032,H1,2018-12-06 15:00,2018-12-06 16:00,113.165,113.242,0.07699999999999818,0.13184931506848932,2018-12-14 00:00,False
CHFJPY,long,2018-12-03 00:00,2018-12-06 00:00,112.872,113.456,0.5840000000000032,H1,2018-12-06 19:00,2018-12-06 20:00,113.326,113.398,0.07200000000000273,0.12328767123288072,2018-12-14 00:00,False
CHFJPY,long,2018-12-03 00:00,2018-12-06 00:00,112.872,113.456,0.5840000000000032,H1,2018-12-06 23:00,2018-12-07 00:00,113.444,113.447,0.0030000000000001137,0.005136986301370029,2018-12-14 00:00,False
AUDJPY,long,2018-10-22 00:00,2018-10-25 00:00,78.564,79.271,0.7070000000000078,H1,2018-10-26 09:00,2018-10-26 10:00,78.564,78.598,0.034000000000006025,0.04809052333805608,2018-10-30 00:00,False
AUDJPY,long,2018-10-22 00:00,2018-10-25 00:00,78.564,79.271,0.7070000000000078,H1,2018-10-26 14:00,2018-10-26 15:00,78.632,78.766,0.13400000000000034,0.18953323903818792,2018-10-30 00:00,False
AUDJPY,short,2018-11-07 00:00,2018-11-12 00:00,82.23,83.052,0.8220000000000027,H1,2018-11-08 18:00,2018-11-08 19:00,83.003,83.052,0.049000000000006594,0.05961070559611488,2018-11-15 00:00,False
AUDJPY,short,2018-11-07 00:00,2018-11-12 00:00,82.23,83.052,0.8220000000000027,H1,2018-11-08 23:00,2018-11-09 00:00,82.838,82.878,0.04000000000000625,0.04866180048662545,2018-11-15 00:00,False
AUDJPY,long,2018-11-20 00:00,2018-11-23 00:00,81.201,81.932,0.7310000000000088,H1,2018-11-20 22:00,2018-11-20 23:00,81.201,81.207,0.006000000000000227,0.008207934336525521,2018-12-06 00:00,False
AUDJPY,long,2018-11-20 00:00,2018-11-23 00:00,81.201,81.932,0.7310000000000088,H1,2018-11-23 13:00,2018-11-23 14:00,81.429,81.462,0.03300000000000125,0.045143638850890365,2018-12-06 00:00,False
AUDJPY,long,2018-11-20 00:00,2018-11-23 00:00,81.201,81.932,0.7310000000000088,H1,2018-11-23 15:00,2018-11-23 16:00,81.5,81.504,0.0040000000000048885,0.005471956224356827,2018-12-06 00:00,False
AUDJPY,long,2018-11-20 00:00,2018-11-23 00:00,81.201,81.932,0.7310000000000088,H1,2018-11-23 18:00,2018-11-23 19:00,81.505,81.524,0.019000000000005457,0.02599179206567063,2018-12-06 00:00,False
AUDJPY,long,2018-12-06 00:00,2018-12-11 00:00,80.725,81.49,0.7650000000000006,H1,2018-12-09 23:00,2018-12-10 00:00,80.725,80.792,0.06700000000000728,0.08758169934641467,2018-12-14 00:00,False
AUDJPY,long,2018-12-06 00:00,2018-12-11 00:00,80.725,81.49,0.7650000000000006,H1,2018-12-11 00:00,2018-12-11 01:00,81.239,81.254,0.015000000000000568,0.01960784313725563,2018-12-14 00:00,False
AUDJPY,long,2018-12-06 00:00,2018-12-11 00:00,80.725,81.49,0.7650000000000006,H1,2018-12-11 08:00,2018-12-11 09:00,81.321,81.336,0.015000000000000568,0.01960784313725563,2018-12-14 00:00,False
EURUSD,short,2018-11-02 00:00,2018-11-07 00:00,1.14269,1.15001,0.007319999999999993,H1,2018-11-07 10:00,2018-11-07 11:00,1.15,1.15001,1.0000000000065512e-05,0.001366120218588186,2018-11-15 00:00,False
EURUSD,short,2018-11-02 00:00,2018-11-07 00:00,1.14269,1.15001,0.007319999999999993,H1,2018-11-07 17:00,2018-11-07 18:00,1.1468,1.1468,0.0,0.0,2018-11-15 00:00,False
EURUSD,short,2018-11-02 00:00,2018-11-07 00:00,1.14269,1.15001,0.007319999999999993,H1,2018-11-07 19:00,2018-11-07 20:00,1.14556,1.14582,0.000260000000000149,0.0355191256830805,2018-11-15 00:00,False
EURUSD,long,2018-11-12 00:00,2018-11-15 00:00,1.12154,1.13094,0.009400000000000075,H1,2018-11-12 21:00,2018-11-12 22:00,1.12154,1.12168,0.000140000000000029,0.014893617021279561,2018-11-23 00:00,False
EURUSD,long,2018-11-12 00:00,2018-11-15 00:00,1.12154,1.13094,0.009400000000000075,H1,2018-11-13 09:00,2018-11-13 10:00,1.12218,1.12279,0.0006099999999999994,0.06489361702127602,2018-11-23 00:00,False
EURUSD,long,2018-11-12 00:00,2018-11-15 00:00,1.12154,1.13094,0.009400000000000075,H1,2018-11-13 18:00,2018-11-13 19:00,1.12526,1.12558,0.000320000000000098,0.034042553191499514,2018-11-23 00:00,False
EURUSD,long,2018-11-12 00:00,2018-11-15 00:00,1.12154,1.13094,0.009400000000000075,H1,2018-11-14 10:00,2018-11-14 11:00,1.12631,1.12644,0.00013000000000018552,0.013829787234062179,2018-11-23 00:00,False
EURUSD,long,2018-11-12 00:00,2018-11-15 00:00,1.12154,1.13094,0.009400000000000075,H1,2018-11-15 09:00,2018-11-15 10:00,1.12708,1.12851,0.0014299999999998203,0.15212765957444777,2018-11-23 00:00,False
EURUSD,long,2018-11-12 00:00,2018-11-15 00:00,1.12154,1.13094,0.009400000000000075,H1,2018-11-15 13:00,2018-11-15 14:00,1.12872,1.12878,5.999999999994898e-05,0.006382978723398777,2018-11-23 00:00,False
EURUSD,long,2018-11-23 00:00,2018-11-28 00:00,1.12669,1.12934,0.002650000000000041,H1,2018-11-28 15:00,2018-11-28 16:00,1.12698,1.1271,0.00011999999999989797,0.04528301886788532,2018-12-14 00:00,False
EURUSD,short,2018-12-19 00:00,2018-12-24 00:00,1.13714,1.14856,0.011419999999999986,H1,2018-12-21 07:00,2018-12-21 08:00,1.14731,1.14739,7.999999999985796e-05,0.007005253940442912,2018-12-27 00:00,False
EURUSD,short,2018-12-19 00:00,2018-12-24 00:00,1.13714,1.14856,0.011419999999999986,H1,2018-12-24 14:00,2018-12-24 15:00,1.14341,1.14384,0.00042999999999993044,0.037653239929941414,2018-12-27 00:00,False
GBPCAD,short,2018-10-17 00:00,2018-10-22 00:00,1.71247,1.71904,0.006569999999999965,H1,2018-10-19 18:00,2018-10-19 19:00,1.7142,1.71442,0.000220000000000109,0.03348554033487217,2018-11-02 00:00,False
GBPCAD,short,2018-10-17 00:00,2018-10-22 00:00,1.71247,1.71904,0.006569999999999965,H1,2018-10-22 06:00,2018-10-22 07:00,1.71314,1.71353,0.00038999999999989043,0.05936073059359095,2018-11-02 00:00,False
GBPCAD,long,2018-11-07 00:00,2018-11-12 00:00,1.69458,1.71401,0.01943000000000006,H1,2018-11-12 09:00,2018-11-12 10:00,1.69458,1.6968,0.0022200000000001108,0.11425630468348451,2018-11-15 00:00,False
GBPCAD,long,2018-11-07 00:00,2018-11-12 00:00,1.69458,1.71401,0.01943000000000006,H1,2018-11-12 17:00,2018-11-12 18:00,1.69702,1.69754,0.000520000000000076,0.02676273803397192,2018-11-15 00:00,False
GBPCAD,short,2018-11-12 00:00,2018-11-15 00:00,1.7202,1.72862,0.008420000000000094,H1,2018-11-15 06:00,2018-11-15 07:00,1.72239,1.72284,0.0004499999999998394,0.05344418052254565,2018-12-19 00:00,False
GBPCAD,long,2018-11-15 00:00,2018-11-20 00:00,1.67854,1.69262,0.014080000000000092,H1,2018-11-15 18:00,2018-11-15 19:00,1.67854,1.67892,0.00038000000000004697,0.02698863636363952,2018-11-23 00:00,False
GBPCAD,long,2018-11-15 00:00,2018-11-20 00:00,1.67854,1.69262,0.014080000000000092,H1,2018-11-16 08:00,2018-11-16 09:00,1.68185,1.68254,0.0006899999999998574,0.049005681818171366,2018-11-23 00:00,False
GBPCAD,long,2018-11-15 00:00,2018-11-20 00:00,1.67854,1.69262,0.014080000000000092,H1,2018-11-19 11:00,2018-11-19 12:00,1.68516,1.68664,0.0014799999999999258,0.1051136363636304,2018-11-23 00:00,False
GBPCAD,short,2018-11-20 00:00,2018-11-23 00:00,1.69848,1.70948,0.01100000000000012,H1,2018-11-22 14:00,2018-11-22 15:00,1.70338,1.70412,0.000740000000000185,0.06727272727274335,2018-11-28 00:00,False
GBPCAD,short,2018-11-20 00:00,2018-11-23 00:00,1.69848,1.70948,0.01100000000000012,H1,2018-11-23 13:00,2018-11-23 14:00,1.70002,1.70038,0.00035999999999991594,0.03272727272726473,2018-11-28 00:00,False
GBPNZD,long,2018-11-15 00:00,2018-11-20 00:00,1.86288,1.87948,0.016599999999999948,H1,2018-11-16 20:00,2018-11-16 21:00,1.8632,1.86362,0.00042000000000008697,0.025301204819282427,2018-11-23 00:00,False
GBPNZD,short,2018-12-11 00:00,2018-12-14 00:00,1.8461,1.8601,0.014000000000000012,H1,2018-12-14 07:00,2018-12-14 08:00,1.85934,1.85938,4.0000000000040004e-05,0.002857142857145712,2018-12-19 00:00,False
USDJPY,short,2018-10-17 00:00,2018-10-22 00:00,112.54,112.888,0.347999999999999,H1,2018-10-22 14:00,2018-10-22 15:00,112.883,112.888,0.005000000000009663,0.014367816091981834,2018-10-25 00:00,False
USDJPY,short,2018-10-17 00:00,2018-10-22 00:00,112.54,112.888,0.347999999999999,H1,2018-10-22 22:00,2018-10-22 23:00,112.832,112.842,0.010000000000005116,0.028735632183922832,2018-10-25 00:00,False
USDJPY,long,2018-10-22 00:00,2018-10-25 00:00,111.378,112.256,0.8780000000000001,H1,2018-10-26 14:00,2018-10-26 15:00,111.378,111.392,0.013999999999995794,0.01594533029612277,2018-12-06 00:00,False
USDJPY,long,2018-10-22 00:00,2018-10-25 00:00,111.378,112.256,0.8780000000000001,H1,2018-10-26 19:00,2018-10-26 20:00,111.714,111.756,0.04200000000000159,0.04783599088838449,2018-12-06 00:00,False
USDJPY,short,2018-11-07 00:00,2018-11-12 00:00,113.813,114.209,0.3960000000000008,H1,2018-11-12 06:00,2018-11-12 07:00,114.192,114.209,0.017000000000010118,0.042929292929318394,2018-11-23 00:00,False
USDJPY,long,2018-11-15 00:00,2018-11-20 00:00,112.306,112.558,0.25200000000000955,H1,2018-11-20 12:00,2018-11-20 13:00,112.306,112.331,0.025000000000005684,0.099206349206368,2018-12-06 00:00,False
USDJPY,short,2018-11-23 00:00,2018-11-28 00:00,113.782,114.036,0.2540000000000049,H1,2018-11-28 15:00,2018-11-28 16:00,114.017,114.036,0.019000000000005457,0.07480314960631926,2018-12-03 00:00,False
EURNZD,long,2018-11-12 00:00,2018-11-15 00:00,1.65588,1.6643,0.008419999999999872,H1,2018-11-15 13:00,2018-11-15 14:00,1.65588,1.6563,0.00042000000000008697,0.04988123515440539,2018-11-20 00:00,False
EURNZD,long,2018-11-12 00:00,2018-11-15 00:00,1.65588,1.6643,0.008419999999999872,H1,2018-11-16 19:00,2018-11-16 20:00,1.65782,1.65822,0.00039999999999995595,0.04750593824227577,2018-11-20 00:00,False
EURNZD,long,2018-12-03 00:00,2018-12-06 00:00,1.63298,1.64492,0.01193999999999984,H1,2018-12-05 00:00,2018-12-05 01:00,1.63298,1.63356,0.0005799999999998029,0.04857621440534428,2018-12-11 00:00,False
EURNZD,long,2018-12-03 00:00,2018-12-06 00:00,1.63298,1.64492,0.01193999999999984,H1,2018-12-05 07:00,2018-12-05 08:00,1.63564,1.63586,0.000220000000000109,0.01842546063652529,2018-12-11 00:00,False
EURNZD,long,2018-12-03 00:00,2018-12-06 00:00,1.63298,1.64492,0.01193999999999984,H1,2018-12-05 14:00,2018-12-05 15:00,1.63808,1.63867,0.0005900000000000905,0.04941373534339182,2018-12-11 00:00,False
EURNZD,long,2018-12-03 00:00,2018-12-06 00:00,1.63298,1.64492,0.01193999999999984,H1,2018-12-05 21:00,2018-12-05 22:00,1.64417,1.6444,0.0002300000000001745,0.01926298157455424,2018-12-11 00:00,False
EURNZD,short,2018-12-19 00:00,2018-12-24 00:00,1.69565,1.70076,0.005109999999999948,H1,2018-12-24 15:00,2018-12-24 16:00,1.69988,1.70076,0.0008799999999999919,0.17221135029354223,2018-12-27 00:00,False
EURCAD,short,2018-10-17 00:00,2018-10-22 00:00,1.50864,1.51328,0.0046399999999999775,H1,2018-10-22 06:00,2018-10-22 07:00,1.51142,1.51153,0.0001100000000000545,0.023706896551736,2018-11-15 00:00,False
EURCAD,long,2018-10-22 00:00,2018-10-25 00:00,1.47769,1.48745,0.009759999999999991,H1,2018-10-25 07:00,2018-10-25 08:00,1.4848,1.48482,2.0000000000131024e-05,0.002049180327882279,2018-10-30 00:00,False
EURCAD,long,2018-10-22 00:00,2018-10-25 00:00,1.47769,1.48745,0.009759999999999991,H1,2018-10-25 22:00,2018-10-25 23:00,1.4865,1.48662,0.00012000000000012001,0.012295081967225422,2018-10-30 00:00,False
EURCAD,long,2018-10-30 00:00,2018-11-02 00:00,1.48481,1.4929,0.00808999999999993,H1,2018-10-31 17:00,2018-10-31 18:00,1.48639,1.48757,0.0011799999999999589,0.14585908529047825,2018-11-07 00:00,False
EURCAD,short,2018-11-02 00:00,2018-11-07 00:00,1.4997,1.50496,0.005260000000000042,H1,2018-11-07 15:00,2018-11-07 16:00,1.50444,1.50496,0.000520000000000076,0.09885931558936725,2018-11-12 00:00,False
EURCAD,long,2018-11-07 00:00,2018-11-12 00:00,1.48476,1.49735,0.012589999999999879,H1,2018-11-12 17:00,2018-11-12 18:00,1.48503,1.4852,0.00017000000000000348,0.013502779984114782,2018-11-15 00:00,False
EURCAD,long,2018-11-23 00:00,2018-11-28 00:00,1.49518,1.50168,0.00649999999999995,H1,2018-11-23 17:00,2018-11-23 18:00,1.49518,1.4963,0.0011200000000000099,0.17230769230769516,2018-12-03 00:00,False
EURCAD,long,2018-11-23 00:00,2018-11-28 00:00,1.49518,1.50168,0.00649999999999995,H1,2018-11-26 06:00,2018-11-26 07:00,1.49812,1.49819,7.00000000000145e-05,0.010769230769233081,2018-12-03 00:00,False
EURCAD,long,2018-11-23 00:00,2018-11-28 00:00,1.49518,1.50168,0.00649999999999995,H1,2018-11-27 15:00,2018-11-27 16:00,1.4983,1.49892,0.0006200000000000649,0.0953846153846261,2018-12-03 00:00,False
EURCAD,short,2018-12-19 00:00,2018-12-24 00:00,1.54632,1.55511,0.008790000000000076,H1,2018-12-24 14:00,2018-12-24 15:00,1.55428,1.55511,0.0008299999999998864,0.09442548350396807,2018-12-27 00:00,False
EURCAD,short,2018-12-19 00:00,2018-12-24 00:00,1.54632,1.55511,0.008790000000000076,H1,2018-12-24 18:00,2018-12-24 19:00,1.55414,1.55426,0.00011999999999989797,0.013651877133094077,2018-12-27 00:00,False
AUDCHF,short,2018-10-17 00:00,2018-10-22 00:00,0.70906,0.71204,0.0029799999999999827,H1,2018-10-19 13:00,2018-10-19 14:00,0.71194,0.71204,9.999999999998899e-05,0.03355704697986227,2018-10-25 00:00,False
AUDCHF,short,2018-10-17 00:00,2018-10-22 00:00,0.70906,0.71204,0.0029799999999999827,H1,2018-10-19 17:00,2018-10-19 18:00,0.71054,0.71102,0.00048000000000003595,0.1610738255033687,2018-10-25 00:00,False
AUDCHF,short,2018-10-17 00:00,2018-10-22 00:00,0.70906,0.71204,0.0029799999999999827,H1,2018-10-21 21:00,2018-10-21 22:00,0.70989,0.7104,0.0005100000000000104,0.17114093959731994,2018-10-25 00:00,False
AUDCHF,long,2018-10-22 00:00,2018-10-25 00:00,0.7021,0.7048,0.0027000000000000357,H1,2018-10-23 14:00,2018-10-23 15:00,0.7021,0.70217,7.00000000000145e-05,0.025925925925930952,2018-12-19 00:00,False
AUDCHF,long,2018-10-22 00:00,2018-10-25 00:00,0.7021,0.7048,0.0027000000000000357,H1,2018-10-26 09:00,2018-10-26 10:00,0.70272,0.70284,0.00012000000000000899,0.04444444444444719,2018-12-19 00:00,False
AUDCHF,short,2018-11-12 00:00,2018-11-15 00:00,0.72758,0.73422,0.006639999999999979,H1,2018-11-16 20:00,2018-11-16 21:00,0.7334,0.73364,0.00023999999999990695,0.03614457831323911,2018-11-28 00:00,False
AUDCHF,long,2018-11-23 00:00,2018-11-28 00:00,0.71949,0.72158,0.0020900000000000363,H1,2018-11-27 17:00,2018-11-27 18:00,0.7196,0.71968,7.999999999996898e-05,0.038277511961706985,2018-12-06 00:00,False
AUDCHF,long,2018-11-23 00:00,2018-11-28 00:00,0.71949,0.72158,0.0020900000000000363,H1,2018-11-27 22:00,2018-11-27 23:00,0.72119,0.72132,0.00012999999999996348,0.06220095693778049,2018-12-06 00:00,False
AUDCHF,short,2018-11-28 00:00,2018-12-03 00:00,0.73017,0.7377,0.007530000000000037,H1,2018-12-03 13:00,2018-12-03 14:00,0.73661,0.7377,0.0010900000000000354,0.1447543160690611,,True
AUDCHF,long,2018-12-06 00:00,2018-12-11 00:00,0.71002,0.71209,0.0020700000000000163,H1,2018-12-11 08:00,2018-12-11 09:00,0.71002,0.71032,0.00029999999999996696,0.14492753623186697,2018-12-14 00:00,False
NZDCHF,short,2018-10-17 00:00,2018-10-22 00:00,0.65634,0.65886,0.0025199999999999667,H1,2018-10-21 22:00,2018-10-21 23:00,0.6577,0.65808,0.00038000000000004697,0.15079365079367144,2018-10-30 00:00,False
NZDCHF,short,2018-10-17 00:00,2018-10-22 00:00,0.65634,0.65886,0.0025199999999999667,H1,2018-10-22 03:00,2018-10-22 04:00,0.65733,0.65744,0.0001100000000000545,0.04365079365081585,2018-10-30 00:00,False
NZDCHF,short,2018-10-17 00:00,2018-10-22 00:00,0.65634,0.65886,0.0025199999999999667,H1,2018-10-22 06:00,2018-10-22 07:00,0.65705,0.65713,7.999999999996898e-05,0.03174603174601986,2018-10-30 00:00,False
NZDCHF,short,2018-10-17 00:00,2018-10-22 00:00,0.65634,0.65886,0.0025199999999999667,H1,2018-10-22 08:00,2018-10-22 09:00,0.65688,0.65689,9.99999999995449e-06,0.003968253968235961,2018-10-30 00:00,False
NZDCHF,short,2018-11-12 00:00,2018-11-15 00:00,0.68374,0.68884,0.005099999999999993,H1,2018-11-16 20:00,2018-11-16 21:00,0.68816,0.68816,0.0,0.0,2018-11-28 00:00,False
NZDCHF,short,2018-12-03 00:00,2018-12-06 00:00,0.68824,0.69394,0.005700000000000038,H1,2018-12-04 08:00,2018-12-04 09:00,0.6933,0.69394,0.0006399999999999739,0.11228070175438064,,True
NZDCHF,short,2018-12-03 00:00,2018-12-06 00:00,0.68824,0.69394,0.005700000000000038,H1,2018-12-05 00:00,2018-12-05 01:00,0.69284,0.6931,0.000260000000000038,0.04561403508772566,,True
NZDCHF,short,2018-12-03 00:00,2018-12-06 00:00,0.68824,0.69394,0.005700000000000038,H1,2018-12-05 07:00,2018-12-05 08:00,0.69228,0.69244,0.000160000000000049,0.028070175438604898,,True
NZDCHF,long,2018-12-06 00:00,2018-12-11 00:00,0.67698,0.68052,0.0035399999999999876,H1,2018-12-09 23:00,2018-12-10 00:00,0.67698,0.67722,0.00024000000000001798,0.06779661016949684,2018-12-14 00:00,False
NZDCHF,long,2018-12-06 00:00,2018-12-11 00:00,0.67698,0.68052,0.0035399999999999876,H1,2018-12-11 08:00,2018-12-11 09:00,0.67726,0.67778,0.000520000000000076,0.1468926553672536,2018-12-14 00:00,False
NZDCHF,short,2018-12-11 00:00,2018-12-14 00:00,0.68178,0.68468,0.0028999999999999027,H1,2018-12-12 01:00,2018-12-12 02:00,0.68458,0.68468,9.999999999998899e-05,0.03448275862068702,2018-12-19 00:00,False
NZDCHF,short,2018-12-11 00:00,2018-12-14 00:00,0.68178,0.68468,0.0028999999999999027,H1,2018-12-12 03:00,2018-12-12 04:00,0.6843,0.68438,7.999999999996898e-05,0.027586206896541954,2018-12-19 00:00,False
NZDCHF,short,2018-12-11 00:00,2018-12-14 00:00,0.68178,0.68468,0.0028999999999999027,H1,2018-12-13 06:00,2018-12-13 07:00,0.68298,0.68345,0.00046999999999997044,0.16206896551723662,2018-12-19 00:00,False
NZDCHF,short,2018-12-11 00:00,2018-12-14 00:00,0.68178,0.68468,0.0028999999999999027,H1,2018-12-13 13:00,2018-12-13 14:00,0.6826,0.6829,0.00029999999999996696,0.10344827586206104,2018-12-19 00:00,False
GBPCHF,long,2018-10-25 00:00,2018-10-30 00:00,1.27564,1.28184,0.006199999999999983,H1,2018-10-30 16:00,2018-10-30 17:00,1.27564,1.27571,6.999999999979245e-05,0.011290322580611715,2018-11-15 00:00,False
GBPCHF,long,2018-10-25 00:00,2018-10-30 00:00,1.27564,1.28184,0.006199999999999983,H1,2018-10-30 18:00,2018-10-30 19:00,1.27597,1.27668,0.0007099999999999884,0.11451612903225651,2018-11-15 00:00,False
GBPCHF,long,2018-11-07 00:00,2018-11-12 00:00,1.29537,1.30472,0.009350000000000191,H1,2018-11-12 17:00,2018-11-12 18:00,1.29556,1.29569,0.00012999999999996348,0.013903743315503831,2018-11-15 00:00,False
GBPCHF,long,2018-12-06 00:00,2018-12-11 00:00,1.238,1.24416,0.006159999999999943,H1,2018-12-10 15:00,2018-12-10 16:00,1.238,1.23854,0.0005399999999999849,0.08766233766233603,2018-12-27 00:00,False
CADJPY,short,2018-10-12 00:00,2018-10-17 00:00,86.79,86.89,0.09999999999999432,H1,2018-10-17 00:00,2018-10-17 01:00,86.87,86.882,0.012000000000000455,0.12000000000001138,2018-10-22 00:00,False
CADJPY,short,2018-10-22 00:00,2018-10-25 00:00,85.965,86.818,0.8529999999999944,H1,2018-10-25 09:00,2018-10-25 10:00,86.304,86.312,0.007999999999995566,0.00937866354044035,2018-10-30 00:00,False
CADJPY,short,2018-10-22 00:00,2018-10-25 00:00,85.965,86.818,0.8529999999999944,H1,2018-10-25 19:00,2018-10-25 20:00,86.143,86.153,0.010000000000005116,0.011723329425562931,2018-10-30 00:00,False
CADJPY,short,2018-10-22 00:00,2018-10-25 00:00,85.965,86.818,0.8529999999999944,H1,2018-10-25 22:00,2018-10-25 23:00,86.006,86.007,0.0010000000000047748,0.0011723329425612913,2018-10-30 00:00,False
CADJPY,long,2018-10-25 00:00,2018-10-30 00:00,84.85,85.569,0.7190000000000083,H1,2018-10-26 14:00,2018-10-26 15:00,84.85,84.914,0.06400000000000716,0.08901251738526623,2018-11-12 00:00,False
CADJPY,long,2018-10-25 00:00,2018-10-30 00:00,84.85,85.569,0.7190000000000083,H1,2018-10-29 01:00,2018-10-29 02:00,85.289,85.298,0.009000000000000341,0.012517385257302139,2018-11-12 00:00,False
CADJPY,long,2018-12-06 00:00,2018-12-11 00:00,83.568,84.606,1.0379999999999967,H1,2018-12-06 15:00,2018-12-06 16:00,83.568,83.618,0.04999999999999716,0.048169556840074484,2018-12-14 00:00,False
CADJPY,long,2018-12-06 00:00,2018-12-11 00:00,83.568,84.606,1.0379999999999967,H1,2018-12-06 19:00,2018-12-06 20:00,83.98,84.082,0.10199999999998965,0.09826589595374757,2018-12-14 00:00,False
CADJPY,long,2018-12-06 00:00,2018-12-11 00:00,83.568,84.606,1.0379999999999967,H1,2018-12-07 01:00,2018-12-07 02:00,84.1,84.116,0.016000000000005343,0.01541425818882986,2018-12-14 00:00,False
CADJPY,long,2018-12-06 00:00,2018-12-11 00:00,83.568,84.606,1.0379999999999967,H1,2018-12-07 07:00,2018-12-07 08:00,84.157,84.17,0.01300000000000523,0.012524084778425116,2018-12-14 00:00,False
CADJPY,long,2018-12-06 00:00,2018-12-11 00:00,83.568,84.606,1.0379999999999967,H1,2018-12-07 11:00,2018-12-07 12:00,84.172,84.176,0.0040000000000048885,0.0038535645472108876,2018-12-14 00:00,False
CADJPY,long,2018-12-06 00:00,2018-12-11 00:00,83.568,84.606,1.0379999999999967,H1,2018-12-11 09:00,2018-12-11 10:00,84.262,84.264,0.001999999999995339,0.0019267822735985984,2018-12-14 00:00,False
CADJPY,long,2018-12-06 00:00,2018-12-11 00:00,83.568,84.606,1.0379999999999967,H1,2018-12-11 18:00,2018-12-11 19:00,84.436,84.454,0.01799999999998647,0.017341040462414768,2018-12-14 00:00,False
GBPUSD,long,2018-11-07 00:00,2018-11-12 00:00,1.28272,1.29749,0.01476999999999995,H1,2018-11-12 21:00,2018-11-12 22:00,1.28415,1.28429,0.000140000000000029,0.009478672985783986,2018-11-15 00:00,False
GBPUSD,long,2018-11-15 00:00,2018-11-20 00:00,1.27243,1.28516,0.01273000000000013,H1,2018-11-15 18:00,2018-11-15 19:00,1.27243,1.27352,0.0010900000000000354,0.08562450903378038,2018-11-23 00:00,False
GBPUSD,long,2018-11-15 00:00,2018-11-20 00:00,1.27243,1.28516,0.01273000000000013,H1,2018-11-15 22:00,2018-11-15 23:00,1.27608,1.27625,0.00017000000000000348,0.013354281225451826,2018-11-23 00:00,False
GBPUSD,long,2018-11-23 00:00,2018-11-28 00:00,1.27253,1.27455,0.002020000000000133,H1,2018-11-27 16:00,2018-11-27 17:00,1.27253,1.27263,9.999999999998899e-05,0.0495049504950408,2018-12-03 00:00,False
GBPUSD,short,2018-11-28 00:00,2018-12-03 00:00,1.27507,1.285,0.009929999999999994,H1,2018-11-29 04:00,2018-11-29 05:00,1.28472,1.285,0.00027999999999983594,0.028197381671685406,2018-12-06 00:00,False
AUDUSD,long,2018-10-25 00:00,2018-10-30 00:00,0.70213,0.7057,0.003569999999999962,H1,2018-10-26 09:00,2018-10-26 10:00,0.70213,0.70245,0.00031999999999998696,0.08963585434173399,2018-12-19 00:00,False
AUDUSD,long,2018-10-25 00:00,2018-10-30 00:00,0.70213,0.7057,0.003569999999999962,H1,2018-10-26 11:00,2018-10-26 12:00,0.7026,0.7027,9.999999999998899e-05,0.02801120448178993,2018-12-19 00:00,False
AUDUSD,long,2018-10-25 00:00,2018-10-30 00:00,0.70213,0.7057,0.003569999999999962,H1,2018-10-29 20:00,2018-10-29 21:00,0.7053,0.70557,0.00026999999999999247,0.07563025210083903,2018-12-19 00:00,False
AUDUSD,short,2018-11-15 00:00,2018-11-20 00:00,0.7295,0.7338,0.0042999999999999705,H1,2018-11-16 20:00,2018-11-16 21:00,0.73352,0.7338,0.000280000000000058,0.06511627906978137,2018-11-28 00:00,False
AUDUSD,short,2018-11-15 00:00,2018-11-20 00:00,0.7295,0.7338,0.0042999999999999705,H1,2018-11-19 07:00,2018-11-19 08:00,0.73184,0.73246,0.0006199999999999539,0.14418604651161818,2018-11-28 00:00,False
AUDUSD,short,2018-11-15 00:00,2018-11-20 00:00,0.7295,0.7338,0.0042999999999999705,H1,2018-11-19 15:00,2018-11-19 16:00,0.73034,0.7306,0.000260000000000038,0.060465116279079016,2018-11-28 00:00,False
AUDUSD,short,2018-11-15 00:00,2018-11-20 00:00,0.7295,0.7338,0.0042999999999999705,H1,2018-11-20 08:00,2018-11-20 09:00,0.7297,0.72998,0.00027999999999994696,0.06511627906975555,2018-11-28 00:00,False
AUDUSD,long,2018-11-23 00:00,2018-11-28 00:00,0.71992,0.72255,0.002630000000000021,H1,2018-11-27 17:00,2018-11-27 18:00,0.71992,0.72024,0.00031999999999998696,0.12167300380227543,2018-12-06 00:00,False
AUDUSD,long,2018-11-23 00:00,2018-11-28 00:00,0.71992,0.72255,0.002630000000000021,H1,2018-11-28 15:00,2018-11-28 16:00,0.72216,0.72216,0.0,0.0,2018-12-06 00:00,False
AUDUSD,long,2018-12-06 00:00,2018-12-11 00:00,0.71782,0.71897,0.0011499999999999844,H1,2018-12-11 00:00,2018-12-11 01:00,0.71847,0.71849,1.999999999990898e-05,0.017391304347747175,2018-12-14 00:00,False
NZDUSD,short,2018-10-17 00:00,2018-10-22 00:00,0.65909,0.6612,0.0021100000000000563,H1,2018-10-22 03:00,2018-10-22 04:00,0.65992,0.66005,0.0001300000000000745,0.061611374407616604,2018-10-30 00:00,False
NZDUSD,short,2018-10-17 00:00,2018-10-22 00:00,0.65909,0.6612,0.0021100000000000563,H1,2018-10-22 06:00,2018-10-22 07:00,0.65989,0.65991,2.0000000000020002e-05,0.009478672985791217,2018-10-30 00:00,False
NZDUSD,long,2018-11-07 00:00,2018-11-12 00:00,0.67058,0.67383,0.003250000000000086,H1,2018-11-12 22:00,2018-11-12 23:00,0.67076,0.67087,0.00010999999999994348,0.033846153846135554,2018-12-19 00:00,False
NZDUSD,short,2018-11-15 00:00,2018-11-20 00:00,0.68386,0.68836,0.0044999999999999485,H1,2018-11-16 20:00,2018-11-16 21:00,0.68825,0.68836,0.00010999999999994348,0.024444444444432164,2018-11-28 00:00,False
NZDUSD,short,2018-11-15 00:00,2018-11-20 00:00,0.68386,0.68836,0.0044999999999999485,H1,2018-11-19 01:00,2018-11-19 02:00,0.68716,0.68722,6.0000000000060005e-05,0.01333333333334682,2018-11-28 00:00,False
NZDUSD,short,2018-11-15 00:00,2018-11-20 00:00,0.68386,0.68836,0.0044999999999999485,H1,2018-11-20 08:00,2018-11-20 09:00,0.68672,0.68694,0.00021999999999999797,0.048888888888888996,2018-11-28 00:00,False
NZDUSD,short,2018-11-15 00:00,2018-11-20 00:00,0.68386,0.68836,0.0044999999999999485,H1,2018-11-20 11:00,2018-11-20 12:00,0.68584,0.68599,0.00014999999999998348,0.033333333333330044,2018-11-28 00:00,False
NZDUSD,long,2018-11-23 00:00,2018-11-28 00:00,0.67537,0.67908,0.003709999999999991,H1,2018-11-27 01:00,2018-11-27 02:00,0.67537,0.6759,0.0005299999999999194,0.14285714285712148,2018-12-14 00:00,False
NZDUSD,long,2018-11-23 00:00,2018-11-28 00:00,0.67537,0.67908,0.003709999999999991,H1,2018-11-27 16:00,2018-11-27 17:00,0.67715,0.67752,0.00036999999999998145,0.0997304582210195,2018-12-14 00:00,False
NZDUSD,long,2018-11-23 00:00,2018-11-28 00:00,0.67537,0.67908,0.003709999999999991,H1,2018-11-28 01:00,2018-11-28 02:00,0.6784,0.67841,9.99999999995449e-06,0.002695417789745152,2018-12-14 00:00,False
NZDUSD,short,2018-12-03 00:00,2018-12-06 00:00,0.68988,0.69694,0.007059999999999955,H1,2018-12-04 09:00,2018-12-04 10:00,0.69678,0.69694,0.000160000000000049,0.02266288951842068,2018-12-11 00:00,False
NZDUSD,short,2018-12-03 00:00,2018-12-06 00:00,0.68988,0.69694,0.007059999999999955,H1,2018-12-04 12:00,2018-12-04 13:00,0.69584,0.69596,0.00012000000000000899,0.01699716713881158,2018-12-11 00:00,False
NZDUSD,short,2018-12-03 00:00,2018-12-06 00:00,0.68988,0.69694,0.007059999999999955,H1,2018-12-05 00:00,2018-12-05 01:00,0.69446,0.69446,0.0,0.0,2018-12-11 00:00,False
NZDUSD,short,2018-12-03 00:00,2018-12-06 00:00,0.68988,0.69694,0.007059999999999955,H1,2018-12-05 13:00,2018-12-05 14:00,0.69262,0.69294,0.00031999999999998696,0.045325779036825636,2018-12-11 00:00,False
NZDUSD,short,2018-12-03 00:00,2018-12-06 00:00,0.68988,0.69694,0.007059999999999955,H1,2018-12-05 16:00,2018-12-05 17:00,0.69074,0.69083,9.00000000000345e-05,0.012747875354112616,2018-12-11 00:00,False
NZDCAD,short,2018-10-17 00:00,2018-10-22 00:00,0.8637,0.86604,0.0023400000000000087,H1,2018-10-22 03:00,2018-10-22 04:00,0.86386,0.86396,9.999999999998899e-05,0.04273504273503787,2018-10-30 00:00,False
NZDCAD,long,2018-12-19 00:00,2018-12-24 00:00,0.90767,0.91301,0.005340000000000011,H1,2018-12-20 06:00,2018-12-20 07:00,0.90775,0.90781,6.0000000000060005e-05,0.011235955056190988,2018-12-27 00:00,False
NZDCAD,long,2018-12-19 00:00,2018-12-24 00:00,0.90767,0.91301,0.005340000000000011,H1,2018-12-21 09:00,2018-12-21 10:00,0.90966,0.90984,0.00017999999999995797,0.03370786516853138,2018-12-27 00:00,False
NZDCAD,long,2018-12-19 00:00,2018-12-24 00:00,0.90767,0.91301,0.005340000000000011,H1,2018-12-21 17:00,2018-12-21 18:00,0.91039,0.91091,0.0005199999999999649,0.09737827715355128,2018-12-27 00:00,False
NZDCAD,long,2018-12-19 00:00,2018-12-24 00:00,0.90767,0.91301,0.005340000000000011,H1,2018-12-24 15:00,2018-12-24 16:00,0.91186,0.91225,0.00039000000000000146,0.07303370786516866,2018-12-27 00:00,False
CADCHF,short,2018-10-22 00:00,2018-10-25 00:00,0.76412,0.76934,0.005220000000000002,H1,2018-10-25 15:00,2018-10-25 16:00,0.76602,0.76654,0.0005199999999999649,0.09961685823754113,2018-10-30 00:00,False
CADCHF,short,2018-10-22 00:00,2018-10-25 00:00,0.76412,0.76934,0.005220000000000002,H1,2018-10-25 17:00,2018-10-25 18:00,0.76534,0.7657,0.00036000000000002697,0.06896551724138444,2018-10-30 00:00,False
CADCHF,short,2018-10-22 00:00,2018-10-25 00:00,0.76412,0.76934,0.005220000000000002,H1,2018-10-25 23:00,2018-10-26 00:00,0.7648,0.76513,0.00032999999999994145,0.06321839080458645,2018-10-30 00:00,False
CADCHF,long,2018-10-25 00:00,2018-10-30 00:00,0.75989,0.76282,0.002930000000000099,H1,2018-10-26 14:00,2018-10-26 15:00,0.76012,0.76058,0.00046000000000001595,0.15699658703071687,2018-11-02 00:00,False
CADCHF,long,2018-10-25 00:00,2018-10-30 00:00,0.75989,0.76282,0.002930000000000099,H1,2018-10-26 20:00,2018-10-28 21:00,0.76078,0.76078,0.0,0.0,2018-11-02 00:00,False
CADCHF,long,2018-10-25 00:00,2018-10-30 00:00,0.75989,0.76282,0.002930000000000099,H1,2018-10-29 06:00,2018-10-29 07:00,0.76108,0.76116,7.999999999996898e-05,0.027303754266200093,2018-11-02 00:00,False
CADCHF,long,2018-10-25 00:00,2018-10-30 00:00,0.75989,0.76282,0.002930000000000099,H1,2018-10-30 12:00,2018-10-30 13:00,0.76178,0.76204,0.000260000000000038,0.08873720136519767,2018-11-02 00:00,False
CADCHF,long,2018-12-06 00:00,2018-12-11 00:00,0.73526,0.73922,0.0039599999999999635,H1,2018-12-11 09:00,2018-12-11 10:00,0.73526,0.73566,0.00039999999999995595,0.10101010101009082,2018-12-14 00:00,False
EURGBP,short,2018-10-25 00:00,2018-10-30 00:00,0.8889,0.89395,0.005049999999999999,H1,2018-10-30 16:00,2018-10-30 17:00,0.89392,0.89395,2.999999999997449e-05,0.005940594059400891,2018-11-15 00:00,False
EURGBP,short,2018-11-07 00:00,2018-11-12 00:00,0.87372,0.87738,0.0036599999999999966,H1,2018-11-12 05:00,2018-11-12 06:00,0.87729,0.87738,9.00000000000345e-05,0.024590163934435676,2018-11-15 00:00,False
EURGBP,short,2018-11-07 00:00,2018-11-12 00:00,0.87372,0.87738,0.0036599999999999966,H1,2018-11-12 12:00,2018-11-12 13:00,0.87586,0.87602,0.000160000000000049,0.043715846994548946,2018-11-15 00:00,False
EURGBP,short,2018-12-06 00:00,2018-12-11 00:00,0.90398,0.90874,0.0047599999999999865,H1,2018-12-10 15:00,2018-12-10 16:00,0.90872,0.90874,2.0000000000020002e-05,0.004201680672273122,2018-12-19 00:00,False
EURGBP,short,2018-12-19 00:00,2018-12-24 00:00,0.89958,0.90546,0.005879999999999996,H1,2018-12-20 19:00,2018-12-20 20:00,0.90533,0.90546,0.0001300000000000745,0.02210884353742765,2018-12-27 00:00,False
EURGBP,short,2018-12-19 00:00,2018-12-24 00:00,0.89958,0.90546,0.005879999999999996,H1,2018-12-21 05:00,2018-12-21 06:00,0.90499,0.90502,3.0000000000085514e-05,0.005102040816341077,2018-12-27 00:00,False
EURGBP,short,2018-12-19 00:00,2018-12-24 00:00,0.89958,0.90546,0.005879999999999996,H1,2018-12-21 07:00,2018-12-21 08:00,0.90478,0.90487,8.999999999992347e-05,0.015306122448966586,2018-12-27 00:00,False
EURGBP,short,2018-12-19 00:00,2018-12-24 00:00,0.89958,0.90546,0.005879999999999996,H1,2018-12-24 10:00,2018-12-24 11:00,0.90184,0.90268,0.0008400000000000629,0.14285714285715365,2018-12-27 00:00,False
GBPJPY,long,2018-10-25 00:00,2018-10-30 00:00,142.777,143.774,0.9970000000000141,H1,2018-10-26 14:00,2018-10-26 15:00,142.777,142.81,0.03300000000001546,0.03309929789369608,2018-12-03 00:00,False
GBPJPY,long,2018-11-15 00:00,2018-11-20 00:00,144.026,144.658,0.6319999999999766,H1,2018-11-20 20:00,2018-11-20 21:00,144.034,144.063,0.028999999999996362,0.04588607594936303,2018-11-23 00:00,False
GBPJPY,long,2018-12-06 00:00,2018-12-11 00:00,141.183,142.375,1.1920000000000073,H1,2018-12-11 21:00,2018-12-11 22:00,141.52,141.526,0.006000000000000227,0.005033557046980026,2018-12-14 00:00,False
EURJPY,long,2018-10-25 00:00,2018-10-30 00:00,126.637,127.808,1.1710000000000065,H1,2018-10-26 14:00,2018-10-26 15:00,126.637,126.658,0.021000000000000796,0.01793339026473158,2018-11-12 00:00,False
EURJPY,long,2018-10-25 00:00,2018-10-30 00:00,126.637,127.808,1.1710000000000065,H1,2018-10-29 08:00,2018-10-29 09:00,127.25,127.374,0.12399999999999523,0.10589239965840695,2018-11-12 00:00,False
EURJPY,long,2018-11-12 00:00,2018-11-15 00:00,127.503,128.516,1.012999999999991,H1,2018-11-12 23:00,2018-11-13 00:00,127.503,127.587,0.08400000000000318,0.08292201382033951,2018-11-20 00:00,False
EURJPY,long,2018-11-12 00:00,2018-11-15 00:00,127.503,128.516,1.012999999999991,H1,2018-11-13 02:00,2018-11-13 03:00,127.681,127.741,0.060000000000002274,0.05923000987167108,2018-11-20 00:00,False
EURJPY,long,2018-11-12 00:00,2018-11-15 00:00,127.503,128.516,1.012999999999991,H1,2018-11-15 13:00,2018-11-15 14:00,127.769,127.903,0.13400000000000034,0.13228035538006075,2018-11-20 00:00,False
EURJPY,long,2018-11-12 00:00,2018-11-15 00:00,127.503,128.516,1.012999999999991,H1,2018-11-16 12:00,2018-11-16 13:00,128.128,128.292,0.1640000000000157,0.1618953603159103,2018-11-20 00:00,False
EURJPY,long,2018-12-03 00:00,2018-12-06 00:00,127.622,128.414,0.7919999999999874,H1,2018-12-06 19:00,2018-12-06 20:00,127.997,128.086,0.08900000000001285,0.11237373737375539,2018-12-11 00:00,False
EURJPY,long,2018-12-03 00:00,2018-12-06 00:00,127.622,128.414,0.7919999999999874,H1,2018-12-07 01:00,2018-12-07 02:00,128.141,128.175,0.034000000000020236,0.042929292929319164,2018-12-11 00:00,False
EURAUD,long,2018-11-12 00:00,2018-11-15 00:00,1.55198,1.56356,0.011580000000000146,H1,2018-11-15 09:00,2018-11-15 10:00,1.55198,1.55246,0.00048000000000003595,0.04145077720207512,2018-11-23 00:00,False
EURAUD,long,2018-11-12 00:00,2018-11-15 00:00,1.55198,1.56356,0.011580000000000146,H1,2018-11-15 13:00,2018-11-15 14:00,1.55299,1.55338,0.00038999999999989043,0.03367875647667405,2018-11-23 00:00,False
EURAUD,long,2018-11-12 00:00,2018-11-15 00:00,1.55198,1.56356,0.011580000000000146,H1,2018-11-16 20:00,2018-11-16 21:00,1.55593,1.55614,0.00021000000000004349,0.018134715025910263,2018-11-23 00:00,False
EURAUD,short,2018-11-20 00:00,2018-11-23 00:00,1.57205,1.57828,0.006229999999999958,H1,2018-11-20 22:00,2018-11-20 23:00,1.5782,1.57828,7.999999999985796e-05,0.012841091492754175,2018-12-06 00:00,False
EURAUD,short,2018-12-06 00:00,2018-12-11 00:00,1.5795,1.58857,0.009070000000000134,H1,2018-12-09 23:00,2018-12-10 00:00,1.58796,1.58857,0.0006099999999999994,0.06725468577728672,2018-12-14 00:00,False
EURAUD,short,2018-12-06 00:00,2018-12-11 00:00,1.5795,1.58857,0.009070000000000134,H1,2018-12-10 06:00,2018-12-10 07:00,1.58496,1.5854,0.00043999999999999595,0.04851157662623919,2018-12-14 00:00,False
EURAUD,short,2018-12-06 00:00,2018-12-11 00:00,1.5795,1.58857,0.009070000000000134,H1,2018-12-10 15:00,2018-12-10 16:00,1.58374,1.58495,0.0012100000000001554,0.13340683572217613,2018-12-14 00:00,False
EURAUD,short,2018-12-06 00:00,2018-12-11 00:00,1.5795,1.58857,0.009070000000000134,H1,2018-12-11 08:00,2018-12-11 09:00,1.58156,1.58184,0.00027999999999983594,0.030871003307588955,2018-12-14 00:00,False
NZDJPY,short,2018-10-17 00:00,2018-10-22 00:00,74.16,74.435,0.2750000000000057,H1,2018-10-22 06:00,2018-10-22 07:00,74.378,74.394,0.016000000000005343,0.05818181818183641,2018-10-30 00:00,False
NZDJPY,short,2018-10-17 00:00,2018-10-22 00:00,74.16,74.435,0.2750000000000057,H1,2018-10-22 10:00,2018-10-22 11:00,74.261,74.293,0.03200000000001069,0.11636363636367282,2018-10-30 00:00,False
NZDJPY,long,2018-11-15 00:00,2018-11-20 00:00,76.442,76.954,0.5120000000000005,H1,2018-11-20 22:00,2018-11-20 23:00,76.442,76.454,0.012000000000000455,0.023437500000000867,2018-11-23 00:00,False
NZDJPY,short,2018-12-03 00:00,2018-12-06 00:00,78.071,78.864,0.7930000000000064,H1,2018-12-04 03:00,2018-12-04 04:00,78.862,78.864,0.0020000000000095497,0.0025220680958506097,2018-12-11 00:00,False
NZDJPY,short,2018-12-03 00:00,2018-12-06 00:00,78.071,78.864,0.7930000000000064,H1,2018-12-04 07:00,2018-12-04 08:00,78.736,78.768,0.031999999999996476,0.040353089533412635,2018-12-11 00:00,False
NZDJPY,short,2018-12-03 00:00,2018-12-06 00:00,78.071,78.864,0.7930000000000064,H1,2018-12-04 12:00,2018-12-04 13:00,78.477,78.489,0.012000000000000455,0.015132408575031979,2018-12-11 00:00,False
NZDJPY,short,2018-12-03 00:00,2018-12-06 00:00,78.071,78.864,0.7930000000000064,H1,2018-12-04 15:00,2018-12-04 16:00,78.424,78.426,0.001999999999995339,0.0025220680958326896,2018-12-11 00:00,False
NZDJPY,short,2018-12-03 00:00,2018-12-06 00:00,78.071,78.864,0.7930000000000064,H1,2018-12-05 13:00,2018-12-05 14:00,78.307,78.345,0.0379999999999967,0.047919293820928625,2018-12-11 00:00,False
NZDJPY,short,2018-12-03 00:00,2018-12-06 00:00,78.071,78.864,0.7930000000000064,H1,2018-12-05 21:00,2018-12-05 22:00,78.096,78.101,0.0049999999999954525,0.006305170239590684,2018-12-11 00:00,False
NZDJPY,long,2018-12-06 00:00,2018-12-11 00:00,76.953,77.868,0.914999999999992,H1,2018-12-09 23:00,2018-12-10 00:00,76.953,76.996,0.042999999999992156,0.04699453551911752,2018-12-14 00:00,False
NZDJPY,long,2018-12-06 00:00,2018-12-11 00:00,76.953,77.868,0.914999999999992,H1,2018-12-10 02:00,2018-12-10 03:00,77.32,77.321,0.0010000000000047748,0.001092896174868616,2018-12-14 00:00,False
