wd_variant,pair,pivot_type,htf,ltf,htf_first_candle_time,htf_second_candle_time,htf_gap_low,htf_gap_high,htf_gap_width,htf_wick_diff_low,htf_wick_diff_high,wd_first_candle_time,wd_second_candle_time,wd_zone_low,wd_zone_high,wd_zone_width,wd_zone_pct_of_htf_gap,htf_first_touch_time,pending_until_htf_touch
INNER,AUDCHF,long,W,H1,2024-01-08 00:00,2024-01-15 00:00,0.56394,0.5701,0.006160000000000054,0.56394,0.56764,2024-01-17 08:00,2024-01-17 09:00,0.56394,0.56414,0.00019999999999997797,0.032467532467528606,2024-01-22 00:00,False
INNER,AUDCHF,long,W,H1,2024-01-08 00:00,2024-01-15 00:00,0.56394,0.5701,0.006160000000000054,0.56394,0.56764,2024-01-18 02:00,2024-01-18 03:00,0.56624,0.56632,8.000000000008001e-05,0.012987012987025861,2024-01-22 00:00,False
INNER,AUDCHF,long,W,H1,2024-01-08 00:00,2024-01-15 00:00,0.56394,0.5701,0.006160000000000054,0.56394,0.56764,2024-01-18 04:00,2024-01-18 05:00,0.56648,0.56669,0.00021000000000004349,0.03409090909091585,2024-01-22 00:00,False
INNER,AUDCHF,long,W,H1,2024-01-08 00:00,2024-01-15 00:00,0.56394,0.5701,0.006160000000000054,0.56394,0.56764,2024-01-18 07:00,2024-01-18 08:00,0.56672,0.56676,4.0000000000040004e-05,0.006493506493512931,2024-01-22 00:00,False
INNER,AUDCHF,long,W,H1,2024-01-08 00:00,2024-01-15 00:00,0.56394,0.5701,0.006160000000000054,0.56394,0.56764,2024-01-18 09:00,2024-01-18 10:00,0.56714,0.56718,4.0000000000040004e-05,0.006493506493512931,2024-01-22 00:00,False
INNER,AUDCHF,long,W,H1,2024-02-26 00:00,2024-03-04 00:00,0.57041,0.57642,0.006010000000000071,0.57041,0.57374,2024-02-28 23:00,2024-02-29 00:00,0.57041,0.57048,7.00000000000145e-05,0.011647254575709429,2024-04-15 00:00,False
INNER,AUDCHF,long,W,H1,2024-02-26 00:00,2024-03-04 00:00,0.57041,0.57642,0.006010000000000071,0.57041,0.57374,2024-02-29 09:00,2024-02-29 10:00,0.57092,0.57093,1.0000000000065512e-05,0.0016638935108261887,2024-04-15 00:00,False
INNER,AUDCHF,long,W,H1,2024-02-26 00:00,2024-03-04 00:00,0.57041,0.57642,0.006010000000000071,0.57041,0.57374,2024-02-29 12:00,2024-02-29 13:00,0.5712,0.57136,0.00015999999999993797,0.02662229617303429,2024-04-15 00:00,False
INNER,AUDCHF,long,W,H1,2024-02-26 00:00,2024-03-04 00:00,0.57041,0.57642,0.006010000000000071,0.57041,0.57374,2024-02-29 15:00,2024-02-29 16:00,0.57302,0.57326,0.00024000000000001798,0.039933444259569906,2024-04-15 00:00,False
INNER,AUDCHF,long,W,H1,2024-03-11 00:00,2024-03-18 00:00,0.57736,0.57964,0.0022800000000000598,0.57736,0.57876,2024-03-19 09:00,2024-03-19 10:00,0.57736,0.5777,0.00034000000000000696,0.14912280701754302,2024-04-15 00:00,False
INNER,AUDCHF,long,W,H1,2024-03-11 00:00,2024-03-18 00:00,0.57736,0.57964,0.0022800000000000598,0.57736,0.57876,2024-03-19 12:00,2024-03-19 13:00,0.57811,0.57814,2.999999999997449e-05,0.013157894736830572,2024-04-15 00:00,False
INNER,AUDCHF,short,W,H1,2024-01-15 00:00,2024-01-22 00:00,0.57272,0.57396,0.0012400000000000189,0.57368,0.57396,2024-01-22 00:00,2024-01-22 01:00,0.57374,0.57396,0.00021999999999999797,0.17741935483870536,2024-02-12 00:00,False
INNER,AUDCHF,short,W,H1,2024-05-13 00:00,2024-05-20 00:00,0.60862,0.60999,0.0013699999999999823,0.60868,0.60999,2024-05-20 04:00,2024-05-20 05:00,0.60998,0.60999,1.0000000000065512e-05,0.0072992700730406136,2024-05-27 00:00,False
INNER,AUDJPY,long,W,H1,2024-01-08 00:00,2024-01-15 00:00,96.146,96.882,0.7360000000000042,96.146,96.588,2024-01-09 14:00,2024-01-09 15:00,96.146,96.194,0.04800000000000182,0.06521739130434992,2024-01-29 00:00,False
INNER,AUDJPY,long,W,H1,2024-01-08 00:00,2024-01-15 00:00,96.146,96.882,0.7360000000000042,96.146,96.588,2024-01-09 23:00,2024-01-10 00:00,96.454,96.54,0.08600000000001273,0.11684782608697315,2024-01-29 00:00,False
INNER,AUDJPY,short,W,H1,2024-01-01 00:00,2024-01-08 00:00,97.14,97.8,0.6599999999999966,97.394,97.8,2024-01-11 02:00,2024-01-11 03:00,97.775,97.8,0.024999999999991473,0.037878787878775154,2024-01-15 00:00,False
INNER,AUDJPY,short,W,H1,2024-01-01 00:00,2024-01-08 00:00,97.14,97.8,0.6599999999999966,97.394,97.8,2024-01-11 05:00,2024-01-11 06:00,97.768,97.772,0.0040000000000048885,0.006060606060613499,2024-01-15 00:00,False
INNER,AUDJPY,short,W,H1,2024-01-01 00:00,2024-01-08 00:00,97.14,97.8,0.6599999999999966,97.394,97.8,2024-01-11 09:00,2024-01-11 10:00,97.678,97.703,0.025000000000005684,0.037878787878796685,2024-01-15 00:00,False
INNER,AUDJPY,short,W,H1,2024-01-01 00:00,2024-01-08 00:00,97.14,97.8,0.6599999999999966,97.394,97.8,2024-01-12 01:00,2024-01-12 02:00,97.416,97.454,0.0379999999999967,0.05757575757575288,2024-01-15 00:00,False
INNER,AUDJPY,short,W,H1,2024-01-15 00:00,2024-01-22 00:00,97.768,97.884,0.11599999999999966,97.768,97.884,2024-01-22 00:00,2024-01-22 01:00,97.872,97.884,0.012000000000000455,0.1034482758620732,2024-02-12 00:00,False
INNER,AUDJPY,short,W,H1,2024-02-19 00:00,2024-02-26 00:00,98.804,99.057,0.2530000000000001,98.834,99.057,2024-02-23 07:00,2024-02-23 08:00,99.014,99.057,0.043000000000006366,0.16996047430832548,2024-03-18 00:00,False
INNER,AUDJPY,short,W,H1,2024-02-19 00:00,2024-02-26 00:00,98.804,99.057,0.2530000000000001,98.834,99.057,2024-02-23 12:00,2024-02-23 13:00,98.957,99.0,0.043000000000006366,0.16996047430832548,2024-03-18 00:00,False
INNER,AUDJPY,short,W,H1,2024-04-01 00:00,2024-04-08 00:00,99.764,100.811,1.0470000000000113,100.4,100.811,2024-04-09 13:00,2024-04-09 14:00,100.8,100.811,0.01100000000000989,0.010506208213953937,2024-04-15 00:00,False
INNER,AUDJPY,short,W,H1,2024-04-01 00:00,2024-04-08 00:00,99.764,100.811,1.0470000000000113,100.4,100.811,2024-04-10 08:00,2024-04-10 09:00,100.64,100.645,0.0049999999999954525,0.004775549188152243,2024-04-15 00:00,False
INNER,AUDJPY,short,W,H1,2024-04-22 00:00,2024-04-29 00:00,103.464,104.956,1.4920000000000044,103.481,104.956,2024-04-29 03:00,2024-04-29 04:00,104.66,104.765,0.10500000000000398,0.0703753351206459,2024-05-13 00:00,False
INNER,AUDJPY,short,W,H1,2024-05-13 00:00,2024-05-20 00:00,104.184,104.566,0.382000000000005,104.302,104.566,2024-05-20 04:00,2024-05-20 05:00,104.47,104.493,0.022999999999996135,0.06020942408375873,2024-05-27 00:00,False
INNER,AUDJPY,short,W,H1,2024-05-13 00:00,2024-05-20 00:00,104.184,104.566,0.382000000000005,104.302,104.566,2024-05-22 05:00,2024-05-22 06:00,104.326,104.335,0.009000000000000341,0.023560209424084353,2024-05-27 00:00,False
INNER,AUDNZD,long,W,H1,2024-01-08 00:00,2024-01-15 00:00,1.06912,1.07135,0.0022299999999999542,1.06912,1.0704,2024-01-18 01:00,2024-01-18 02:00,1.06946,1.06948,1.999999999990898e-05,0.00896860986543022,2024-01-29 00:00,False
INNER,AUDNZD,long,W,H1,2024-04-08 00:00,2024-04-15 00:00,1.08564,1.08858,0.0029400000000001647,1.08564,1.08756,2024-04-19 02:00,2024-04-19 03:00,1.08669,1.08678,9.000000000014552e-05,0.030612244898006964,2024-04-22 00:00,False
INNER,AUDNZD,short,W,H1,2024-01-22 00:00,2024-01-29 00:00,1.0796,1.08332,0.0037200000000001676,1.08118,1.08332,2024-01-23 01:00,2024-01-23 02:00,1.08328,1.08332,4.0000000000040004e-05,0.01075268817205328,2024-03-18 00:00,False
INNER,AUDNZD,short,W,H1,2024-01-22 00:00,2024-01-29 00:00,1.0796,1.08332,0.0037200000000001676,1.08118,1.08332,2024-01-23 12:00,2024-01-23 13:00,1.08244,1.08258,0.000140000000000029,0.03763440860215664,2024-03-18 00:00,False
INNER,AUDNZD,short,W,H1,2024-01-22 00:00,2024-01-29 00:00,1.0796,1.08332,0.0037200000000001676,1.08118,1.08332,2024-01-23 16:00,2024-01-23 17:00,1.08178,1.08179,1.0000000000065512e-05,0.0026881720430282424,2024-03-18 00:00,False
INNER,AUDNZD,short,W,H1,2024-02-12 00:00,2024-02-19 00:00,1.06658,1.07034,0.0037599999999999856,1.06667,1.07034,2024-02-16 16:00,2024-02-16 17:00,1.0679,1.06794,3.999999999981796e-05,0.01063829787229205,2024-02-26 00:00,False
INNER,AUDNZD,short,W,H1,2024-04-01 00:00,2024-04-08 00:00,1.09418,1.09557,0.0013900000000000023,1.09516,1.09557,2024-04-04 14:00,2024-04-04 15:00,1.09556,1.09557,9.999999999843467e-06,0.007194244604203921,2024-04-22 00:00,False
INNER,AUDNZD,short,W,H1,2024-04-22 00:00,2024-04-29 00:00,1.10002,1.10276,0.0027399999999999647,1.10002,1.10276,2024-05-02 04:00,2024-05-02 05:00,1.10272,1.10274,2.0000000000131024e-05,0.0072992700730406136,2024-05-06 00:00,False
INNER,AUDNZD,short,W,H1,2024-04-22 00:00,2024-04-29 00:00,1.10002,1.10276,0.0027399999999999647,1.10002,1.10276,2024-05-02 14:00,2024-05-02 15:00,1.10242,1.10246,4.0000000000040004e-05,0.01459854014600019,2024-05-06 00:00,False
INNER,AUDNZD,short,W,H1,2024-04-22 00:00,2024-04-29 00:00,1.10002,1.10276,0.0027399999999999647,1.10002,1.10276,2024-05-03 06:00,2024-05-03 07:00,1.10194,1.10195,1.0000000000065512e-05,0.0036496350365203068,2024-05-06 00:00,False
INNER,AUDNZD,short,W,H1,2024-04-22 00:00,2024-04-29 00:00,1.10002,1.10276,0.0027399999999999647,1.10002,1.10276,2024-05-03 09:00,2024-05-03 10:00,1.10086,1.10092,5.999999999994898e-05,0.021897810218959764,2024-05-06 00:00,False
INNER,AUDNZD,short,W,H1,2024-04-22 00:00,2024-04-29 00:00,1.10002,1.10276,0.0027399999999999647,1.10002,1.10276,2024-05-05 22:00,2024-05-05 23:00,1.10055,1.10082,0.00026999999999999247,0.09854014598539998,2024-05-06 00:00,False
INNER,AUDUSD,long,W,H1,2024-01-29 00:00,2024-02-05 00:00,0.64688,0.65126,0.0043799999999999395,0.64688,0.65024,2024-02-05 15:00,2024-02-05 16:00,0.64688,0.6471,0.00021999999999999797,0.05022831050228334,2024-02-12 00:00,False
INNER,AUDUSD,long,W,H1,2024-01-29 00:00,2024-02-05 00:00,0.64688,0.65126,0.0043799999999999395,0.64688,0.65024,2024-02-05 23:00,2024-02-06 00:00,0.64782,0.64798,0.000160000000000049,0.036529680365308494,2024-02-12 00:00,False
INNER,AUDUSD,long,W,H1,2024-01-29 00:00,2024-02-05 00:00,0.64688,0.65126,0.0043799999999999395,0.64688,0.65024,2024-02-08 15:00,2024-02-08 16:00,0.64804,0.64818,0.000140000000000029,0.031963470319641765,2024-02-12 00:00,False
INNER,AUDUSD,long,W,H1,2024-01-29 00:00,2024-02-05 00:00,0.64688,0.65126,0.0043799999999999395,0.64688,0.65024,2024-02-09 00:00,2024-02-09 01:00,0.64873,0.64874,9.99999999995449e-06,0.002283105022820691,2024-02-12 00:00,False
INNER,AUDUSD,long,W,H1,2024-01-29 00:00,2024-02-05 00:00,0.64688,0.65126,0.0043799999999999395,0.64688,0.65024,2024-02-09 04:00,2024-02-09 05:00,0.64907,0.64911,3.999999999992898e-05,0.009132420091308113,2024-02-12 00:00,False
INNER,AUDUSD,long,W,H1,2024-02-26 00:00,2024-03-04 00:00,0.64775,0.65247,0.0047199999999999465,0.64775,0.6487,2024-03-05 08:00,2024-03-05 09:00,0.6479,0.64798,7.999999999996898e-05,0.0169491525423665,2024-03-18 00:00,False
INNER,AUDUSD,long,W,H1,2024-03-18 00:00,2024-03-25 00:00,0.64854,0.65146,0.0029200000000000337,0.64854,0.6504,2024-03-28 09:00,2024-03-28 10:00,0.64854,0.64874,0.00019999999999997797,0.06849315068492318,2024-04-01 00:00,False
INNER,AUDUSD,long,W,H1,2024-03-18 00:00,2024-03-25 00:00,0.64854,0.65146,0.0029200000000000337,0.64854,0.6504,2024-03-28 11:00,2024-03-28 12:00,0.64884,0.6489,6.0000000000060005e-05,0.020547945205499765,2024-04-01 00:00,False
INNER,AUDUSD,long,W,H1,2024-05-06 00:00,2024-05-13 00:00,0.6558,0.66034,0.0045399999999999885,0.6558,0.65794,2024-05-08 12:00,2024-05-08 13:00,0.6558,0.6562,0.00039999999999995595,0.08810572687223722,2024-05-20 00:00,False
INNER,AUDUSD,long,W,H1,2024-05-06 00:00,2024-05-13 00:00,0.6558,0.66034,0.0045399999999999885,0.6558,0.65794,2024-05-09 09:00,2024-05-09 10:00,0.65734,0.65747,0.00012999999999996348,0.028634361233472204,2024-05-20 00:00,False
INNER,AUDUSD,short,W,H1,2024-02-19 00:00,2024-02-26 00:00,0.65642,0.6595,0.0030799999999999716,0.6567,0.6595,2024-02-22 07:00,2024-02-22 08:00,0.65906,0.6595,0.00043999999999999595,0.14285714285714285,2024-03-04 00:00,False
INNER,AUDUSD,short,W,H1,2024-02-19 00:00,2024-02-26 00:00,0.65642,0.6595,0.0030799999999999716,0.6567,0.6595,2024-02-22 10:00,2024-02-22 11:00,0.6585,0.65876,0.000260000000000038,0.08441558441559752,2024-03-04 00:00,False
INNER,AUDUSD,short,W,H1,2024-02-19 00:00,2024-02-26 00:00,0.65642,0.6595,0.0030799999999999716,0.6567,0.6595,2024-02-23 12:00,2024-02-23 13:00,0.65799,0.65804,4.999999999999449e-05,0.016233766233764595,2024-03-04 00:00,False
INNER,AUDUSD,short,W,H1,2024-02-19 00:00,2024-02-26 00:00,0.65642,0.6595,0.0030799999999999716,0.6567,0.6595,2024-02-23 18:00,2024-02-23 19:00,0.65672,0.65684,0.00012000000000000899,0.038961038961042235,2024-03-04 00:00,False
INNER,AUDUSD,short,W,H1,2024-03-04 00:00,2024-03-11 00:00,0.66251,0.66677,0.0042599999999999305,0.6639,0.66677,2024-03-08 14:00,2024-03-08 15:00,0.66491,0.66534,0.00043000000000004146,0.10093896713616161,2024-03-18 00:00,False
INNER,AUDUSD,short,W,H1,2024-04-01 00:00,2024-04-08 00:00,0.65792,0.66444,0.006520000000000081,0.6619,0.66444,2024-04-09 13:00,2024-04-09 14:00,0.66438,0.66444,6.0000000000060005e-05,0.00920245398773915,2024-04-29 00:00,False
INNER,AUDUSD,short,W,H1,2024-04-01 00:00,2024-04-08 00:00,0.65792,0.66444,0.006520000000000081,0.6619,0.66444,2024-04-09 23:00,2024-04-10 00:00,0.66302,0.66314,0.00011999999999989797,0.018404907975444244,2024-04-29 00:00,False
INNER,AUDUSD,short,W,H1,2024-04-01 00:00,2024-04-08 00:00,0.65792,0.66444,0.006520000000000081,0.6619,0.66444,2024-04-10 06:00,2024-04-10 07:00,0.66279,0.66284,4.999999999999449e-05,0.0076687116564407775,2024-04-29 00:00,False
INNER,AUDUSD,short,W,H1,2024-04-01 00:00,2024-04-08 00:00,0.65792,0.66444,0.006520000000000081,0.6619,0.66444,2024-04-10 08:00,2024-04-10 09:00,0.66274,0.66275,9.99999999995449e-06,0.0015337423312813444,2024-04-29 00:00,False
INNER,CADCHF,long,W,H1,2024-04-15 00:00,2024-04-22 00:00,0.653,0.6622,0.009199999999999986,0.653,0.6621,2024-04-19 05:00,2024-04-19 06:00,0.65842,0.65872,0.00029999999999996696,0.03260869565217037,2024-04-29 00:00,False
INNER,CADCHF,long,W,H1,2024-04-15 00:00,2024-04-22 00:00,0.653,0.6622,0.009199999999999986,0.653,0.6621,2024-04-19 12:00,2024-04-19 13:00,0.65972,0.65988,0.000160000000000049,0.017391304347831437,2024-04-29 00:00,False
INNER,CADCHF,long,W,H1,2024-04-15 00:00,2024-04-22 00:00,0.653,0.6622,0.009199999999999986,0.653,0.6621,2024-04-19 15:00,2024-04-19 16:00,0.66091,0.66111,0.00019999999999997797,0.02173913043478025,2024-04-29 00:00,False
INNER,CADCHF,long,W,H1,2024-04-15 00:00,2024-04-22 00:00,0.653,0.6622,0.009199999999999986,0.653,0.6621,2024-04-19 18:00,2024-04-19 19:00,0.66152,0.66165,0.00012999999999996348,0.014130434782604747,2024-04-29 00:00,False
INNER,CADCHF,long,W,H1,2024-04-29 00:00,2024-05-06 00:00,0.66009,0.66142,0.0013300000000000534,0.66009,0.66084,2024-05-08 08:00,2024-05-08 09:00,0.66009,0.66034,0.0002500000000000835,0.1879699248120853,2024-05-13 00:00,False
INNER,CADCHF,long,W,H1,2024-04-29 00:00,2024-05-06 00:00,0.66009,0.66142,0.0013300000000000534,0.66009,0.66084,2024-05-08 12:00,2024-05-08 13:00,0.66054,0.6606,5.999999999994898e-05,0.045112781954847046,2024-05-13 00:00,False
INNER,CADCHF,short,W,H1,2024-01-01 00:00,2024-01-08 00:00,0.63648,0.64118,0.0046999999999999265,0.63937,0.64118,2024-01-03 11:00,2024-01-03 12:00,0.64062,0.64118,0.0005600000000000049,0.11914893617021569,2024-01-15 00:00,False
INNER,CADCHF,short,W,H1,2024-02-12 00:00,2024-02-19 00:00,0.65332,0.65594,0.0026199999999999557,0.65458,0.65594,2024-02-14 14:00,2024-02-14 15:00,0.65484,0.65499,0.00014999999999998348,0.05725190839694123,2024-02-26 00:00,False
INNER,CADCHF,short,W,H1,2024-03-25 00:00,2024-04-01 00:00,0.66566,0.67216,0.00649999999999995,0.66762,0.67216,2024-04-04 11:00,2024-04-04 12:00,0.672,0.67216,0.00015999999999993797,0.02461538461537526,2024-04-08 00:00,False
INNER,CADCHF,short,W,H1,2024-03-25 00:00,2024-04-01 00:00,0.66566,0.67216,0.00649999999999995,0.66762,0.67216,2024-04-04 14:00,2024-04-04 15:00,0.67091,0.67138,0.00046999999999997044,0.07230769230768831,2024-04-08 00:00,False
INNER,CADCHF,short,W,H1,2024-04-08 00:00,2024-04-15 00:00,0.66396,0.6685,0.0045399999999999885,0.66569,0.6685,2024-04-11 11:00,2024-04-11 12:00,0.66681,0.66695,0.000140000000000029,0.030837004405292807,2024-04-22 00:00,False
INNER,CADJPY,short,W,H1,2024-01-01 00:00,2024-01-08 00:00,108.254,109.238,0.9839999999999947,109.034,109.238,2024-01-11 13:00,2024-01-11 14:00,109.136,109.238,0.10200000000000387,0.10365853658537034,2024-01-15 00:00,False
INNER,CADJPY,short,W,H1,2024-01-15 00:00,2024-01-22 00:00,110.336,110.423,0.0870000000000033,110.342,110.423,2024-01-22 08:00,2024-01-22 09:00,110.384,110.4,0.016000000000005343,0.18390804597706595,2024-01-29 00:00,False
INNER,CADJPY,short,W,H1,2024-02-19 00:00,2024-02-26 00:00,111.432,111.804,0.3719999999999999,111.626,111.804,2024-02-23 13:00,2024-02-23 14:00,111.768,111.78,0.012000000000000455,0.032258064516130266,2024-03-18 00:00,False
INNER,CADJPY,short,W,H1,2024-03-25 00:00,2024-04-01 00:00,111.763,112.484,0.7209999999999894,111.91,112.484,2024-04-04 14:00,2024-04-04 15:00,112.466,112.484,0.018000000000000682,0.024965325936201033,2024-04-08 00:00,False
INNER,CHFJPY,long,W,H1,2024-01-08 00:00,2024-01-15 00:00,168.872,169.94,1.0679999999999836,168.872,169.878,2024-01-09 14:00,2024-01-09 15:00,168.872,168.949,0.07699999999999818,0.07209737827715296,2024-01-22 00:00,False
INNER,CHFJPY,long,W,H1,2024-01-08 00:00,2024-01-15 00:00,168.872,169.94,1.0679999999999836,168.872,169.878,2024-01-09 23:00,2024-01-10 00:00,169.323,169.418,0.09499999999999886,0.08895131086142352,2024-01-22 00:00,False
INNER,CHFJPY,long,W,H1,2024-01-08 00:00,2024-01-15 00:00,168.872,169.94,1.0679999999999836,168.872,169.878,2024-01-12 17:00,2024-01-12 18:00,169.79,169.826,0.036000000000001364,0.03370786516854112,2024-01-22 00:00,False
INNER,CHFJPY,long,W,H1,2024-02-12 00:00,2024-02-19 00:00,169.424,170.506,1.0819999999999936,169.424,170.006,2024-02-14 08:00,2024-02-14 09:00,169.462,169.49,0.02800000000002001,0.025878003696876317,2024-02-26 00:00,False
INNER,CHFJPY,long,W,H1,2024-02-12 00:00,2024-02-19 00:00,169.424,170.506,1.0819999999999936,169.424,170.006,2024-02-15 04:00,2024-02-15 05:00,169.558,169.56,0.0020000000000095497,0.0018484288354986705,2024-02-26 00:00,False
INNER,CHFJPY,long,W,H1,2024-03-04 00:00,2024-03-11 00:00,167.086,167.558,0.47199999999998,167.086,167.533,2024-03-11 23:00,2024-03-12 00:00,167.134,167.216,0.08200000000002206,0.17372881355937614,2024-03-25 00:00,False
INNER,CHFJPY,long,W,H1,2024-03-25 00:00,2024-04-01 00:00,166.574,167.883,1.3089999999999975,166.574,166.77,2024-03-27 11:00,2024-03-27 12:00,166.574,166.588,0.013999999999981583,0.010695187165761351,2024-04-08 00:00,False
INNER,CHFJPY,long,W,H1,2024-04-08 00:00,2024-04-15 00:00,167.23,167.622,0.39200000000002433,167.23,167.584,2024-04-10 16:00,2024-04-10 17:00,167.23,167.292,0.06200000000001182,0.1581632653061428,2024-04-29 00:00,False
INNER,CHFJPY,long,W,H1,2024-04-08 00:00,2024-04-15 00:00,167.23,167.622,0.39200000000002433,167.23,167.584,2024-04-11 00:00,2024-04-11 01:00,167.312,167.344,0.031999999999982265,0.08163265306117418,2024-04-29 00:00,False
INNER,CHFJPY,long,W,H1,2024-04-08 00:00,2024-04-15 00:00,167.23,167.622,0.39200000000002433,167.23,167.584,2024-04-11 06:00,2024-04-11 07:00,167.452,167.456,0.003999999999990678,0.010204081632628646,2024-04-29 00:00,False
INNER,CHFJPY,long,W,H1,2024-04-08 00:00,2024-04-15 00:00,167.23,167.622,0.39200000000002433,167.23,167.584,2024-04-12 13:00,2024-04-12 14:00,167.532,167.536,0.003999999999990678,0.010204081632628646,2024-04-29 00:00,False
INNER,CHFJPY,long,W,H1,2024-04-08 00:00,2024-04-15 00:00,167.23,167.622,0.39200000000002433,167.23,167.584,2024-04-12 20:00,2024-04-14 21:00,167.563,167.584,0.021000000000015007,0.05357142857146353,2024-04-29 00:00,False
INNER,CHFJPY,short,W,H1,2024-01-01 00:00,2024-01-08 00:00,170.09,171.494,1.4039999999999964,170.813,171.494,2024-01-11 13:00,2024-01-11 14:00,171.231,171.494,0.26300000000000523,0.18732193732194152,2024-01-15 00:00,False
INNER,CHFJPY,short,W,H1,2024-01-22 00:00,2024-01-29 00:00,171.499,171.83,0.3310000000000173,171.676,171.83,2024-01-29 08:00,2024-01-29 09:00,171.776,171.83,0.054000000000002046,0.1631419939577016,2024-02-19 00:00,False
INNER,CHFJPY,short,W,H1,2024-02-19 00:00,2024-02-26 00:00,170.844,171.7,0.8559999999999945,171.516,171.7,2024-02-22 08:00,2024-02-22 09:00,171.638,171.7,0.0619999999999834,0.07242990654203714,2024-04-22 00:00,False
INNER,CHFJPY,short,W,H1,2024-03-18 00:00,2024-03-25 00:00,168.754,170.804,2.0500000000000114,168.804,170.804,2024-03-21 07:00,2024-03-21 08:00,170.802,170.804,0.0020000000000095497,0.0009756097561022139,2024-04-15 00:00,False
INNER,CHFJPY,short,W,H1,2024-03-18 00:00,2024-03-25 00:00,168.754,170.804,2.0500000000000114,168.804,170.804,2024-03-21 10:00,2024-03-21 11:00,169.316,169.361,0.044999999999987494,0.0219512195121889,2024-04-15 00:00,False
INNER,CHFJPY,short,W,H1,2024-04-22 00:00,2024-04-29 00:00,173.152,175.068,1.9160000000000252,173.222,175.068,2024-04-29 03:00,2024-04-29 04:00,174.603,174.774,0.17099999999999227,0.08924843423799061,2024-05-27 00:00,False
INNER,CHFJPY,short,W,H1,2024-05-06 00:00,2024-05-13 00:00,171.846,172.718,0.8719999999999857,172.054,172.718,2024-05-15 02:00,2024-05-15 03:00,172.686,172.694,0.007999999999981355,0.009174311926584274,2024-05-20 00:00,False
INNER,CHFJPY,short,W,H1,2024-05-06 00:00,2024-05-13 00:00,171.846,172.718,0.8719999999999857,172.054,172.718,2024-05-15 09:00,2024-05-15 10:00,172.163,172.198,0.03499999999999659,0.04013761467889583,2024-05-20 00:00,False
INNER,EURAUD,long,W,H1,2024-02-19 00:00,2024-02-26 00:00,1.6452,1.64855,0.003349999999999964,1.6452,1.64768,2024-02-20 12:00,2024-02-20 13:00,1.6452,1.64524,4.0000000000040004e-05,0.011940298507474755,2024-03-04 00:00,False
INNER,EURAUD,long,W,H1,2024-03-04 00:00,2024-03-11 00:00,1.6441,1.65102,0.006920000000000037,1.6441,1.64816,2024-03-08 10:00,2024-03-08 11:00,1.64422,1.64448,0.00025999999999992696,0.037572254335249355,2024-03-18 00:00,False
INNER,EURAUD,long,W,H1,2024-04-08 00:00,2024-04-15 00:00,1.63705,1.64654,0.009489999999999998,1.63705,1.64144,2024-04-10 06:00,2024-04-10 07:00,1.63754,1.6376,5.999999999994898e-05,0.006322444678603687,2024-04-22 00:00,False
INNER,EURAUD,long,W,H1,2024-04-08 00:00,2024-04-15 00:00,1.63705,1.64654,0.009489999999999998,1.63705,1.64144,2024-04-12 08:00,2024-04-12 09:00,1.63773,1.6379,0.00017000000000000348,0.01791359325605938,2024-04-22 00:00,False
INNER,EURAUD,long,W,H1,2024-04-29 00:00,2024-05-06 00:00,1.62182,1.6283,0.006480000000000041,1.62182,1.62384,2024-05-07 00:00,2024-05-07 01:00,1.62182,1.62224,0.0004199999999998649,0.06481481481479355,2024-05-13 00:00,False
INNER,EURAUD,short,W,H1,2024-01-15 00:00,2024-01-22 00:00,1.65173,1.66759,0.015859999999999985,1.65716,1.66759,2024-01-18 05:00,2024-01-18 06:00,1.6621,1.6631,0.001000000000000112,0.06305170239597181,2024-01-29 00:00,False
INNER,EURAUD,short,W,H1,2024-01-15 00:00,2024-01-22 00:00,1.65173,1.66759,0.015859999999999985,1.65716,1.66759,2024-01-18 10:00,2024-01-18 11:00,1.6595,1.65969,0.0001900000000001345,0.011979823455241784,2024-01-29 00:00,False
INNER,EURAUD,short,W,H1,2024-01-15 00:00,2024-01-22 00:00,1.65173,1.66759,0.015859999999999985,1.65716,1.66759,2024-01-18 13:00,2024-01-18 14:00,1.65826,1.6592,0.0009399999999999409,0.05926860025220314,2024-01-29 00:00,False
INNER,EURAUD,short,W,H1,2024-01-29 00:00,2024-02-05 00:00,1.65648,1.66114,0.0046600000000001085,1.6606,1.66114,2024-02-09 00:00,2024-02-09 01:00,1.66062,1.66064,1.999999999990898e-05,0.0042918454935426,2024-02-12 00:00,False
INNER,EURAUD,short,W,H1,2024-02-26 00:00,2024-03-04 00:00,1.66101,1.67444,0.013429999999999831,1.66982,1.67444,2024-03-05 08:00,2024-03-05 09:00,1.67426,1.67443,0.00017000000000000348,0.012658227848101684,2024-03-11 00:00,False
INNER,EURAUD,short,W,H1,2024-02-26 00:00,2024-03-04 00:00,1.66101,1.67444,0.013429999999999831,1.66982,1.67444,2024-03-05 12:00,2024-03-05 13:00,1.6717,1.67174,4.0000000000040004e-05,0.0029784065524974318,2024-03-11 00:00,False
INNER,EURAUD,short,W,H1,2024-02-26 00:00,2024-03-04 00:00,1.66101,1.67444,0.013429999999999831,1.66982,1.67444,2024-03-06 00:00,2024-03-06 01:00,1.67092,1.671,8.000000000008001e-05,0.0059568131049948635,2024-03-11 00:00,False
INNER,EURAUD,short,W,H1,2024-03-11 00:00,2024-03-18 00:00,1.65974,1.66803,0.008289999999999909,1.66108,1.66803,2024-03-19 06:00,2024-03-19 07:00,1.66786,1.66803,0.00017000000000000348,0.02050663449939751,2024-03-25 00:00,False
INNER,EURAUD,short,W,H1,2024-03-11 00:00,2024-03-18 00:00,1.65974,1.66803,0.008289999999999909,1.66108,1.66803,2024-03-20 04:00,2024-03-20 05:00,1.6653,1.66533,2.999999999997449e-05,0.0036188178528317036,2024-03-25 00:00,False
INNER,EURAUD,short,W,H1,2024-03-11 00:00,2024-03-18 00:00,1.65974,1.66803,0.008289999999999909,1.66108,1.66803,2024-03-20 09:00,2024-03-20 10:00,1.66463,1.66491,0.00027999999999983594,0.03377563329310483,2024-03-25 00:00,False
INNER,EURAUD,short,W,H1,2024-03-11 00:00,2024-03-18 00:00,1.65974,1.66803,0.008289999999999909,1.66108,1.66803,2024-03-20 17:00,2024-03-20 18:00,1.66316,1.66365,0.0004900000000001015,0.059107358262980324,2024-03-25 00:00,False
INNER,EURAUD,short,W,H1,2024-03-11 00:00,2024-03-18 00:00,1.65974,1.66803,0.008289999999999909,1.66108,1.66803,2024-03-22 07:00,2024-03-22 08:00,1.66162,1.66216,0.0005399999999999849,0.06513872135102423,2024-03-25 00:00,False
INNER,EURAUD,short,W,H1,2024-05-06 00:00,2024-05-13 00:00,1.63102,1.63834,0.007319999999999993,1.637,1.63834,2024-05-08 12:00,2024-05-08 13:00,1.63809,1.63834,0.00024999999999986144,0.034153005464461976,2024-05-20 00:00,False
INNER,EURCAD,long,W,H1,2024-01-01 00:00,2024-01-08 00:00,1.45496,1.46173,0.006769999999999943,1.45496,1.46052,2024-01-02 11:00,2024-01-02 12:00,1.45496,1.45528,0.00031999999999987594,0.047267355982256815,2024-01-22 00:00,False
INNER,EURCAD,long,W,H1,2024-01-01 00:00,2024-01-08 00:00,1.45496,1.46173,0.006769999999999943,1.45496,1.46052,2024-01-03 15:00,2024-01-03 16:00,1.45536,1.45554,0.000180000000000069,0.026587887740039957,2024-01-22 00:00,False
INNER,EURCAD,long,W,H1,2024-01-01 00:00,2024-01-08 00:00,1.45496,1.46173,0.006769999999999943,1.45496,1.46052,2024-01-04 06:00,2024-01-04 07:00,1.45593,1.45601,8.000000000008001e-05,0.011816838995580604,2024-01-22 00:00,False
INNER,EURCAD,long,W,H1,2024-01-01 00:00,2024-01-08 00:00,1.45496,1.46173,0.006769999999999943,1.45496,1.46052,2024-01-05 17:00,2024-01-05 18:00,1.45986,1.46019,0.0003300000000001635,0.048744460856745386,2024-01-22 00:00,False
INNER,EURCAD,long,W,H1,2024-03-25 00:00,2024-04-01 00:00,1.45463,1.46172,0.007089999999999819,1.45463,1.45851,2024-04-02 08:00,2024-04-02 09:00,1.45463,1.45562,0.0009899999999998244,0.13963328631873761,2024-04-15 00:00,False
INNER,EURCAD,short,W,H1,2024-01-08 00:00,2024-01-15 00:00,1.46828,1.4727,0.0044199999999998685,1.47202,1.4727,2024-01-16 07:00,2024-01-16 08:00,1.47252,1.4727,0.00017999999999984695,0.04072398190041907,2024-01-22 00:00,False
INNER,EURCAD,short,W,H1,2024-03-04 00:00,2024-03-11 00:00,1.4753,1.47802,0.0027199999999998337,1.47664,1.47802,2024-03-06 10:00,2024-03-06 11:00,1.47796,1.47802,5.999999999994898e-05,0.022058823529394356,2024-03-18 00:00,False
INNER,EURCAD,short,W,H1,2024-04-01 00:00,2024-04-08 00:00,1.47286,1.47644,0.0035799999999999166,1.47428,1.47644,2024-04-09 12:00,2024-04-09 13:00,1.47642,1.47644,1.999999999990898e-05,0.005586592178745655,2024-04-15 00:00,False
INNER,EURCAD,short,W,H1,2024-04-01 00:00,2024-04-08 00:00,1.47286,1.47644,0.0035799999999999166,1.47428,1.47644,2024-04-09 14:00,2024-04-09 15:00,1.47604,1.47638,0.00034000000000000696,0.0949720670391103,2024-04-15 00:00,False
INNER,EURCAD,short,W,H1,2024-04-29 00:00,2024-05-06 00:00,1.47292,1.47873,0.005810000000000093,1.4746,1.47873,2024-05-08 11:00,2024-05-08 12:00,1.4787,1.47873,3.0000000000196536e-05,0.005163511187641318,2024-05-13 00:00,False
INNER,EURCHF,short,W,H1,2024-04-01 00:00,2024-04-08 00:00,0.97752,0.98486,0.007340000000000013,0.98358,0.98486,2024-04-04 11:00,2024-04-04 12:00,0.9846,0.98486,0.00025999999999992696,0.035422343324240664,2024-04-22 00:00,False
INNER,EURCHF,short,W,H1,2024-04-22 00:00,2024-04-29 00:00,0.97796,0.98372,0.005759999999999987,0.97994,0.98372,2024-05-01 18:00,2024-05-01 19:00,0.9832,0.98372,0.000520000000000076,0.09027777777779117,2024-05-06 00:00,False
INNER,EURCHF,short,W,H1,2024-05-20 00:00,2024-05-27 00:00,0.99212,0.99302,0.0009000000000000119,0.99292,0.99302,2024-05-27 07:00,2024-05-27 08:00,0.99296,0.99302,6.0000000000060005e-05,0.06666666666673246,,True
INNER,EURGBP,long,W,H1,2024-02-19 00:00,2024-02-26 00:00,0.85284,0.85397,0.0011299999999999644,0.85284,0.85344,2024-02-23 14:00,2024-02-23 15:00,0.85284,0.85295,0.00010999999999994348,0.09734513274331588,2024-03-04 00:00,False
INNER,EURGBP,long,W,H1,2024-03-25 00:00,2024-04-01 00:00,0.85302,0.85519,0.0021700000000000053,0.85302,0.85386,2024-03-29 07:00,2024-03-29 08:00,0.85302,0.8532,0.00017999999999995797,0.0829493087557408,2024-04-08 00:00,False
INNER,EURGBP,long,W,H1,2024-04-08 00:00,2024-04-15 00:00,0.8521,0.85468,0.0025800000000000267,0.8521,0.85285,2024-04-17 06:00,2024-04-17 07:00,0.8521,0.85252,0.00041999999999997595,0.1627906976744076,2024-04-29 00:00,False
INNER,EURGBP,long,W,H1,2024-04-22 00:00,2024-04-29 00:00,0.85308,0.85588,0.0028000000000000247,0.85308,0.8558,2024-04-30 01:00,2024-04-30 02:00,0.85308,0.85318,0.00010000000000010001,0.035714285714321115,2024-05-06 00:00,False
INNER,EURGBP,long,W,H1,2024-04-22 00:00,2024-04-29 00:00,0.85308,0.85588,0.0028000000000000247,0.85308,0.8558,2024-05-01 08:00,2024-05-01 09:00,0.85366,0.85368,2.0000000000020002e-05,0.007142857142864224,2024-05-06 00:00,False
INNER,EURGBP,long,W,H1,2024-04-22 00:00,2024-04-29 00:00,0.85308,0.85588,0.0028000000000000247,0.85308,0.8558,2024-05-02 12:00,2024-05-02 13:00,0.85476,0.85502,0.000260000000000038,0.0928571428571556,2024-05-06 00:00,False
INNER,EURGBP,short,W,H1,2024-02-12 00:00,2024-02-19 00:00,0.85527,0.85782,0.0025500000000000522,0.85702,0.85782,2024-02-20 11:00,2024-02-20 12:00,0.85779,0.85782,2.999999999997449e-05,0.011764705882342697,2024-02-26 00:00,False
INNER,EURGBP,short,W,H1,2024-02-12 00:00,2024-02-19 00:00,0.85527,0.85782,0.0025500000000000522,0.85702,0.85782,2024-02-22 13:00,2024-02-22 14:00,0.85716,0.85719,2.999999999997449e-05,0.011764705882342697,2024-02-26 00:00,False
INNER,EURGBP,short,W,H1,2024-03-18 00:00,2024-03-25 00:00,0.85775,0.86023,0.0024800000000000377,0.85886,0.86023,2024-03-22 10:00,2024-03-22 11:00,0.85997,0.86023,0.000260000000000038,0.10483870967743307,2024-04-01 00:00,False
INNER,EURGBP,short,W,H1,2024-04-01 00:00,2024-04-08 00:00,0.85747,0.85864,0.0011700000000000044,0.85847,0.85864,2024-04-05 15:00,2024-04-05 16:00,0.85848,0.85851,2.999999999997449e-05,0.025641025641003744,2024-04-15 00:00,False
INNER,EURGBP,short,W,H1,2024-04-15 00:00,2024-04-22 00:00,0.86149,0.86448,0.002990000000000048,0.86156,0.86448,2024-04-23 07:00,2024-04-23 08:00,0.86401,0.86448,0.00047000000000008146,0.15719063545152973,2024-05-06 00:00,False
INNER,EURGBP,short,W,H1,2024-04-15 00:00,2024-04-22 00:00,0.86149,0.86448,0.002990000000000048,0.86156,0.86448,2024-04-23 10:00,2024-04-23 11:00,0.86307,0.86309,2.0000000000020002e-05,0.0066889632107089226,2024-05-06 00:00,False
INNER,EURJPY,long,W,H1,2024-03-25 00:00,2024-04-01 00:00,162.612,163.31,0.6980000000000075,162.612,162.936,2024-04-02 08:00,2024-04-02 09:00,162.62,162.734,0.11400000000000432,0.16332378223496144,2024-04-08 00:00,False
INNER,EURJPY,short,W,H1,2024-02-19 00:00,2024-02-26 00:00,162.904,163.72,0.8160000000000025,163.468,163.72,2024-02-26 16:00,2024-02-26 17:00,163.701,163.72,0.019000000000005457,0.023284313725496813,2024-03-04 00:00,False
INNER,EURJPY,short,W,H1,2024-02-19 00:00,2024-02-26 00:00,162.904,163.72,0.8160000000000025,163.468,163.72,2024-02-26 21:00,2024-02-26 22:00,163.55,163.555,0.0049999999999954525,0.006127450980386565,2024-03-04 00:00,False
INNER,EURJPY,short,W,H1,2024-03-18 00:00,2024-03-25 00:00,163.661,165.355,1.6939999999999884,164.42,165.355,2024-03-21 07:00,2024-03-21 08:00,165.274,165.344,0.06999999999999318,0.04132231404958303,2024-04-01 00:00,False
INNER,EURJPY,short,W,H1,2024-03-18 00:00,2024-03-25 00:00,163.661,165.355,1.6939999999999884,164.42,165.355,2024-03-21 12:00,2024-03-21 13:00,165.026,165.028,0.001999999999981128,0.0011806375442627755,2024-04-01 00:00,False
INNER,EURJPY,short,W,H1,2024-03-18 00:00,2024-03-25 00:00,163.661,165.355,1.6939999999999884,164.42,165.355,2024-03-21 16:00,2024-03-21 17:00,164.83,164.836,0.006000000000000227,0.003541912632821882,2024-04-01 00:00,False
INNER,EURJPY,short,W,H1,2024-03-18 00:00,2024-03-25 00:00,163.661,165.355,1.6939999999999884,164.42,165.355,2024-03-22 01:00,2024-03-22 02:00,164.704,164.82,0.11599999999998545,0.06847697756787854,2024-04-01 00:00,False
INNER,EURJPY,short,W,H1,2024-04-22 00:00,2024-04-29 00:00,169.307,171.605,2.298000000000002,169.402,171.605,2024-04-29 03:00,2024-04-29 04:00,170.868,171.008,0.14000000000001478,0.06092254134030229,2024-05-13 00:00,False
INNER,EURNZD,long,W,H1,2024-03-04 00:00,2024-03-11 00:00,1.76273,1.771,0.00827,1.76273,1.76904,2024-03-07 13:00,2024-03-07 14:00,1.76273,1.76334,0.0006099999999999994,0.07376058041112449,2024-05-20 00:00,False
INNER,EURNZD,long,W,H1,2024-03-04 00:00,2024-03-11 00:00,1.76273,1.771,0.00827,1.76273,1.76904,2024-03-08 14:00,2024-03-08 15:00,1.76554,1.76618,0.0006399999999999739,0.07738814993953735,2024-05-20 00:00,False
INNER,EURNZD,long,W,H1,2024-04-08 00:00,2024-04-15 00:00,1.7845,1.7925,0.008000000000000007,1.7845,1.78936,2024-04-12 01:00,2024-04-12 02:00,1.7845,1.78456,5.999999999994898e-05,0.007499999999993616,2024-04-29 00:00,False
INNER,EURNZD,long,W,H1,2024-04-08 00:00,2024-04-15 00:00,1.7845,1.7925,0.008000000000000007,1.7845,1.78936,2024-04-12 11:00,2024-04-12 12:00,1.78564,1.78608,0.00043999999999999595,0.054999999999999445,2024-04-29 00:00,False
INNER,EURNZD,long,W,H1,2024-04-08 00:00,2024-04-15 00:00,1.7845,1.7925,0.008000000000000007,1.7845,1.78936,2024-04-12 14:00,2024-04-12 15:00,1.78796,1.78846,0.0004999999999999449,0.06249999999999306,2024-04-29 00:00,False
INNER,EURNZD,short,W,H1,2024-01-22 00:00,2024-01-29 00:00,1.78212,1.79369,0.01157000000000008,1.78212,1.79369,2024-01-22 22:00,2024-01-22 23:00,1.7921,1.79369,0.0015899999999999803,0.1374243733794269,2024-02-26 00:00,False
INNER,EURNZD,short,W,H1,2024-01-22 00:00,2024-01-29 00:00,1.78212,1.79369,0.01157000000000008,1.78212,1.79369,2024-01-23 08:00,2024-01-23 09:00,1.78912,1.7893,0.00017999999999984695,0.0155574762316202,2024-02-26 00:00,False
INNER,EURNZD,short,W,H1,2024-01-22 00:00,2024-01-29 00:00,1.78212,1.79369,0.01157000000000008,1.78212,1.79369,2024-01-23 11:00,2024-01-23 12:00,1.78766,1.78768,1.999999999990898e-05,0.001728608470173625,2024-02-26 00:00,False
INNER,EURNZD,short,W,H1,2024-01-22 00:00,2024-01-29 00:00,1.78212,1.79369,0.01157000000000008,1.78212,1.79369,2024-01-23 17:00,2024-01-23 18:00,1.78576,1.7863,0.0005399999999999849,0.04667242869489898,2024-02-26 00:00,False
INNER,EURNZD,short,W,H1,2024-01-22 00:00,2024-01-29 00:00,1.78212,1.79369,0.01157000000000008,1.78212,1.79369,2024-01-24 02:00,2024-01-24 03:00,1.7828,1.7832,0.00039999999999995595,0.03457216940362603,2024-02-26 00:00,False
INNER,EURNZD,short,W,H1,2024-01-22 00:00,2024-01-29 00:00,1.78212,1.79369,0.01157000000000008,1.78212,1.79369,2024-01-26 18:00,2024-01-26 19:00,1.7823,1.78238,8.000000000008001e-05,0.006914433880732883,2024-02-26 00:00,False
INNER,EURNZD,short,W,H1,2024-01-22 00:00,2024-01-29 00:00,1.78212,1.79369,0.01157000000000008,1.78212,1.79369,2024-01-26 21:00,2024-01-28 22:00,1.78212,1.78216,4.0000000000040004e-05,0.0034572169403664413,2024-02-26 00:00,False
INNER,EURNZD,short,W,H1,2024-02-12 00:00,2024-02-19 00:00,1.75972,1.7701,0.010380000000000056,1.76006,1.7701,2024-02-14 00:00,2024-02-14 01:00,1.76882,1.77,0.0011799999999999589,0.11368015414257732,2024-02-26 00:00,False
INNER,EURNZD,short,W,H1,2024-02-26 00:00,2024-03-04 00:00,1.77493,1.78702,0.012090000000000156,1.78388,1.78702,2024-03-06 00:00,2024-03-06 01:00,1.78682,1.78702,0.00019999999999997797,0.01654259718775644,2024-03-11 00:00,False
INNER,EURNZD,short,W,H1,2024-02-26 00:00,2024-03-04 00:00,1.77493,1.78702,0.012090000000000156,1.78388,1.78702,2024-03-06 10:00,2024-03-06 11:00,1.78404,1.78406,1.999999999990898e-05,0.0016542597187682979,2024-03-11 00:00,False
INNER,EURNZD,short,W,H1,2024-03-25 00:00,2024-04-01 00:00,1.8043,1.81001,0.005709999999999882,1.80894,1.81001,2024-03-28 12:00,2024-03-28 13:00,1.80999,1.81001,1.999999999990898e-05,0.003502626970211803,2024-04-08 00:00,False
INNER,EURUSD,long,W,H1,2024-02-12 00:00,2024-02-19 00:00,1.0695,1.07768,0.008180000000000076,1.0695,1.07616,2024-02-14 09:00,2024-02-14 10:00,1.06963,1.06965,1.999999999990898e-05,0.0024449877750499747,2024-03-25 00:00,False
INNER,EURUSD,long,W,H1,2024-02-12 00:00,2024-02-19 00:00,1.0695,1.07768,0.008180000000000076,1.0695,1.07616,2024-02-14 12:00,2024-02-14 13:00,1.07011,1.07058,0.0004700000000001925,0.05745721271395943,2024-03-25 00:00,False
INNER,EURUSD,long,W,H1,2024-02-12 00:00,2024-02-19 00:00,1.0695,1.07768,0.008180000000000076,1.0695,1.07616,2024-02-15 03:00,2024-02-15 04:00,1.07247,1.07252,4.999999999988347e-05,0.006112469437638509,2024-03-25 00:00,False
INNER,EURUSD,long,W,H1,2024-02-12 00:00,2024-02-19 00:00,1.0695,1.07768,0.008180000000000076,1.0695,1.07616,2024-02-15 08:00,2024-02-15 09:00,1.07281,1.07298,0.00017000000000000348,0.02078239608801979,2024-03-25 00:00,False
INNER,EURUSD,long,W,H1,2024-02-12 00:00,2024-02-19 00:00,1.0695,1.07768,0.008180000000000076,1.0695,1.07616,2024-02-16 13:00,2024-02-16 14:00,1.07321,1.0741,0.0008900000000000574,0.10880195599022606,2024-03-25 00:00,False
INNER,EURUSD,long,W,H1,2024-03-25 00:00,2024-04-01 00:00,1.07245,1.07932,0.006870000000000154,1.07245,1.07682,2024-04-02 05:00,2024-04-02 06:00,1.07245,1.07258,0.00013000000000018552,0.018922852984014936,2024-04-08 00:00,False
INNER,EURUSD,long,W,H1,2024-03-25 00:00,2024-04-01 00:00,1.07245,1.07932,0.006870000000000154,1.07245,1.07682,2024-04-02 08:00,2024-04-02 09:00,1.07264,1.07312,0.00048000000000003595,0.06986899563319145,2024-04-08 00:00,False
INNER,EURUSD,long,W,H1,2024-03-25 00:00,2024-04-01 00:00,1.07245,1.07932,0.006870000000000154,1.07245,1.07682,2024-04-02 12:00,2024-04-02 13:00,1.07455,1.0748,0.0002500000000000835,0.036390101892296634,2024-04-08 00:00,False
INNER,EURUSD,long,W,H1,2024-03-25 00:00,2024-04-01 00:00,1.07245,1.07932,0.006870000000000154,1.07245,1.07682,2024-04-02 18:00,2024-04-02 19:00,1.07604,1.07624,0.00019999999999997797,0.02911208151382438,2024-04-08 00:00,False
INNER,EURUSD,long,W,H1,2024-03-25 00:00,2024-04-01 00:00,1.07245,1.07932,0.006870000000000154,1.07245,1.07682,2024-04-03 09:00,2024-04-03 10:00,1.07652,1.07664,0.00012000000000012001,0.017467248908314022,2024-04-08 00:00,False
INNER,EURUSD,long,W,H1,2024-04-08 00:00,2024-04-15 00:00,1.06011,1.06417,0.0040599999999999525,1.06011,1.06228,2024-04-17 05:00,2024-04-17 06:00,1.06061,1.06098,0.00036999999999998145,0.09113300492610488,2024-04-22 00:00,False
INNER,EURUSD,long,W,H1,2024-04-08 00:00,2024-04-15 00:00,1.06011,1.06417,0.0040599999999999525,1.06011,1.06228,2024-04-19 02:00,2024-04-19 03:00,1.06104,1.06152,0.00048000000000003595,0.11822660098523191,2024-04-22 00:00,False
INNER,EURUSD,short,W,H1,2024-01-08 00:00,2024-01-15 00:00,1.09508,1.09996,0.0048799999999999955,1.09676,1.09996,2024-01-11 12:00,2024-01-11 13:00,1.09906,1.09996,0.0009000000000001229,0.18442622950822207,2024-03-04 00:00,False
INNER,EURUSD,short,W,H1,2024-01-08 00:00,2024-01-15 00:00,1.09508,1.09996,0.0048799999999999955,1.09676,1.09996,2024-01-12 14:00,2024-01-12 15:00,1.0985,1.0987,0.00019999999999997797,0.04098360655737257,2024-03-04 00:00,False
INNER,EURUSD,short,W,H1,2024-04-01 00:00,2024-04-08 00:00,1.08376,1.08851,0.004750000000000032,1.08766,1.08851,2024-04-09 12:00,2024-04-09 13:00,1.0884,1.08851,0.0001100000000000545,0.023157894736853424,2024-05-13 00:00,False
INNER,EURUSD,short,W,H1,2024-05-13 00:00,2024-05-20 00:00,1.08697,1.08951,0.0025399999999999867,1.08846,1.08951,2024-05-16 00:00,2024-05-16 01:00,1.08939,1.08951,0.00011999999999989797,0.04724409448814905,2024-05-27 00:00,False
INNER,EURUSD,short,W,H1,2024-05-13 00:00,2024-05-20 00:00,1.08697,1.08951,0.0025399999999999867,1.08846,1.08951,2024-05-16 02:00,2024-05-16 03:00,1.08884,1.08894,9.999999999998899e-05,0.03937007874015335,2024-05-27 00:00,False
INNER,NZDCAD,long,W,H1,2024-01-29 00:00,2024-02-05 00:00,0.81514,0.8163,0.0011600000000000499,0.81514,0.81582,2024-02-05 00:00,2024-02-05 01:00,0.81561,0.81562,1.0000000000065512e-05,0.00862068965522852,2024-03-18 00:00,False
INNER,NZDCAD,long,W,H1,2024-02-12 00:00,2024-02-19 00:00,0.81868,0.82584,0.007160000000000055,0.81868,0.82555,2024-02-13 13:00,2024-02-13 14:00,0.81868,0.81926,0.0005800000000000249,0.08100558659218163,2024-02-26 00:00,False
INNER,NZDCAD,long,W,H1,2024-02-12 00:00,2024-02-19 00:00,0.81868,0.82584,0.007160000000000055,0.81868,0.82555,2024-02-16 02:00,2024-02-16 03:00,0.82122,0.82148,0.000260000000000038,0.0363128491620162,2024-02-26 00:00,False
INNER,NZDCAD,long,W,H1,2024-02-12 00:00,2024-02-19 00:00,0.81868,0.82584,0.007160000000000055,0.81868,0.82555,2024-02-16 13:00,2024-02-16 14:00,0.82174,0.82244,0.0006999999999999229,0.0977653631284801,2024-02-26 00:00,False
INNER,NZDCAD,long,W,H1,2024-03-25 00:00,2024-04-01 00:00,0.80665,0.81015,0.0035000000000000586,0.80665,0.80823,2024-04-01 16:00,2024-04-01 17:00,0.80672,0.80684,0.00012000000000000899,0.03428571428571628,2024-04-15 00:00,False
INNER,NZDCAD,short,W,H1,2024-01-08 00:00,2024-01-15 00:00,0.83662,0.83814,0.0015199999999999658,0.83667,0.83814,2024-01-12 19:00,2024-01-12 20:00,0.83743,0.8375,7.00000000000145e-05,0.04605263157895794,2024-02-19 00:00,False
INNER,NZDCAD,short,W,H1,2024-03-04 00:00,2024-03-11 00:00,0.83296,0.83472,0.0017599999999999838,0.83352,0.83472,2024-03-08 14:00,2024-03-08 15:00,0.83458,0.83472,0.000140000000000029,0.07954545454547175,2024-05-13 00:00,False
INNER,NZDCAD,short,W,H1,2024-04-08 00:00,2024-04-15 00:00,0.81787,0.82492,0.007050000000000001,0.81898,0.82492,2024-04-10 11:00,2024-04-10 12:00,0.82456,0.82492,0.00036000000000002697,0.05106382978723786,2024-04-29 00:00,False
INNER,NZDCAD,short,W,H1,2024-04-08 00:00,2024-04-15 00:00,0.81787,0.82492,0.007050000000000001,0.81898,0.82492,2024-04-12 01:00,2024-04-12 02:00,0.82245,0.82246,9.99999999995449e-06,0.0014184397163056013,2024-04-29 00:00,False
INNER,NZDCAD,short,W,H1,2024-04-08 00:00,2024-04-15 00:00,0.81787,0.82492,0.007050000000000001,0.81898,0.82492,2024-04-12 04:00,2024-04-12 05:00,0.82194,0.82202,7.999999999996898e-05,0.011347517730492054,2024-04-29 00:00,False
INNER,NZDCAD,short,W,H1,2024-04-08 00:00,2024-04-15 00:00,0.81787,0.82492,0.007050000000000001,0.81898,0.82492,2024-04-12 07:00,2024-04-12 08:00,0.82105,0.82116,0.0001100000000000545,0.015602836879440352,2024-04-29 00:00,False
INNER,NZDCAD,short,W,H1,2024-04-08 00:00,2024-04-15 00:00,0.81787,0.82492,0.007050000000000001,0.81898,0.82492,2024-04-12 11:00,2024-04-12 12:00,0.81979,0.81986,7.00000000000145e-05,0.009929078014186452,2024-04-29 00:00,False
INNER,NZDCHF,long,W,H1,2024-01-01 00:00,2024-01-08 00:00,0.52812,0.53107,0.002950000000000008,0.52812,0.52893,2024-01-08 15:00,2024-01-08 16:00,0.52812,0.5282,7.999999999996898e-05,0.02711864406778602,2024-01-15 00:00,False
INNER,NZDCHF,long,W,H1,2024-01-01 00:00,2024-01-08 00:00,0.52812,0.53107,0.002950000000000008,0.52812,0.52893,2024-01-08 17:00,2024-01-08 18:00,0.52865,0.52868,3.0000000000085514e-05,0.010169491525452688,2024-01-15 00:00,False
INNER,NZDCHF,long,W,H1,2024-02-26 00:00,2024-03-04 00:00,0.53456,0.5393,0.0047399999999999665,0.53456,0.53698,2024-02-29 09:00,2024-02-29 10:00,0.53456,0.53458,2.0000000000020002e-05,0.004219409282704672,2024-03-11 00:00,False
INNER,NZDCHF,long,W,H1,2024-02-26 00:00,2024-03-04 00:00,0.53456,0.5393,0.0047399999999999665,0.53456,0.53698,2024-02-29 11:00,2024-02-29 12:00,0.535,0.53508,7.999999999996898e-05,0.016877637130795264,2024-03-11 00:00,False
INNER,NZDCHF,long,W,H1,2024-02-26 00:00,2024-03-04 00:00,0.53456,0.5393,0.0047399999999999665,0.53456,0.53698,2024-02-29 15:00,2024-02-29 16:00,0.53588,0.5364,0.0005199999999999649,0.10970464135020434,2024-03-11 00:00,False
INNER,NZDCHF,long,W,H1,2024-03-11 00:00,2024-03-18 00:00,0.53565,0.53776,0.0021100000000000563,0.53565,0.53756,2024-03-20 12:00,2024-03-20 13:00,0.53692,0.537,8.000000000008001e-05,0.037914691943164866,2024-03-25 00:00,False
INNER,NZDCHF,long,W,H1,2024-03-11 00:00,2024-03-18 00:00,0.53565,0.53776,0.0021100000000000563,0.53565,0.53756,2024-03-24 22:00,2024-03-24 23:00,0.53726,0.53742,0.000160000000000049,0.07582938388627712,2024-03-25 00:00,False
INNER,NZDCHF,short,W,H1,2024-01-08 00:00,2024-01-15 00:00,0.53205,0.5338,0.0017500000000000293,0.53206,0.5338,2024-01-12 17:00,2024-01-12 18:00,0.53287,0.53302,0.0001500000000000945,0.08571428571433828,2024-01-22 00:00,False
INNER,NZDCHF,short,W,H1,2024-01-08 00:00,2024-01-15 00:00,0.53205,0.5338,0.0017500000000000293,0.53206,0.5338,2024-01-12 19:00,2024-01-12 20:00,0.53257,0.53266,9.00000000000345e-05,0.05142857142859028,2024-01-22 00:00,False
INNER,NZDCHF,short,W,H1,2024-03-04 00:00,2024-03-11 00:00,0.54226,0.54308,0.0008200000000000429,0.54287,0.54308,2024-03-08 14:00,2024-03-08 15:00,0.54294,0.54308,0.000140000000000029,0.17073170731709958,2024-03-18 00:00,False
INNER,NZDCHF,short,W,H1,2024-04-08 00:00,2024-04-15 00:00,0.54301,0.54959,0.00658000000000003,0.54412,0.54959,2024-04-10 11:00,2024-04-10 12:00,0.54936,0.54959,0.0002300000000000635,0.03495440729484232,2024-04-22 00:00,False
INNER,NZDCHF,short,W,H1,2024-04-08 00:00,2024-04-15 00:00,0.54301,0.54959,0.00658000000000003,0.54412,0.54959,2024-04-11 06:00,2024-04-11 07:00,0.54744,0.54756,0.00012000000000000899,0.018237082066870584,2024-04-22 00:00,False
INNER,NZDCHF,short,W,H1,2024-04-08 00:00,2024-04-15 00:00,0.54301,0.54959,0.00658000000000003,0.54412,0.54959,2024-04-12 01:00,2024-04-12 02:00,0.5467,0.54673,3.0000000000085514e-05,0.0045592705167303,2024-04-22 00:00,False
INNER,NZDCHF,short,W,H1,2024-04-08 00:00,2024-04-15 00:00,0.54301,0.54959,0.00658000000000003,0.54412,0.54959,2024-04-12 07:00,2024-04-12 08:00,0.54582,0.54622,0.00040000000000006697,0.0607902735562409,2024-04-22 00:00,False
INNER,NZDCHF,short,W,H1,2024-05-20 00:00,2024-05-27 00:00,0.5598,0.56254,0.0027400000000000757,0.56036,0.56254,2024-05-28 08:00,2024-05-28 09:00,0.56192,0.56204,0.00012000000000000899,0.043795620437958274,,True
INNER,NZDCHF,short,W,H1,2024-05-20 00:00,2024-05-27 00:00,0.5598,0.56254,0.0027400000000000757,0.56036,0.56254,2024-05-29 08:00,2024-05-29 09:00,0.56037,0.56062,0.00024999999999997247,0.09124087591239619,,True
INNER,NZDJPY,long,W,H1,2024-01-29 00:00,2024-02-05 00:00,89.262,89.974,0.7120000000000033,89.262,89.768,2024-02-01 13:00,2024-02-01 14:00,89.262,89.358,0.09600000000000364,0.1348314606741618,2024-04-15 00:00,False
INNER,NZDJPY,long,W,H1,2024-01-29 00:00,2024-02-05 00:00,89.262,89.974,0.7120000000000033,89.262,89.768,2024-02-01 19:00,2024-02-01 20:00,89.717,89.72,0.0030000000000001137,0.004213483146067556,2024-04-15 00:00,False
INNER,NZDJPY,long,W,H1,2024-03-25 00:00,2024-04-01 00:00,90.11,90.495,0.3850000000000051,90.11,90.17,2024-04-01 17:00,2024-04-01 18:00,90.11,90.117,0.007000000000005002,0.018181818181830935,2024-04-15 00:00,False
INNER,NZDJPY,long,W,H1,2024-04-08 00:00,2024-04-15 00:00,89.96,90.996,1.0360000000000014,89.96,90.707,2024-04-19 05:00,2024-04-19 06:00,90.642,90.704,0.06199999999999761,0.059845559845557464,2024-04-22 00:00,False
INNER,NZDJPY,short,W,H1,2024-02-19 00:00,2024-02-26 00:00,93.284,93.454,0.1699999999999875,93.284,93.454,2024-02-23 21:00,2024-02-25 22:00,93.284,93.312,0.027999999999991587,0.16470588235290382,2024-04-22 00:00,False
INNER,NZDJPY,short,W,H1,2024-03-18 00:00,2024-03-25 00:00,90.751,92.204,1.4529999999999887,91.252,92.204,2024-03-21 07:00,2024-03-21 08:00,92.192,92.204,0.012000000000000455,0.008258774948383034,2024-04-01 00:00,False
INNER,NZDJPY,short,W,H1,2024-03-18 00:00,2024-03-25 00:00,90.751,92.204,1.4529999999999887,91.252,92.204,2024-03-21 10:00,2024-03-21 11:00,92.008,92.013,0.005000000000009663,0.003441156228499451,2024-04-01 00:00,False
INNER,NZDJPY,short,W,H1,2024-04-01 00:00,2024-04-08 00:00,91.18,92.391,1.2109999999999985,91.706,92.391,2024-04-10 11:00,2024-04-10 12:00,92.314,92.391,0.07700000000001239,0.06358381502891204,2024-04-15 00:00,False
INNER,NZDJPY,short,W,H1,2024-04-01 00:00,2024-04-08 00:00,91.18,92.391,1.2109999999999985,91.706,92.391,2024-04-12 02:00,2024-04-12 03:00,92.002,92.012,0.010000000000005116,0.008257638315446018,2024-04-15 00:00,False
INNER,NZDUSD,long,W,H1,2024-01-29 00:00,2024-02-05 00:00,0.60384,0.60644,0.0025999999999999357,0.60384,0.60589,2024-02-05 15:00,2024-02-05 16:00,0.60384,0.6042,0.00035999999999991594,0.13846153846150955,2024-02-12 00:00,False
INNER,NZDUSD,long,W,H1,2024-01-29 00:00,2024-02-05 00:00,0.60384,0.60644,0.0025999999999999357,0.60384,0.60589,2024-02-06 10:00,2024-02-06 11:00,0.60467,0.60471,3.999999999992898e-05,0.01538461538458845,2024-02-12 00:00,False
INNER,NZDUSD,long,W,H1,2024-01-29 00:00,2024-02-05 00:00,0.60384,0.60644,0.0025999999999999357,0.60384,0.60589,2024-02-06 13:00,2024-02-06 14:00,0.60515,0.60518,3.0000000000085514e-05,0.011538461538494714,2024-02-12 00:00,False
INNER,NZDUSD,long,W,H1,2024-02-12 00:00,2024-02-19 00:00,0.60498,0.61248,0.007500000000000062,0.60498,0.61226,2024-02-13 19:00,2024-02-13 20:00,0.60498,0.60502,4.0000000000040004e-05,0.005333333333338623,2024-02-26 00:00,False
INNER,NZDUSD,long,W,H1,2024-02-12 00:00,2024-02-19 00:00,0.60498,0.61248,0.007500000000000062,0.60498,0.61226,2024-02-14 00:00,2024-02-14 01:00,0.60512,0.60525,0.00012999999999996348,0.01733333333332832,2024-02-26 00:00,False
INNER,NZDUSD,long,W,H1,2024-02-12 00:00,2024-02-19 00:00,0.60498,0.61248,0.007500000000000062,0.60498,0.61226,2024-02-14 13:00,2024-02-14 14:00,0.60728,0.6073,1.999999999990898e-05,0.0026666666666545083,2024-02-26 00:00,False
INNER,NZDUSD,long,W,H1,2024-02-12 00:00,2024-02-19 00:00,0.60498,0.61248,0.007500000000000062,0.60498,0.61226,2024-02-16 13:00,2024-02-16 14:00,0.60861,0.60897,0.00036000000000002697,0.0480000000000032,2024-02-26 00:00,False
INNER,NZDUSD,long,W,H1,2024-02-26 00:00,2024-03-04 00:00,0.60689,0.61069,0.0037999999999999146,0.60689,0.6077,2024-03-06 00:00,2024-03-06 01:00,0.60689,0.60723,0.00034000000000000696,0.08947368421053016,2024-03-11 00:00,False
INNER,NZDUSD,long,W,H1,2024-03-25 00:00,2024-04-01 00:00,0.59396,0.59798,0.0040199999999999125,0.59396,0.59566,2024-04-01 15:00,2024-04-01 16:00,0.59396,0.59399,2.999999999997449e-05,0.007462686567157996,2024-04-08 00:00,False
INNER,NZDUSD,long,W,H1,2024-03-25 00:00,2024-04-01 00:00,0.59396,0.59798,0.0040199999999999125,0.59396,0.59566,2024-04-02 05:00,2024-04-02 06:00,0.59434,0.59438,4.0000000000040004e-05,0.009950248756229072,2024-04-08 00:00,False
INNER,NZDUSD,long,W,H1,2024-04-15 00:00,2024-04-22 00:00,0.58524,0.58882,0.0035800000000000276,0.58524,0.58865,2024-04-19 05:00,2024-04-19 06:00,0.58764,0.58774,9.999999999998899e-05,0.027932960893851458,2024-04-29 00:00,False
INNER,NZDUSD,long,W,H1,2024-04-15 00:00,2024-04-22 00:00,0.58524,0.58882,0.0035800000000000276,0.58524,0.58865,2024-04-19 19:00,2024-04-19 20:00,0.58842,0.58858,0.00015999999999993797,0.044692737430149926,2024-04-29 00:00,False
INNER,NZDUSD,short,W,H1,2024-02-19 00:00,2024-02-26 00:00,0.61973,0.62181,0.0020799999999999708,0.6199,0.62181,2024-02-22 07:00,2024-02-22 08:00,0.62164,0.62181,0.00017000000000000348,0.08173076923077205,2024-03-04 00:00,False
INNER,NZDUSD,short,W,H1,2024-02-19 00:00,2024-02-26 00:00,0.61973,0.62181,0.0020799999999999708,0.6199,0.62181,2024-02-23 12:00,2024-02-23 13:00,0.62108,0.62112,4.0000000000040004e-05,0.019230769230788734,2024-03-04 00:00,False
INNER,NZDUSD,short,W,H1,2024-04-01 00:00,2024-04-08 00:00,0.60134,0.6083,0.006959999999999966,0.60467,0.6083,2024-04-10 11:00,2024-04-10 12:00,0.60798,0.6083,0.00031999999999998696,0.04597701149425122,2024-04-29 00:00,False
INNER,USDCAD,long,W,H1,2024-03-04 00:00,2024-03-11 00:00,1.342,1.34865,0.006649999999999823,1.342,1.34592,2024-03-08 15:00,2024-03-08 16:00,1.34499,1.3451,0.0001100000000000545,0.016541353383467284,2024-03-18 00:00,False
INNER,USDCAD,short,W,H1,2024-01-29 00:00,2024-02-05 00:00,1.3467,1.3544,0.00770000000000004,1.34758,1.3544,2024-02-05 23:00,2024-02-06 00:00,1.35437,1.3544,2.999999999997449e-05,0.003896103896100563,2024-02-12 00:00,False
INNER,USDCAD,short,W,H1,2024-01-29 00:00,2024-02-05 00:00,1.3467,1.3544,0.00770000000000004,1.34758,1.3544,2024-02-06 13:00,2024-02-06 14:00,1.35382,1.35398,0.00015999999999993797,0.020779220779212616,2024-02-12 00:00,False
INNER,USDCAD,short,W,H1,2024-01-29 00:00,2024-02-05 00:00,1.3467,1.3544,0.00770000000000004,1.34758,1.3544,2024-02-08 13:00,2024-02-08 14:00,1.34878,1.34932,0.0005399999999999849,0.07012987012986781,2024-02-12 00:00,False
INNER,USDCAD,short,W,H1,2024-01-29 00:00,2024-02-05 00:00,1.3467,1.3544,0.00770000000000004,1.34758,1.3544,2024-02-09 16:00,2024-02-09 17:00,1.34807,1.34818,0.00010999999999983245,0.014285714285692452,2024-02-12 00:00,False
INNER,USDCAD,short,W,H1,2024-04-08 00:00,2024-04-15 00:00,1.37733,1.38462,0.007290000000000019,1.37873,1.38462,2024-04-17 05:00,2024-04-17 06:00,1.38341,1.3838,0.00038999999999989043,0.05349794238681611,2024-04-29 00:00,False
INNER,USDCAD,short,W,H1,2024-04-08 00:00,2024-04-15 00:00,1.37733,1.38462,0.007290000000000019,1.37873,1.38462,2024-04-19 02:00,2024-04-19 03:00,1.3797,1.38046,0.0007600000000000939,0.10425240054870946,2024-04-29 00:00,False
INNER,USDCAD,short,W,H1,2024-04-29 00:00,2024-05-06 00:00,1.36854,1.3785,0.009959999999999969,1.37628,1.3785,2024-05-01 06:00,2024-05-01 07:00,1.37813,1.37827,0.000140000000000029,0.014056224899601347,2024-05-13 00:00,False
INNER,USDCAD,short,W,H1,2024-04-29 00:00,2024-05-06 00:00,1.36854,1.3785,0.009959999999999969,1.37628,1.3785,2024-05-01 09:00,2024-05-01 10:00,1.3776,1.37763,2.999999999997449e-05,0.0030120481927685327,2024-05-13 00:00,False
INNER,USDCAD,short,W,H1,2024-04-29 00:00,2024-05-06 00:00,1.36854,1.3785,0.009959999999999969,1.37628,1.3785,2024-05-01 17:00,2024-05-01 18:00,1.37742,1.37744,1.999999999990898e-05,0.002008032128504924,2024-05-13 00:00,False
INNER,USDCHF,long,W,H1,2024-04-15 00:00,2024-04-22 00:00,0.90112,0.9104,0.009279999999999955,0.90112,0.9087,2024-04-19 12:00,2024-04-19 13:00,0.90716,0.90744,0.000280000000000058,0.030172413793109844,2024-04-29 00:00,False
INNER,USDCHF,short,W,H1,2024-01-15 00:00,2024-01-22 00:00,0.86818,0.87285,0.004670000000000063,0.87046,0.87285,2024-01-23 16:00,2024-01-23 17:00,0.87206,0.87212,6.0000000000060005e-05,0.012847965738770705,2024-02-05 00:00,False
INNER,USDCHF,short,W,H1,2024-01-15 00:00,2024-01-22 00:00,0.86818,0.87285,0.004670000000000063,0.87046,0.87285,2024-01-23 18:00,2024-01-23 19:00,0.87178,0.87193,0.00014999999999998348,0.032119914346891106,2024-02-05 00:00,False
INNER,USDCHF,short,W,H1,2024-02-26 00:00,2024-03-04 00:00,0.88332,0.8893,0.005979999999999985,0.88664,0.8893,2024-03-01 14:00,2024-03-01 15:00,0.88893,0.8893,0.00036999999999998145,0.06187290969899371,2024-03-11 00:00,False
INNER,USDCHF,short,W,H1,2024-04-22 00:00,2024-04-29 00:00,0.91466,0.92244,0.007780000000000009,0.91569,0.92244,2024-05-01 06:00,2024-05-01 07:00,0.92227,0.92244,0.00017000000000000348,0.021850899742931012,2024-05-20 00:00,False
INNER,USDCHF,short,W,H1,2024-04-22 00:00,2024-04-29 00:00,0.91466,0.92244,0.007780000000000009,0.91569,0.92244,2024-05-01 10:00,2024-05-01 11:00,0.92123,0.92125,2.0000000000020002e-05,0.002570694087406167,2024-05-20 00:00,False
INNER,USDCHF,short,W,H1,2024-04-22 00:00,2024-04-29 00:00,0.91466,0.92244,0.007780000000000009,0.91569,0.92244,2024-05-01 17:00,2024-05-01 18:00,0.92065,0.92096,0.00031000000000003247,0.03984575835475991,2024-05-20 00:00,False
INNER,USDCHF,short,W,H1,2024-04-22 00:00,2024-04-29 00:00,0.91466,0.92244,0.007780000000000009,0.91569,0.92244,2024-05-01 19:00,2024-05-01 20:00,0.91922,0.91929,7.00000000000145e-05,0.00899742930591445,2024-05-20 00:00,False
INNER,USDCHF,short,W,H1,2024-04-22 00:00,2024-04-29 00:00,0.91466,0.92244,0.007780000000000009,0.91569,0.92244,2024-05-02 03:00,2024-05-02 04:00,0.91686,0.9171,0.00024000000000001798,0.030848329048845463,2024-05-20 00:00,False
INNER,USDJPY,long,W,H1,2024-01-22 00:00,2024-01-29 00:00,145.898,148.168,2.2700000000000102,145.898,146.65,2024-02-01 16:00,2024-02-01 17:00,145.898,146.144,0.24600000000000932,0.10837004405286706,2024-02-05 00:00,False
INNER,USDJPY,long,W,H1,2024-01-22 00:00,2024-01-29 00:00,145.898,148.168,2.2700000000000102,145.898,146.65,2024-02-02 11:00,2024-02-02 12:00,146.464,146.513,0.049000000000006594,0.02158590308370325,2024-02-05 00:00,False
INNER,USDJPY,short,W,H1,2024-02-19 00:00,2024-02-26 00:00,150.524,150.846,0.32200000000000273,150.77,150.846,2024-02-28 15:00,2024-02-28 16:00,150.818,150.846,0.027999999999991587,0.08695652173910356,2024-03-04 00:00,False
INNER,USDJPY,short,W,H1,2024-03-18 00:00,2024-03-25 00:00,151.44,151.974,0.5339999999999918,151.862,151.974,2024-03-27 02:00,2024-03-27 03:00,151.933,151.974,0.04099999999999682,0.07677902621722368,2024-04-01 00:00,False
INNER,USDJPY,short,W,H1,2024-05-06 00:00,2024-05-13 00:00,155.772,156.784,1.0120000000000005,155.953,156.784,2024-05-14 12:00,2024-05-14 13:00,156.658,156.784,0.12600000000000477,0.1245059288537596,2024-05-20 00:00,False
INNER,USDJPY,short,W,H1,2024-05-06 00:00,2024-05-13 00:00,155.772,156.784,1.0120000000000005,155.953,156.784,2024-05-14 23:00,2024-05-15 00:00,156.526,156.562,0.036000000000001364,0.035573122529645604,2024-05-20 00:00,False
INNER,USDJPY,short,W,H1,2024-05-06 00:00,2024-05-13 00:00,155.772,156.784,1.0120000000000005,155.953,156.784,2024-05-15 02:00,2024-05-15 03:00,156.464,156.48,0.015999999999991132,0.01581027667983313,2024-05-20 00:00,False
INNER,USDJPY,short,W,H1,2024-05-06 00:00,2024-05-13 00:00,155.772,156.784,1.0120000000000005,155.953,156.784,2024-05-15 06:00,2024-05-15 07:00,156.286,156.39,0.103999999999985,0.10276679841895746,2024-05-20 00:00,False
