pair,pivot_type,pivot_first_time,pivot_second_time,pivot_low,pivot_high,pivot_range,pivot_touch_time,ltf,wd_first_time,wd_second_time,wd_low,wd_high,wd_range,wd_pct_of_pivot,htf_wd_low,htf_wd_high,pending_until_pivot_touch
AUDCAD,long,2024-01-29 00:00,2024-02-05 00:00,0.87264,0.877,0.0043600000000000305,2024-02-12 00:00,H4,2024-02-08 18:00,2024-02-08 22:00,0.8729,0.87334,0.00043999999999999595,0.10091743119265892,0.87264,0.87579,False
AUDCAD,short,2024-02-19 00:00,2024-02-26 00:00,0.88671,0.889,0.0022900000000000142,2024-03-04 00:00,H4,2024-02-20 10:00,2024-02-20 14:00,0.88867,0.889,0.0003300000000000525,0.1441048034934718,0.88699,0.889,False
AUDCAD,short,2024-02-19 00:00,2024-02-26 00:00,0.88671,0.889,0.0022900000000000142,2024-03-04 00:00,H4,2024-02-21 02:00,2024-02-21 06:00,0.88767,0.88774,7.00000000000145e-05,0.03056768558952579,0.88699,0.889,False
AUDCAD,short,2024-02-19 00:00,2024-02-26 00:00,0.88671,0.889,0.0022900000000000142,2024-03-04 00:00,H4,2024-02-23 18:00,2024-02-25 22:00,0.88678,0.88699,0.00020999999999993246,0.09170305676852888,0.88699,0.889,False
AUDCAD,short,2024-04-01 00:00,2024-04-08 00:00,0.89418,0.90074,0.00656000000000001,2024-04-22 00:00,H4,2024-04-09 09:00,2024-04-09 13:00,0.90014,0.90074,0.0005999999999999339,0.09146341463413613,0.89524,0.90074,False
AUDCAD,short,2024-04-01 00:00,2024-04-08 00:00,0.89418,0.90074,0.00656000000000001,2024-04-22 00:00,H4,2024-04-09 17:00,2024-04-09 21:00,0.89964,0.89992,0.000280000000000058,0.04268292682927707,0.89524,0.90074,False
AUDCAD,short,2024-04-01 00:00,2024-04-08 00:00,0.89418,0.90074,0.00656000000000001,2024-04-22 00:00,H4,2024-04-11 21:00,2024-04-12 01:00,0.89538,0.89554,0.000160000000000049,0.024390243902446453,0.89524,0.90074,False
AUDCAD,short,2024-04-29 00:00,2024-05-06 00:00,0.90452,0.90767,0.003149999999999986,2024-05-13 00:00,H4,2024-05-06 21:00,2024-05-07 01:00,0.90751,0.90767,0.00015999999999993797,0.05079365079363132,0.90598,0.90767,False
AUDCHF,long,2024-01-08 00:00,2024-01-15 00:00,0.56394,0.5701,0.006160000000000054,2024-01-22 00:00,H4,2024-01-17 06:00,2024-01-17 10:00,0.56394,0.56421,0.00026999999999999247,0.04383116883116722,0.56394,0.56764,False
AUDCHF,long,2024-02-26 00:00,2024-03-04 00:00,0.57041,0.57642,0.006010000000000071,2024-04-15 00:00,H4,2024-02-28 18:00,2024-02-28 22:00,0.57041,0.57059,0.000180000000000069,0.02995008319468667,0.57041,0.57374,False
AUDCHF,long,2024-02-26 00:00,2024-03-04 00:00,0.57041,0.57642,0.006010000000000071,2024-04-15 00:00,H4,2024-02-29 06:00,2024-02-29 10:00,0.57092,0.57093,1.0000000000065512e-05,0.0016638935108261887,0.57041,0.57374,False
AUDCHF,short,2024-02-19 00:00,2024-02-26 00:00,0.57833,0.57932,0.0009899999999999354,2024-03-04 00:00,H4,2024-02-23 18:00,2024-02-25 22:00,0.57858,0.57874,0.000160000000000049,0.16161616161622167,0.57874,0.57932,False
AUDCHF,short,2024-03-04 00:00,2024-03-11 00:00,0.58146,0.58294,0.0014800000000000368,2024-03-18 00:00,H4,2024-03-14 05:00,2024-03-14 09:00,0.58272,0.58294,0.00021999999999999797,0.14864864864864358,0.58265,0.58294,False
AUDCHF,short,2024-05-13 00:00,2024-05-20 00:00,0.60862,0.60999,0.0013699999999999823,2024-05-27 00:00,H4,2024-05-20 01:00,2024-05-20 05:00,0.60998,0.60999,1.0000000000065512e-05,0.0072992700730406136,0.60868,0.60999,False
AUDJPY,long,2024-01-08 00:00,2024-01-15 00:00,96.146,96.882,0.7360000000000042,2024-01-29 00:00,H4,2024-01-09 10:00,2024-01-09 14:00,96.146,96.279,0.13299999999999557,0.18070652173912338,96.146,96.588,False
AUDJPY,long,2024-01-08 00:00,2024-01-15 00:00,96.146,96.882,0.7360000000000042,2024-01-29 00:00,H4,2024-01-16 02:00,2024-01-16 06:00,96.588,96.635,0.047000000000011255,0.06385869565218884,96.146,96.588,False
AUDJPY,short,2024-01-01 00:00,2024-01-08 00:00,97.14,97.8,0.6599999999999966,2024-01-15 00:00,H4,2024-01-11 02:00,2024-01-11 06:00,97.768,97.8,0.031999999999996476,0.0484848484848434,97.394,97.8,False
AUDJPY,short,2024-01-01 00:00,2024-01-08 00:00,97.14,97.8,0.6599999999999966,2024-01-15 00:00,H4,2024-01-11 22:00,2024-01-12 02:00,97.416,97.454,0.0379999999999967,0.05757575757575288,97.394,97.8,False
AUDJPY,short,2024-01-15 00:00,2024-01-22 00:00,97.768,97.884,0.11599999999999966,2024-02-12 00:00,H4,2024-01-23 02:00,2024-01-23 06:00,97.814,97.816,0.0020000000000095497,0.017241379310427202,97.768,97.884,False
AUDJPY,short,2024-02-19 00:00,2024-02-26 00:00,98.804,99.057,0.2530000000000001,2024-03-18 00:00,H4,2024-02-23 18:00,2024-02-25 22:00,98.829,98.834,0.005000000000009663,0.019762845849840557,98.834,99.057,False
AUDJPY,short,2024-04-01 00:00,2024-04-08 00:00,99.764,100.811,1.0470000000000113,2024-04-15 00:00,H4,2024-04-09 09:00,2024-04-09 13:00,100.699,100.811,0.11200000000000898,0.10697230181471612,100.4,100.811,False
AUDJPY,short,2024-04-01 00:00,2024-04-08 00:00,99.764,100.811,1.0470000000000113,2024-04-15 00:00,H4,2024-04-10 05:00,2024-04-10 09:00,100.64,100.645,0.0049999999999954525,0.004775549188152243,100.4,100.811,False
AUDNZD,long,2024-01-08 00:00,2024-01-15 00:00,1.06912,1.07135,0.0022299999999999542,2024-01-29 00:00,H4,2024-01-17 22:00,2024-01-18 02:00,1.06912,1.06948,0.00035999999999991594,0.16143497757844094,1.06912,1.0704,False
AUDNZD,long,2024-02-05 00:00,2024-02-12 00:00,1.05865,1.06073,0.0020799999999998597,2024-02-19 00:00,H4,2024-02-09 18:00,2024-02-11 22:00,1.05994,1.06033,0.00038999999999989043,0.18749999999995998,1.05865,1.05994,False
AUDNZD,long,2024-02-19 00:00,2024-02-26 00:00,1.05699,1.05923,0.0022399999999997977,,H4,2024-02-22 14:00,2024-02-22 18:00,1.05699,1.05732,0.00032999999999994145,0.14732142857141572,1.05699,1.05844,True
AUDNZD,long,2024-02-19 00:00,2024-02-26 00:00,1.05699,1.05923,0.0022399999999997977,,H4,2024-02-26 14:00,2024-02-26 18:00,1.05844,1.05866,0.00021999999999988695,0.09821428571424412,1.05699,1.05844,True
AUDNZD,short,2024-01-22 00:00,2024-01-29 00:00,1.0796,1.08332,0.0037200000000001676,2024-03-18 00:00,H4,2024-01-22 22:00,2024-01-23 02:00,1.08328,1.08332,4.0000000000040004e-05,0.01075268817205328,1.08118,1.08332,False
AUDNZD,short,2024-01-22 00:00,2024-01-29 00:00,1.0796,1.08332,0.0037200000000001676,2024-03-18 00:00,H4,2024-01-23 10:00,2024-01-23 14:00,1.08242,1.08269,0.00026999999999999247,0.07258064516128503,1.08118,1.08332,False
AUDNZD,short,2024-01-22 00:00,2024-01-29 00:00,1.0796,1.08332,0.0037200000000001676,2024-03-18 00:00,H4,2024-01-29 02:00,2024-01-29 06:00,1.08093,1.08118,0.0002500000000000835,0.06720430107528823,1.08118,1.08332,False
AUDNZD,short,2024-02-12 00:00,2024-02-19 00:00,1.06658,1.07034,0.0037599999999999856,2024-02-26 00:00,H4,2024-02-16 14:00,2024-02-16 18:00,1.06735,1.06794,0.0005899999999998684,0.15691489361698688,1.06667,1.07034,False
AUDNZD,short,2024-04-22 00:00,2024-04-29 00:00,1.10002,1.10276,0.0027399999999999647,2024-05-06 00:00,H4,2024-05-02 01:00,2024-05-02 05:00,1.10274,1.10276,1.999999999990898e-05,0.007299270072959576,1.10002,1.10276,False
AUDNZD,short,2024-04-22 00:00,2024-04-29 00:00,1.10002,1.10276,0.0027399999999999647,2024-05-06 00:00,H4,2024-05-02 21:00,2024-05-03 01:00,1.10224,1.10235,0.00010999999999983245,0.04014598540139922,1.10002,1.10276,False
AUDUSD,long,2024-01-29 00:00,2024-02-05 00:00,0.64688,0.65126,0.0043799999999999395,2024-02-12 00:00,H4,2024-02-05 18:00,2024-02-05 22:00,0.64776,0.64782,5.999999999994898e-05,0.013698630136974843,0.64688,0.65024,False
AUDUSD,long,2024-01-29 00:00,2024-02-05 00:00,0.64688,0.65126,0.0043799999999999395,2024-02-12 00:00,H4,2024-02-08 10:00,2024-02-08 14:00,0.64804,0.64817,0.0001300000000000745,0.02968036529682107,0.64688,0.65024,False
AUDUSD,long,2024-01-29 00:00,2024-02-05 00:00,0.64688,0.65126,0.0043799999999999395,2024-02-12 00:00,H4,2024-02-09 02:00,2024-02-09 06:00,0.64902,0.64919,0.00017000000000000348,0.038812785388129184,0.64688,0.65024,False
AUDUSD,long,2024-02-26 00:00,2024-03-04 00:00,0.64775,0.65247,0.0047199999999999465,2024-03-18 00:00,H4,2024-03-05 06:00,2024-03-05 10:00,0.64775,0.64856,0.0008099999999999774,0.17161016949152258,0.64775,0.6487,False
AUDUSD,long,2024-05-06 00:00,2024-05-13 00:00,0.6558,0.66034,0.0045399999999999885,2024-05-20 00:00,H4,2024-05-08 09:00,2024-05-08 13:00,0.6558,0.6562,0.00039999999999995595,0.08810572687223722,0.6558,0.65794,False
AUDUSD,long,2024-05-06 00:00,2024-05-13 00:00,0.6558,0.66034,0.0045399999999999885,2024-05-20 00:00,H4,2024-05-09 05:00,2024-05-09 09:00,0.65654,0.65734,0.0008000000000000229,0.1762114537444989,0.6558,0.65794,False
AUDUSD,short,2024-02-19 00:00,2024-02-26 00:00,0.65642,0.6595,0.0030799999999999716,2024-03-04 00:00,H4,2024-02-23 10:00,2024-02-23 14:00,0.65753,0.65804,0.0005100000000000104,0.1655844155844205,0.6567,0.6595,False
AUDUSD,short,2024-02-19 00:00,2024-02-26 00:00,0.65642,0.6595,0.0030799999999999716,2024-03-04 00:00,H4,2024-02-23 18:00,2024-02-25 22:00,0.6567,0.65684,0.000140000000000029,0.04545454545455529,0.6567,0.6595,False
AUDUSD,short,2024-04-01 00:00,2024-04-08 00:00,0.65792,0.66444,0.006520000000000081,2024-04-29 00:00,H4,2024-04-09 09:00,2024-04-09 13:00,0.66356,0.66444,0.0008799999999999919,0.13496932515337132,0.6619,0.66444,False
AUDUSD,short,2024-04-01 00:00,2024-04-08 00:00,0.65792,0.66444,0.006520000000000081,2024-04-29 00:00,H4,2024-04-10 05:00,2024-04-10 09:00,0.66274,0.66284,9.999999999998899e-05,0.015337423312881555,0.6619,0.66444,False
AUDUSD,short,2024-04-29 00:00,2024-05-06 00:00,0.66097,0.66494,0.003970000000000029,2024-05-13 00:00,H4,2024-05-03 09:00,2024-05-03 13:00,0.66472,0.66494,0.00021999999999999797,0.05541561712846256,0.66439,0.66494,False
AUDUSD,short,2024-04-29 00:00,2024-05-06 00:00,0.66097,0.66494,0.003970000000000029,2024-05-13 00:00,H4,2024-05-06 21:00,2024-05-07 01:00,0.66432,0.66439,7.00000000000145e-05,0.017632241813605537,0.66439,0.66494,False
CADCHF,long,2024-04-01 00:00,2024-04-08 00:00,0.66148,0.66385,0.0023700000000000943,2024-04-15 00:00,H4,2024-04-12 09:00,2024-04-12 13:00,0.66148,0.66151,3.0000000000085514e-05,0.012658227848136845,0.66148,0.66188,False
CADCHF,long,2024-04-15 00:00,2024-04-22 00:00,0.653,0.6622,0.009199999999999986,2024-04-29 00:00,H4,2024-04-19 09:00,2024-04-19 13:00,0.65954,0.65988,0.00034000000000000696,0.03695652173913125,0.653,0.6621,False
CADCHF,long,2024-04-29 00:00,2024-05-06 00:00,0.66009,0.66142,0.0013300000000000534,2024-05-13 00:00,H4,2024-05-08 05:00,2024-05-08 09:00,0.66009,0.66034,0.0002500000000000835,0.1879699248120853,0.66009,0.66084,False
CADCHF,short,2024-01-01 00:00,2024-01-08 00:00,0.63648,0.64118,0.0046999999999999265,2024-01-15 00:00,H4,2024-01-12 06:00,2024-01-12 10:00,0.6393,0.63937,7.00000000000145e-05,0.014893617021279913,0.63937,0.64118,False
CADCHF,short,2024-02-12 00:00,2024-02-19 00:00,0.65332,0.65594,0.0026199999999999557,2024-02-26 00:00,H4,2024-02-14 06:00,2024-02-14 10:00,0.65572,0.65591,0.00019000000000002348,0.07251908396947584,0.65458,0.65594,False
CADCHF,short,2024-03-25 00:00,2024-04-01 00:00,0.66566,0.67216,0.00649999999999995,2024-04-08 00:00,H4,2024-04-04 09:00,2024-04-04 13:00,0.67138,0.67216,0.0007800000000000029,0.12000000000000137,0.66762,0.67216,False
CADCHF,short,2024-04-08 00:00,2024-04-15 00:00,0.66396,0.6685,0.0045399999999999885,2024-04-22 00:00,H4,2024-04-11 05:00,2024-04-11 09:00,0.66792,0.66836,0.00043999999999999595,0.09691629955947072,0.66569,0.6685,False
CADCHF,short,2024-04-08 00:00,2024-04-15 00:00,0.66396,0.6685,0.0045399999999999885,2024-04-22 00:00,H4,2024-04-15 09:00,2024-04-15 13:00,0.66536,0.66569,0.0003300000000000525,0.07268722466961526,0.66569,0.6685,False
CADJPY,short,2024-01-01 00:00,2024-01-08 00:00,108.254,109.238,0.9839999999999947,2024-01-15 00:00,H4,2024-01-11 10:00,2024-01-11 14:00,109.136,109.238,0.10200000000000387,0.10365853658537034,109.034,109.238,False
CADJPY,short,2024-02-19 00:00,2024-02-26 00:00,111.432,111.804,0.3719999999999999,2024-03-18 00:00,H4,2024-02-23 10:00,2024-02-23 14:00,111.768,111.804,0.036000000000001364,0.0967741935483908,111.626,111.804,False
CADJPY,short,2024-02-19 00:00,2024-02-26 00:00,111.432,111.804,0.3719999999999999,2024-03-18 00:00,H4,2024-02-26 18:00,2024-02-26 22:00,111.596,111.626,0.030000000000001137,0.08064516129032566,111.626,111.804,False
CADJPY,short,2024-03-25 00:00,2024-04-01 00:00,111.763,112.484,0.7209999999999894,2024-04-08 00:00,H4,2024-04-04 09:00,2024-04-04 13:00,112.478,112.484,0.006000000000000227,0.008321775312067011,111.91,112.484,False
CHFJPY,long,2024-01-08 00:00,2024-01-15 00:00,168.872,169.94,1.0679999999999836,2024-01-22 00:00,H4,2024-01-09 10:00,2024-01-09 14:00,168.872,169.054,0.18199999999998795,0.17041198501871793,168.872,169.878,False
CHFJPY,long,2024-01-08 00:00,2024-01-15 00:00,168.872,169.94,1.0679999999999836,2024-01-22 00:00,H4,2024-01-09 18:00,2024-01-09 22:00,169.323,169.41,0.08699999999998909,0.0814606741572944,168.872,169.878,False
CHFJPY,long,2024-02-12 00:00,2024-02-19 00:00,169.424,170.506,1.0819999999999936,2024-02-26 00:00,H4,2024-02-14 22:00,2024-02-15 02:00,169.553,169.558,0.0049999999999954525,0.004621072088720408,169.424,170.006,False
CHFJPY,long,2024-02-12 00:00,2024-02-19 00:00,169.424,170.506,1.0819999999999936,2024-02-26 00:00,H4,2024-02-20 18:00,2024-02-20 22:00,170.006,170.064,0.057999999999992724,0.05360443622919877,169.424,170.006,False
CHFJPY,long,2024-03-04 00:00,2024-03-11 00:00,167.086,167.558,0.47199999999998,2024-03-25 00:00,H4,2024-03-11 13:00,2024-03-11 17:00,167.086,167.101,0.014999999999986358,0.0317796610169216,167.086,167.533,False
CHFJPY,long,2024-03-25 00:00,2024-04-01 00:00,166.574,167.883,1.3089999999999975,2024-04-08 00:00,H4,2024-03-27 09:00,2024-03-27 13:00,166.574,166.65,0.0759999999999934,0.05805958747134725,166.574,166.77,False
CHFJPY,long,2024-04-08 00:00,2024-04-15 00:00,167.23,167.622,0.39200000000002433,2024-04-29 00:00,H4,2024-04-10 13:00,2024-04-10 17:00,167.23,167.292,0.06200000000001182,0.1581632653061428,167.23,167.584,False
CHFJPY,long,2024-04-08 00:00,2024-04-15 00:00,167.23,167.622,0.39200000000002433,2024-04-29 00:00,H4,2024-04-10 21:00,2024-04-11 01:00,167.312,167.344,0.031999999999982265,0.08163265306117418,167.23,167.584,False
CHFJPY,long,2024-04-08 00:00,2024-04-15 00:00,167.23,167.622,0.39200000000002433,2024-04-29 00:00,H4,2024-04-12 17:00,2024-04-14 21:00,167.563,167.584,0.021000000000015007,0.05357142857146353,167.23,167.584,False
CHFJPY,short,2024-01-01 00:00,2024-01-08 00:00,170.09,171.494,1.4039999999999964,2024-01-15 00:00,H4,2024-01-11 10:00,2024-01-11 14:00,171.231,171.494,0.26300000000000523,0.18732193732194152,170.813,171.494,False
CHFJPY,short,2024-02-19 00:00,2024-02-26 00:00,170.844,171.7,0.8559999999999945,2024-04-22 00:00,H4,2024-02-28 18:00,2024-02-28 22:00,171.49,171.516,0.025999999999982037,0.030373831775680146,171.516,171.7,False
CHFJPY,short,2024-03-18 00:00,2024-03-25 00:00,168.754,170.804,2.0500000000000114,2024-04-15 00:00,H4,2024-03-21 09:00,2024-03-21 13:00,169.02,169.361,0.34099999999997976,0.16634146341462336,168.804,170.804,False
CHFJPY,short,2024-03-18 00:00,2024-03-25 00:00,168.754,170.804,2.0500000000000114,2024-04-15 00:00,H4,2024-03-21 17:00,2024-03-21 21:00,168.952,168.995,0.043000000000006366,0.02097560975610055,168.804,170.804,False
CHFJPY,short,2024-03-18 00:00,2024-03-25 00:00,168.754,170.804,2.0500000000000114,2024-04-15 00:00,H4,2024-03-22 17:00,2024-03-24 21:00,168.804,168.842,0.038000000000010914,0.01853658536585888,168.804,170.804,False
CHFJPY,short,2024-04-01 00:00,2024-04-08 00:00,168.089,168.485,0.396000000000015,2024-04-15 00:00,H4,2024-04-11 17:00,2024-04-11 21:00,168.466,168.485,0.019000000000005457,0.04797979797980994,168.485,168.485,False
CHFJPY,short,2024-05-06 00:00,2024-05-13 00:00,171.846,172.718,0.8719999999999857,2024-05-20 00:00,H4,2024-05-15 01:00,2024-05-15 05:00,172.664,172.694,0.030000000000001137,0.03440366972477251,172.054,172.718,False
EURAUD,long,2024-01-22 00:00,2024-01-29 00:00,1.63506,1.65067,0.015610000000000124,2024-02-05 00:00,H4,2024-01-30 02:00,2024-01-30 06:00,1.63506,1.63572,0.000660000000000105,0.042280589365797545,1.63506,1.64296,False
EURAUD,long,2024-01-22 00:00,2024-01-29 00:00,1.63506,1.65067,0.015610000000000124,2024-02-05 00:00,H4,2024-01-31 14:00,2024-01-31 18:00,1.64113,1.64128,0.0001500000000000945,0.009609224855867605,1.63506,1.64296,False
EURAUD,long,2024-02-19 00:00,2024-02-26 00:00,1.6452,1.64855,0.003349999999999964,2024-03-04 00:00,H4,2024-02-21 02:00,2024-02-21 06:00,1.6455,1.64563,0.00012999999999996348,0.038805970149243245,1.6452,1.64768,False
EURAUD,long,2024-02-19 00:00,2024-02-26 00:00,1.6452,1.64855,0.003349999999999964,2024-03-04 00:00,H4,2024-02-23 10:00,2024-02-23 14:00,1.64648,1.64694,0.000460000000000127,0.13731343283586026,1.6452,1.64768,False
EURAUD,long,2024-02-19 00:00,2024-02-26 00:00,1.6452,1.64855,0.003349999999999964,2024-03-04 00:00,H4,2024-02-23 18:00,2024-02-25 22:00,1.64768,1.64826,0.0005800000000000249,0.17313432835821826,1.6452,1.64768,False
EURAUD,long,2024-03-04 00:00,2024-03-11 00:00,1.6441,1.65102,0.006920000000000037,2024-03-18 00:00,H4,2024-03-08 06:00,2024-03-08 10:00,1.64422,1.6449,0.0006800000000000139,0.0982658959537587,1.6441,1.64816,False
EURAUD,long,2024-04-08 00:00,2024-04-15 00:00,1.63705,1.64654,0.009489999999999998,2024-04-22 00:00,H4,2024-04-12 05:00,2024-04-12 09:00,1.63773,1.6379,0.00017000000000000348,0.01791359325605938,1.63705,1.64144,False
EURAUD,long,2024-04-08 00:00,2024-04-15 00:00,1.63705,1.64654,0.009489999999999998,2024-04-22 00:00,H4,2024-04-15 01:00,2024-04-15 05:00,1.64144,1.64182,0.00038000000000004697,0.040042149631195685,1.63705,1.64144,False
EURAUD,long,2024-04-29 00:00,2024-05-06 00:00,1.62182,1.6283,0.006480000000000041,2024-05-13 00:00,H4,2024-05-06 21:00,2024-05-07 01:00,1.62182,1.62224,0.0004199999999998649,0.06481481481479355,1.62182,1.62384,False
EURAUD,short,2024-01-15 00:00,2024-01-22 00:00,1.65173,1.66759,0.015859999999999985,2024-01-29 00:00,H4,2024-01-18 02:00,2024-01-18 06:00,1.6621,1.6631,0.001000000000000112,0.06305170239597181,1.65716,1.66759,False
EURAUD,short,2024-01-15 00:00,2024-01-22 00:00,1.65173,1.66759,0.015859999999999985,2024-01-29 00:00,H4,2024-01-22 18:00,2024-01-22 22:00,1.6571,1.65716,5.999999999994898e-05,0.0037831021437546683,1.65716,1.66759,False
EURAUD,short,2024-01-29 00:00,2024-02-05 00:00,1.65648,1.66114,0.0046600000000001085,2024-02-12 00:00,H4,2024-02-08 18:00,2024-02-08 22:00,1.66092,1.66114,0.000220000000000109,0.04721030042920684,1.6606,1.66114,False
EURAUD,short,2024-02-26 00:00,2024-03-04 00:00,1.66101,1.67444,0.013429999999999831,2024-03-11 00:00,H4,2024-03-05 06:00,2024-03-05 10:00,1.673,1.67444,0.0014399999999998858,0.1072226358897918,1.66982,1.67444,False
EURAUD,short,2024-03-11 00:00,2024-03-18 00:00,1.65974,1.66803,0.008289999999999909,2024-03-25 00:00,H4,2024-03-20 01:00,2024-03-20 05:00,1.6653,1.66533,2.999999999997449e-05,0.0036188178528317036,1.66108,1.66803,False
EURAUD,short,2024-05-06 00:00,2024-05-13 00:00,1.63102,1.63834,0.007319999999999993,2024-05-20 00:00,H4,2024-05-08 09:00,2024-05-08 13:00,1.63809,1.63834,0.00024999999999986144,0.034153005464461976,1.637,1.63834,False
EURCAD,long,2024-01-01 00:00,2024-01-08 00:00,1.45496,1.46173,0.006769999999999943,2024-01-22 00:00,H4,2024-01-09 06:00,2024-01-09 10:00,1.46052,1.4607,0.000180000000000069,0.026587887740039957,1.45496,1.46052,False
EURCAD,long,2024-03-25 00:00,2024-04-01 00:00,1.45463,1.46172,0.007089999999999819,2024-04-15 00:00,H4,2024-04-02 05:00,2024-04-02 09:00,1.45463,1.45562,0.0009899999999998244,0.13963328631873761,1.45463,1.45851,False
EURCAD,short,2024-03-04 00:00,2024-03-11 00:00,1.4753,1.47802,0.0027199999999998337,2024-03-18 00:00,H4,2024-03-06 06:00,2024-03-06 10:00,1.47756,1.47802,0.00045999999999990493,0.16911764705879892,1.47664,1.47802,False
EURCAD,short,2024-04-01 00:00,2024-04-08 00:00,1.47286,1.47644,0.0035799999999999166,2024-04-15 00:00,H4,2024-04-09 09:00,2024-04-09 13:00,1.47642,1.47644,1.999999999990898e-05,0.005586592178745655,1.47428,1.47644,False
EURCAD,short,2024-04-29 00:00,2024-05-06 00:00,1.47292,1.47873,0.005810000000000093,2024-05-13 00:00,H4,2024-05-08 09:00,2024-05-08 13:00,1.47821,1.47873,0.000520000000000076,0.08950086058520958,1.4746,1.47873,False
EURCAD,short,2024-04-29 00:00,2024-05-06 00:00,1.47292,1.47873,0.005810000000000093,2024-05-13 00:00,H4,2024-05-10 05:00,2024-05-10 09:00,1.4755,1.4758,0.00029999999999996696,0.05163511187606922,1.4746,1.47873,False
EURCHF,short,2024-04-01 00:00,2024-04-08 00:00,0.97752,0.98486,0.007340000000000013,2024-04-22 00:00,H4,2024-04-04 05:00,2024-04-04 09:00,0.98482,0.98486,3.999999999992898e-05,0.005449591280644266,0.98358,0.98486,False
EURCHF,short,2024-04-01 00:00,2024-04-08 00:00,0.97752,0.98486,0.007340000000000013,2024-04-22 00:00,H4,2024-04-08 21:00,2024-04-09 01:00,0.98333,0.98358,0.00024999999999997247,0.03405994550408338,0.98358,0.98486,False
EURCHF,short,2024-04-22 00:00,2024-04-29 00:00,0.97796,0.98372,0.005759999999999987,2024-05-06 00:00,H4,2024-05-02 01:00,2024-05-02 05:00,0.98244,0.98262,0.000180000000000069,0.031250000000012046,0.97994,0.98372,False
EURGBP,long,2024-02-05 00:00,2024-02-12 00:00,0.84984,0.85396,0.0041200000000000125,2024-02-19 00:00,H4,2024-02-14 02:00,2024-02-14 06:00,0.84984,0.84997,0.00012999999999996348,0.03155339805824347,0.84984,0.85162,False
EURGBP,long,2024-03-25 00:00,2024-04-01 00:00,0.85302,0.85519,0.0021700000000000053,2024-04-08 00:00,H4,2024-03-29 05:00,2024-03-29 09:00,0.85302,0.85341,0.00039000000000000146,0.17972350230414771,0.85302,0.85386,False
EURGBP,long,2024-04-22 00:00,2024-04-29 00:00,0.85308,0.85588,0.0028000000000000247,2024-05-06 00:00,H4,2024-04-30 01:00,2024-04-30 05:00,0.85308,0.85334,0.000260000000000038,0.0928571428571556,0.85308,0.8558,False
EURGBP,long,2024-04-22 00:00,2024-04-29 00:00,0.85308,0.85588,0.0028000000000000247,2024-05-06 00:00,H4,2024-05-01 05:00,2024-05-01 09:00,0.85366,0.85368,2.0000000000020002e-05,0.007142857142864224,0.85308,0.8558,False
EURGBP,long,2024-04-22 00:00,2024-04-29 00:00,0.85308,0.85588,0.0028000000000000247,2024-05-06 00:00,H4,2024-05-02 05:00,2024-05-02 09:00,0.85469,0.85484,0.0001500000000000945,0.05357142857146185,0.85308,0.8558,False
EURGBP,short,2024-02-12 00:00,2024-02-19 00:00,0.85527,0.85782,0.0025500000000000522,2024-02-26 00:00,H4,2024-02-22 10:00,2024-02-22 14:00,0.85716,0.85719,2.999999999997449e-05,0.011764705882342697,0.85702,0.85782,False
EURGBP,short,2024-02-26 00:00,2024-03-04 00:00,0.8566,0.8576,0.0010000000000000009,2024-03-18 00:00,H4,2024-03-01 18:00,2024-03-03 22:00,0.85678,0.85684,6.0000000000060005e-05,0.06000000000005995,0.85684,0.8576,False
EURGBP,short,2024-03-18 00:00,2024-03-25 00:00,0.85775,0.86023,0.0024800000000000377,2024-04-01 00:00,H4,2024-03-26 09:00,2024-03-26 13:00,0.85866,0.85886,0.00019999999999997797,0.08064516129031248,0.85886,0.86023,False
EURGBP,short,2024-04-01 00:00,2024-04-08 00:00,0.85747,0.85864,0.0011700000000000044,2024-04-15 00:00,H4,2024-04-05 09:00,2024-04-05 13:00,0.85851,0.85864,0.00012999999999996348,0.11111111111107948,0.85847,0.85864,False
EURJPY,long,2024-03-25 00:00,2024-04-01 00:00,162.612,163.31,0.6980000000000075,2024-04-08 00:00,H4,2024-04-02 05:00,2024-04-02 09:00,162.62,162.734,0.11400000000000432,0.16332378223496144,162.612,162.936,False
EURJPY,short,2024-02-19 00:00,2024-02-26 00:00,162.904,163.72,0.8160000000000025,2024-03-04 00:00,H4,2024-02-26 10:00,2024-02-26 14:00,163.584,163.72,0.13599999999999568,0.16666666666666086,163.468,163.72,False
EURJPY,short,2024-02-19 00:00,2024-02-26 00:00,162.904,163.72,0.8160000000000025,2024-03-04 00:00,H4,2024-02-26 18:00,2024-02-26 22:00,163.555,163.564,0.00899999999998613,0.011029411764688852,163.468,163.72,False
EURJPY,short,2024-03-18 00:00,2024-03-25 00:00,163.661,165.355,1.6939999999999884,2024-04-01 00:00,H4,2024-03-21 09:00,2024-03-21 13:00,165.026,165.033,0.0069999999999765805,0.004132231404944881,164.42,165.355,False
EURJPY,short,2024-04-01 00:00,2024-04-08 00:00,164.32,165.176,0.8559999999999945,2024-04-15 00:00,H4,2024-04-10 05:00,2024-04-10 09:00,164.921,164.992,0.07099999999999795,0.082943925233643,164.918,165.176,False
EURNZD,long,2024-03-04 00:00,2024-03-11 00:00,1.76273,1.771,0.00827,2024-05-20 00:00,H4,2024-03-07 10:00,2024-03-07 14:00,1.76273,1.76334,0.0006099999999999994,0.07376058041112449,1.76273,1.76904,False
EURNZD,long,2024-04-08 00:00,2024-04-15 00:00,1.7845,1.7925,0.008000000000000007,2024-04-29 00:00,H4,2024-04-12 05:00,2024-04-12 09:00,1.78494,1.7852,0.00025999999999992696,0.03249999999999084,1.7845,1.78936,False
EURNZD,long,2024-04-08 00:00,2024-04-15 00:00,1.7845,1.7925,0.008000000000000007,2024-04-29 00:00,H4,2024-04-15 01:00,2024-04-15 05:00,1.78936,1.79064,0.0012799999999999478,0.15999999999999334,1.7845,1.78936,False
EURNZD,short,2024-01-22 00:00,2024-01-29 00:00,1.78212,1.79369,0.01157000000000008,2024-02-26 00:00,H4,2024-01-22 18:00,2024-01-22 22:00,1.79232,1.79369,0.0013700000000000934,0.11840968020744026,1.78212,1.79369,False
EURNZD,short,2024-01-22 00:00,2024-01-29 00:00,1.78212,1.79369,0.01157000000000008,2024-02-26 00:00,H4,2024-01-23 06:00,2024-01-23 10:00,1.78864,1.7893,0.0006599999999998829,0.05704407951597911,1.78212,1.79369,False
EURNZD,short,2024-01-22 00:00,2024-01-29 00:00,1.78212,1.79369,0.01157000000000008,2024-02-26 00:00,H4,2024-01-23 14:00,2024-01-23 18:00,1.78576,1.78676,0.0009999999999998899,0.08643042350906507,1.78212,1.79369,False
EURNZD,short,2024-01-22 00:00,2024-01-29 00:00,1.78212,1.79369,0.01157000000000008,2024-02-26 00:00,H4,2024-01-24 18:00,2024-01-24 22:00,1.78239,1.78258,0.0001900000000001345,0.0164217804667358,1.78212,1.79369,False
EURNZD,short,2024-01-22 00:00,2024-01-29 00:00,1.78212,1.79369,0.01157000000000008,2024-02-26 00:00,H4,2024-01-26 18:00,2024-01-28 22:00,1.78212,1.78238,0.000260000000000149,0.022471910112372272,1.78212,1.79369,False
EURNZD,short,2024-02-12 00:00,2024-02-19 00:00,1.75972,1.7701,0.010380000000000056,2024-02-26 00:00,H4,2024-02-13 14:00,2024-02-13 18:00,1.77001,1.7701,8.999999999992347e-05,0.008670520231206454,1.76006,1.7701,False
EURNZD,short,2024-02-12 00:00,2024-02-19 00:00,1.75972,1.7701,0.010380000000000056,2024-02-26 00:00,H4,2024-02-15 22:00,2024-02-16 02:00,1.7671,1.76744,0.00034000000000000696,0.0327552986512529,1.76006,1.7701,False
EURNZD,short,2024-02-12 00:00,2024-02-19 00:00,1.75972,1.7701,0.010380000000000056,2024-02-26 00:00,H4,2024-02-16 10:00,2024-02-16 14:00,1.76418,1.76515,0.0009699999999999154,0.09344894026974086,1.76006,1.7701,False
EURNZD,short,2024-02-12 00:00,2024-02-19 00:00,1.75972,1.7701,0.010380000000000056,2024-02-26 00:00,H4,2024-02-16 18:00,2024-02-18 22:00,1.75996,1.76006,9.999999999998899e-05,0.009633911368014302,1.76006,1.7701,False
EURUSD,long,2024-02-12 00:00,2024-02-19 00:00,1.0695,1.07768,0.008180000000000076,2024-03-25 00:00,H4,2024-02-14 06:00,2024-02-14 10:00,1.0695,1.06965,0.0001500000000000945,0.018337408312969816,1.0695,1.07616,False
EURUSD,long,2024-02-12 00:00,2024-02-19 00:00,1.0695,1.07768,0.008180000000000076,2024-03-25 00:00,H4,2024-02-16 10:00,2024-02-16 14:00,1.07321,1.0741,0.0008900000000000574,0.10880195599022606,1.0695,1.07616,False
EURUSD,long,2024-02-12 00:00,2024-02-19 00:00,1.0695,1.07768,0.008180000000000076,2024-03-25 00:00,H4,2024-02-19 22:00,2024-02-20 02:00,1.07616,1.0765,0.00034000000000000696,0.04156479217603958,1.0695,1.07616,False
EURUSD,long,2024-03-25 00:00,2024-04-01 00:00,1.07245,1.07932,0.006870000000000154,2024-04-08 00:00,H4,2024-04-02 05:00,2024-04-02 09:00,1.07245,1.07312,0.0006700000000001705,0.09752547307134724,1.07245,1.07682,False
EURUSD,long,2024-03-25 00:00,2024-04-01 00:00,1.07245,1.07932,0.006870000000000154,2024-04-08 00:00,H4,2024-04-03 05:00,2024-04-03 09:00,1.07641,1.07652,0.00010999999999983245,0.016011644832580784,1.07245,1.07682,False
EURUSD,short,2024-01-08 00:00,2024-01-15 00:00,1.09508,1.09996,0.0048799999999999955,2024-03-04 00:00,H4,2024-01-15 02:00,2024-01-15 06:00,1.09667,1.09676,8.999999999992347e-05,0.018442622950804007,1.09676,1.09996,False
EURUSD,short,2024-04-01 00:00,2024-04-08 00:00,1.08376,1.08851,0.004750000000000032,2024-05-13 00:00,H4,2024-04-09 09:00,2024-04-09 13:00,1.0884,1.08851,0.0001100000000000545,0.023157894736853424,1.08766,1.08851,False
EURUSD,short,2024-05-13 00:00,2024-05-20 00:00,1.08697,1.08951,0.0025399999999999867,2024-05-27 00:00,H4,2024-05-15 21:00,2024-05-16 01:00,1.08939,1.08951,0.00011999999999989797,0.04724409448814905,1.08846,1.08951,False
EURUSD,short,2024-05-13 00:00,2024-05-20 00:00,1.08697,1.08951,0.0025399999999999867,2024-05-27 00:00,H4,2024-05-20 01:00,2024-05-20 05:00,1.08824,1.08846,0.00021999999999988695,0.08661417322830241,1.08846,1.08951,False
GBPAUD,long,2024-03-18 00:00,2024-03-25 00:00,1.92538,1.93429,0.008909999999999973,2024-04-01 00:00,H4,2024-03-21 17:00,2024-03-21 21:00,1.92538,1.92561,0.00022999999999995246,0.025813692480353888,1.92538,1.92793,False
GBPAUD,long,2024-05-06 00:00,2024-05-13 00:00,1.89081,1.89669,0.005879999999999885,2024-05-20 00:00,H4,2024-05-15 21:00,2024-05-16 01:00,1.89096,1.8919,0.0009399999999999409,0.15986394557822436,1.89081,1.89096,False
GBPAUD,short,2024-01-29 00:00,2024-02-05 00:00,1.9398,1.94562,0.005819999999999936,2024-02-12 00:00,H4,2024-02-08 14:00,2024-02-08 18:00,1.94474,1.9455,0.0007600000000000939,0.13058419243988012,1.9455,1.94562,False
GBPAUD,short,2024-03-25 00:00,2024-04-01 00:00,1.93622,1.94491,0.008689999999999864,2024-04-15 00:00,H4,2024-03-29 01:00,2024-03-29 05:00,1.93994,1.94032,0.00038000000000004697,0.043728423475265,1.93838,1.94491,False
GBPCAD,long,2024-01-15 00:00,2024-01-22 00:00,1.70172,1.70595,0.004230000000000178,2024-01-29 00:00,H4,2024-01-16 10:00,2024-01-16 14:00,1.70172,1.70196,0.00024000000000001798,0.05673758865248413,1.70172,1.70426,False
GBPCAD,long,2024-01-15 00:00,2024-01-22 00:00,1.70172,1.70595,0.004230000000000178,2024-01-29 00:00,H4,2024-01-17 02:00,2024-01-17 06:00,1.70251,1.70284,0.00032999999999994145,0.078014184397146,1.70172,1.70426,False
GBPCAD,long,2024-01-15 00:00,2024-01-22 00:00,1.70172,1.70595,0.004230000000000178,2024-01-29 00:00,H4,2024-01-22 06:00,2024-01-22 10:00,1.70426,1.70464,0.0003799999999998249,0.08983451536638509,1.70172,1.70426,False
GBPCAD,long,2024-02-12 00:00,2024-02-19 00:00,1.69436,1.69912,0.0047599999999998754,2024-04-22 00:00,H4,2024-02-16 10:00,2024-02-16 14:00,1.69436,1.69454,0.00017999999999984695,0.037815126050389,1.69436,1.69736,False
GBPCAD,long,2024-04-15 00:00,2024-04-22 00:00,1.68874,1.70066,0.011920000000000153,,H4,2024-04-22 09:00,2024-04-22 13:00,1.68874,1.68947,0.0007300000000001194,0.06124161073826427,1.68874,1.69995,True
GBPCAD,long,2024-04-15 00:00,2024-04-22 00:00,1.68874,1.70066,0.011920000000000153,,H4,2024-04-24 05:00,2024-04-24 09:00,1.69954,1.69977,0.00022999999999995246,0.019295302013418583,1.68874,1.69995,True
GBPCAD,long,2024-05-06 00:00,2024-05-13 00:00,1.70802,1.71246,0.0044399999999999995,,H4,2024-05-10 09:00,2024-05-10 13:00,1.70802,1.70818,0.00015999999999993797,0.03603603603602207,1.70802,1.71116,True
GBPCAD,short,2024-01-08 00:00,2024-01-15 00:00,1.70982,1.71667,0.006850000000000023,2024-01-22 00:00,H4,2024-01-17 14:00,2024-01-17 18:00,1.71502,1.71556,0.0005399999999999849,0.07883211678831871,1.71032,1.71667,False
GBPCAD,short,2024-01-08 00:00,2024-01-15 00:00,1.70982,1.71667,0.006850000000000023,2024-01-22 00:00,H4,2024-01-19 02:00,2024-01-19 06:00,1.71412,1.71471,0.0005899999999998684,0.08613138686129437,1.71032,1.71667,False
GBPCAD,short,2024-01-22 00:00,2024-01-29 00:00,1.70856,1.72207,0.013509999999999911,2024-02-12 00:00,H4,2024-01-25 06:00,2024-01-25 10:00,1.72096,1.72207,0.0011099999999999444,0.08216136195410449,1.70998,1.72207,False
GBPCAD,short,2024-01-22 00:00,2024-01-29 00:00,1.70856,1.72207,0.013509999999999911,2024-02-12 00:00,H4,2024-01-26 10:00,2024-01-26 14:00,1.7137,1.7138,9.999999999998899e-05,0.00740192450036933,1.70998,1.72207,False
GBPCAD,short,2024-04-01 00:00,2024-04-08 00:00,1.71756,1.7241,0.00653999999999999,2024-04-15 00:00,H4,2024-04-12 01:00,2024-04-12 05:00,1.71916,1.71954,0.00038000000000004697,0.05810397553517546,1.71834,1.7241,False
GBPCAD,short,2024-04-29 00:00,2024-05-06 00:00,1.71704,1.72284,0.005800000000000027,2024-05-13 00:00,H4,2024-05-01 17:00,2024-05-01 21:00,1.72148,1.72194,0.000460000000000127,0.07931034482760772,1.72123,1.72284,False
GBPCAD,short,2024-04-29 00:00,2024-05-06 00:00,1.71704,1.72284,0.005800000000000027,2024-05-13 00:00,H4,2024-05-06 05:00,2024-05-06 09:00,1.72106,1.72123,0.00017000000000000348,0.029310344827586668,1.72123,1.72284,False
GBPCHF,long,2024-03-11 00:00,2024-03-18 00:00,1.11972,1.12534,0.005619999999999958,2024-04-15 00:00,H4,2024-03-12 09:00,2024-03-12 13:00,1.11972,1.12038,0.0006599999999998829,0.11743772241990887,1.11972,1.12394,False
GBPCHF,long,2024-03-11 00:00,2024-03-18 00:00,1.11972,1.12534,0.005619999999999958,2024-04-15 00:00,H4,2024-03-13 09:00,2024-03-13 13:00,1.12166,1.12251,0.0008499999999997954,0.1512455516013882,1.11972,1.12394,False
GBPCHF,short,2024-01-15 00:00,2024-01-22 00:00,1.1028,1.10609,0.003290000000000015,2024-02-05 00:00,H4,2024-01-24 06:00,2024-01-24 10:00,1.10486,1.10532,0.000460000000000127,0.13981762917936927,1.10385,1.10609,False
GBPCHF,short,2024-03-04 00:00,2024-03-11 00:00,1.12856,1.129,0.00043999999999999595,2024-03-18 00:00,H4,2024-03-08 18:00,2024-03-10 21:00,1.12862,1.12868,5.999999999994898e-05,0.13636363636352167,1.12868,1.129,False
GBPCHF,short,2024-04-01 00:00,2024-04-08 00:00,1.13998,1.1486,0.008620000000000072,2024-04-15 00:00,H4,2024-04-11 05:00,2024-04-11 09:00,1.14715,1.14842,0.0012700000000001044,0.1473317865429343,1.14842,1.1486,False
GBPCHF,short,2024-04-22 00:00,2024-04-29 00:00,1.14264,1.15124,0.008599999999999941,2024-05-13 00:00,H4,2024-05-01 05:00,2024-05-01 09:00,1.15118,1.15124,5.999999999994898e-05,0.006976744186040627,1.14368,1.15124,False
GBPCHF,short,2024-04-22 00:00,2024-04-29 00:00,1.14264,1.15124,0.008599999999999941,2024-05-13 00:00,H4,2024-05-02 01:00,2024-05-02 05:00,1.14879,1.14934,0.0005500000000000504,0.06395348837209933,1.14368,1.15124,False
GBPJPY,short,2024-02-19 00:00,2024-02-26 00:00,190.74,191.326,0.5859999999999843,2024-03-04 00:00,H4,2024-02-26 10:00,2024-02-26 14:00,191.315,191.326,0.01099999999999568,0.018771331058013607,191.148,191.326,False
GBPJPY,short,2024-02-19 00:00,2024-02-26 00:00,190.74,191.326,0.5859999999999843,2024-03-04 00:00,H4,2024-02-26 18:00,2024-02-26 22:00,191.201,191.206,0.0049999999999954525,0.008532423208183594,191.148,191.326,False
GBPJPY,short,2024-04-01 00:00,2024-04-08 00:00,191.631,192.978,1.3470000000000084,2024-04-15 00:00,H4,2024-04-10 05:00,2024-04-10 09:00,192.771,192.978,0.20700000000002206,0.1536748329621535,192.252,192.978,False
GBPJPY,short,2024-04-01 00:00,2024-04-08 00:00,191.631,192.978,1.3470000000000084,2024-04-15 00:00,H4,2024-04-11 17:00,2024-04-11 21:00,192.416,192.438,0.02199999999999136,0.016332590942829416,192.252,192.978,False
GBPNZD,long,2024-02-19 00:00,2024-02-26 00:00,2.03748,2.0447,0.007220000000000226,,H4,2024-02-23 02:00,2024-02-23 06:00,2.04058,2.04086,0.000280000000000058,0.038781163434909866,2.03748,2.0447,True
GBPNZD,long,2024-04-08 00:00,2024-04-15 00:00,2.08573,2.097,0.011270000000000113,2024-04-22 00:00,H4,2024-04-10 01:00,2024-04-10 05:00,2.08573,2.08618,0.0004500000000002835,0.03992901508431934,2.08573,2.0934,False
GBPNZD,long,2024-04-08 00:00,2024-04-15 00:00,2.08573,2.097,0.011270000000000113,2024-04-22 00:00,H4,2024-04-11 21:00,2024-04-12 01:00,2.0892,2.09054,0.0013399999999998968,0.11889973380655576,2.08573,2.0934,False
GBPNZD,long,2024-04-08 00:00,2024-04-15 00:00,2.08573,2.097,0.011270000000000113,2024-04-22 00:00,H4,2024-04-12 09:00,2024-04-12 13:00,2.091,2.09195,0.0009500000000000064,0.08429458740017719,2.08573,2.0934,False
GBPNZD,long,2024-04-08 00:00,2024-04-15 00:00,2.08573,2.097,0.011270000000000113,2024-04-22 00:00,H4,2024-04-15 01:00,2024-04-15 05:00,2.0934,2.09478,0.0013800000000001589,0.1224489795918496,2.08573,2.0934,False
GBPNZD,short,2024-01-22 00:00,2024-01-29 00:00,2.0852,2.09475,0.009549999999999947,2024-03-04 00:00,H4,2024-01-22 18:00,2024-01-22 22:00,2.09328,2.09475,0.0014699999999998603,0.15392670157066685,2.08589,2.09475,False
GBPNZD,short,2024-01-22 00:00,2024-01-29 00:00,2.0852,2.09475,0.009549999999999947,2024-03-04 00:00,H4,2024-01-23 06:00,2024-01-23 10:00,2.09078,2.09114,0.000360000000000138,0.037696335078548686,2.08589,2.09475,False
GBPNZD,short,2024-01-22 00:00,2024-01-29 00:00,2.0852,2.09475,0.009549999999999947,2024-03-04 00:00,H4,2024-01-26 10:00,2024-01-26 14:00,2.08696,2.08728,0.00031999999999987594,0.033507853403128555,2.08589,2.09475,False
GBPNZD,short,2024-01-22 00:00,2024-01-29 00:00,2.0852,2.09475,0.009549999999999947,2024-03-04 00:00,H4,2024-01-26 18:00,2024-01-28 22:00,2.08575,2.08589,0.000140000000000029,0.014659685863877461,2.08589,2.09475,False
GBPNZD,short,2024-02-12 00:00,2024-02-19 00:00,2.0574,2.08183,0.024430000000000174,2024-02-26 00:00,H4,2024-02-13 22:00,2024-02-14 02:00,2.0786,2.08118,0.0025800000000000267,0.10560785918952142,2.05945,2.08183,False
GBPNZD,short,2024-02-12 00:00,2024-02-19 00:00,2.0574,2.08183,0.024430000000000174,2024-02-26 00:00,H4,2024-02-14 10:00,2024-02-14 14:00,2.0676,2.06766,5.999999999994898e-05,0.002455996725335594,2.05945,2.08183,False
GBPNZD,short,2024-02-12 00:00,2024-02-19 00:00,2.0574,2.08183,0.024430000000000174,2024-02-26 00:00,H4,2024-02-16 10:00,2024-02-16 14:00,2.06186,2.06299,0.0011300000000002974,0.04625460499387185,2.05945,2.08183,False
GBPNZD,short,2024-03-25 00:00,2024-04-01 00:00,2.1104,2.11759,0.00719000000000003,2024-04-15 00:00,H4,2024-03-28 09:00,2024-03-28 13:00,2.11682,2.11759,0.0007699999999997154,0.10709318497909766,2.11446,2.11759,False
GBPNZD,short,2024-03-25 00:00,2024-04-01 00:00,2.1104,2.11759,0.00719000000000003,2024-04-15 00:00,H4,2024-03-29 05:00,2024-03-29 09:00,2.1145,2.11521,0.0007099999999997664,0.09874826147423692,2.11446,2.11759,False
GBPNZD,short,2024-03-25 00:00,2024-04-01 00:00,2.1104,2.11759,0.00719000000000003,2024-04-15 00:00,H4,2024-04-01 09:00,2024-04-01 13:00,2.11342,2.11446,0.0010399999999997078,0.14464534075100188,2.11446,2.11759,False
GBPUSD,long,2024-02-12 00:00,2024-02-19 00:00,1.25354,1.26006,0.006519999999999859,2024-02-26 00:00,H4,2024-02-14 06:00,2024-02-14 10:00,1.25354,1.2536,5.999999999994898e-05,0.009202453987722436,1.25354,1.25792,False
GBPUSD,long,2024-02-12 00:00,2024-02-19 00:00,1.25354,1.26006,0.006519999999999859,2024-02-26 00:00,H4,2024-02-15 06:00,2024-02-15 10:00,1.2542,1.25422,1.999999999990898e-05,0.003067484662562793,1.25354,1.25792,False
GBPUSD,long,2024-02-12 00:00,2024-02-19 00:00,1.25354,1.26006,0.006519999999999859,2024-02-26 00:00,H4,2024-02-16 10:00,2024-02-16 14:00,1.25508,1.25534,0.00025999999999992696,0.03987730061348659,1.25354,1.25792,False
GBPUSD,long,2024-02-12 00:00,2024-02-19 00:00,1.25354,1.26006,0.006519999999999859,2024-02-26 00:00,H4,2024-02-20 02:00,2024-02-20 06:00,1.25792,1.25806,0.000140000000000029,0.02147239263804172,1.25354,1.25792,False
GBPUSD,long,2024-02-26 00:00,2024-03-04 00:00,1.26001,1.26552,0.005509999999999904,2024-03-18 00:00,H4,2024-03-01 18:00,2024-03-03 22:00,1.26488,1.26518,0.00029999999999996696,0.05444646098003125,1.26001,1.26518,False
GBPUSD,short,2024-01-08 00:00,2024-01-15 00:00,1.27528,1.27858,0.0033000000000000806,2024-01-22 00:00,H4,2024-01-15 02:00,2024-01-15 06:00,1.27604,1.27652,0.00048000000000003595,0.1454545454545528,1.27652,1.27858,False
GBPUSD,short,2024-02-19 00:00,2024-02-26 00:00,1.26724,1.27096,0.0037200000000001676,2024-03-04 00:00,H4,2024-02-23 10:00,2024-02-23 14:00,1.27004,1.27014,9.999999999998899e-05,0.026881720430103354,1.26997,1.27096,False
GBPUSD,short,2024-02-19 00:00,2024-02-26 00:00,1.26724,1.27096,0.0037200000000001676,2024-03-04 00:00,H4,2024-02-26 10:00,2024-02-26 14:00,1.26986,1.26997,0.0001100000000000545,0.029569892473131597,1.26997,1.27096,False
GBPUSD,short,2024-04-29 00:00,2024-05-06 00:00,1.25472,1.26348,0.008759999999999879,2024-05-13 00:00,H4,2024-05-06 09:00,2024-05-06 13:00,1.2592,1.25944,0.00023999999999979593,0.027397260273949686,1.25944,1.26348,False
NZDCAD,long,2024-01-01 00:00,2024-01-08 00:00,0.8281,0.83424,0.006140000000000034,2024-01-15 00:00,H4,2024-01-11 10:00,2024-01-11 14:00,0.83155,0.83166,0.00010999999999994348,0.017915309446244764,0.8281,0.83155,False
NZDCAD,long,2024-02-12 00:00,2024-02-19 00:00,0.81868,0.82584,0.007160000000000055,2024-02-26 00:00,H4,2024-02-13 10:00,2024-02-13 14:00,0.81868,0.81926,0.0005800000000000249,0.08100558659218163,0.81868,0.82555,False
NZDCAD,long,2024-02-12 00:00,2024-02-19 00:00,0.81868,0.82584,0.007160000000000055,2024-02-26 00:00,H4,2024-02-16 02:00,2024-02-16 06:00,0.82122,0.8215,0.000280000000000058,0.03910614525140445,0.81868,0.82555,False
NZDCAD,long,2024-02-12 00:00,2024-02-19 00:00,0.81868,0.82584,0.007160000000000055,2024-02-26 00:00,H4,2024-02-16 10:00,2024-02-16 14:00,0.82174,0.82244,0.0006999999999999229,0.0977653631284801,0.81868,0.82555,False
NZDCAD,long,2024-03-25 00:00,2024-04-01 00:00,0.80665,0.81015,0.0035000000000000586,2024-04-15 00:00,H4,2024-04-01 13:00,2024-04-01 17:00,0.80665,0.80684,0.00019000000000002348,0.054285714285720085,0.80665,0.80823,False
NZDCAD,long,2024-03-25 00:00,2024-04-01 00:00,0.80665,0.81015,0.0035000000000000586,2024-04-15 00:00,H4,2024-04-02 01:00,2024-04-02 05:00,0.80709,0.80712,2.999999999997449e-05,0.00857142857142114,0.80665,0.80823,False
NZDCAD,short,2024-03-04 00:00,2024-03-11 00:00,0.83296,0.83472,0.0017599999999999838,2024-05-13 00:00,H4,2024-03-08 10:00,2024-03-08 14:00,0.83462,0.83472,9.999999999998899e-05,0.056818181818176085,0.83352,0.83472,False
NZDCAD,short,2024-03-04 00:00,2024-03-11 00:00,0.83296,0.83472,0.0017599999999999838,2024-05-13 00:00,H4,2024-03-11 09:00,2024-03-11 13:00,0.83328,0.83352,0.00024000000000001798,0.13636363636364784,0.83352,0.83472,False
NZDCAD,short,2024-04-08 00:00,2024-04-15 00:00,0.81787,0.82492,0.007050000000000001,2024-04-29 00:00,H4,2024-04-15 01:00,2024-04-15 05:00,0.81831,0.81898,0.0006700000000000594,0.09503546099291622,0.81898,0.82492,False
NZDCHF,long,2024-01-01 00:00,2024-01-08 00:00,0.52812,0.53107,0.002950000000000008,2024-01-15 00:00,H4,2024-01-08 10:00,2024-01-08 14:00,0.52812,0.5283,0.00017999999999995797,0.061016949152527956,0.52812,0.52893,False
NZDCHF,long,2024-02-26 00:00,2024-03-04 00:00,0.53456,0.5393,0.0047399999999999665,2024-03-11 00:00,H4,2024-02-29 06:00,2024-02-29 10:00,0.53456,0.53458,2.0000000000020002e-05,0.004219409282704672,0.53456,0.53698,False
NZDCHF,long,2024-02-26 00:00,2024-03-04 00:00,0.53456,0.5393,0.0047399999999999665,2024-03-11 00:00,H4,2024-03-05 18:00,2024-03-05 22:00,0.53698,0.53725,0.00026999999999999247,0.05696202531645451,0.53456,0.53698,False
NZDCHF,long,2024-03-11 00:00,2024-03-18 00:00,0.53565,0.53776,0.0021100000000000563,2024-03-25 00:00,H4,2024-03-20 09:00,2024-03-20 13:00,0.53692,0.537,8.000000000008001e-05,0.037914691943164866,0.53565,0.53756,False
NZDCHF,long,2024-03-11 00:00,2024-03-18 00:00,0.53565,0.53776,0.0021100000000000563,2024-03-25 00:00,H4,2024-03-22 17:00,2024-03-24 21:00,0.53724,0.53726,1.999999999990898e-05,0.0094786729857386,0.53565,0.53756,False
NZDCHF,short,2024-03-04 00:00,2024-03-11 00:00,0.54226,0.54308,0.0008200000000000429,2024-03-18 00:00,H4,2024-03-08 10:00,2024-03-08 14:00,0.54299,0.54308,9.00000000000345e-05,0.10975609756101193,0.54287,0.54308,False
NZDCHF,short,2024-04-08 00:00,2024-04-15 00:00,0.54301,0.54959,0.00658000000000003,2024-04-22 00:00,H4,2024-04-11 05:00,2024-04-11 09:00,0.54722,0.54756,0.00034000000000000696,0.05167173252279717,0.54412,0.54959,False
NZDCHF,short,2024-04-08 00:00,2024-04-15 00:00,0.54301,0.54959,0.00658000000000003,2024-04-22 00:00,H4,2024-04-12 01:00,2024-04-12 05:00,0.54634,0.54673,0.00039000000000000146,0.059270516717325174,0.54412,0.54959,False
NZDCHF,short,2024-04-08 00:00,2024-04-15 00:00,0.54301,0.54959,0.00658000000000003,2024-04-22 00:00,H4,2024-04-15 01:00,2024-04-15 05:00,0.54382,0.54412,0.000300000000000078,0.045592705167184895,0.54412,0.54959,False
NZDCHF,short,2024-05-20 00:00,2024-05-27 00:00,0.5598,0.56254,0.0027400000000000757,,H4,2024-05-27 21:00,2024-05-28 01:00,0.56242,0.56254,0.00012000000000000899,0.043795620437958274,0.56036,0.56254,True
NZDCHF,short,2024-05-20 00:00,2024-05-27 00:00,0.5598,0.56254,0.0027400000000000757,,H4,2024-05-28 05:00,2024-05-28 09:00,0.56204,0.56212,7.999999999996898e-05,0.029197080291958676,0.56036,0.56254,True
NZDCHF,short,2024-05-20 00:00,2024-05-27 00:00,0.5598,0.56254,0.0027400000000000757,,H4,2024-05-29 05:00,2024-05-29 09:00,0.56037,0.56062,0.00024999999999997247,0.09124087591239619,0.56036,0.56254,True
NZDJPY,long,2024-01-29 00:00,2024-02-05 00:00,89.262,89.974,0.7120000000000033,2024-04-15 00:00,H4,2024-02-01 10:00,2024-02-01 14:00,89.262,89.264,0.001999999999995339,0.0028089887640383843,89.262,89.768,False
NZDJPY,long,2024-03-11 00:00,2024-03-18 00:00,90.364,90.681,0.31699999999999307,2024-03-25 00:00,H4,2024-03-18 21:00,2024-03-19 01:00,90.51,90.57,0.05999999999998806,0.1892744479494933,90.364,90.51,False
NZDJPY,long,2024-03-25 00:00,2024-04-01 00:00,90.11,90.495,0.3850000000000051,2024-04-15 00:00,H4,2024-04-01 13:00,2024-04-01 17:00,90.11,90.128,0.018000000000000682,0.04675324675324791,90.11,90.17,False
NZDJPY,short,2024-02-19 00:00,2024-02-26 00:00,93.284,93.454,0.1699999999999875,2024-04-22 00:00,H4,2024-02-23 18:00,2024-02-25 22:00,93.284,93.312,0.027999999999991587,0.16470588235290382,93.284,93.454,False
NZDJPY,short,2024-03-18 00:00,2024-03-25 00:00,90.751,92.204,1.4529999999999887,2024-04-01 00:00,H4,2024-03-21 05:00,2024-03-21 09:00,92.024,92.204,0.1799999999999926,0.12388162422573572,91.252,92.204,False
NZDJPY,short,2024-03-18 00:00,2024-03-25 00:00,90.751,92.204,1.4529999999999887,2024-04-01 00:00,H4,2024-03-21 21:00,2024-03-22 01:00,91.708,91.768,0.060000000000002274,0.04129387474191517,91.252,92.204,False
NZDJPY,short,2024-03-18 00:00,2024-03-25 00:00,90.751,92.204,1.4529999999999887,2024-04-01 00:00,H4,2024-03-26 09:00,2024-03-26 13:00,91.16,91.252,0.09199999999999875,0.06331727460426666,91.252,92.204,False
NZDJPY,short,2024-04-01 00:00,2024-04-08 00:00,91.18,92.391,1.2109999999999985,2024-04-15 00:00,H4,2024-04-10 05:00,2024-04-10 09:00,92.252,92.391,0.13900000000001,0.11478117258464919,91.706,92.391,False
NZDJPY,short,2024-04-01 00:00,2024-04-08 00:00,91.18,92.391,1.2109999999999985,2024-04-15 00:00,H4,2024-04-12 01:00,2024-04-12 05:00,91.877,92.012,0.13500000000000512,0.11147811725846844,91.706,92.391,False
NZDUSD,long,2024-01-29 00:00,2024-02-05 00:00,0.60384,0.60644,0.0025999999999999357,2024-02-12 00:00,H4,2024-02-06 10:00,2024-02-06 14:00,0.60467,0.60515,0.00047999999999992493,0.1846153846153603,0.60384,0.60589,False
NZDUSD,long,2024-02-12 00:00,2024-02-19 00:00,0.60498,0.61248,0.007500000000000062,2024-02-26 00:00,H4,2024-02-14 10:00,2024-02-14 14:00,0.60728,0.6073,1.999999999990898e-05,0.0026666666666545083,0.60498,0.61226,False
NZDUSD,long,2024-02-12 00:00,2024-02-19 00:00,0.60498,0.61248,0.007500000000000062,2024-02-26 00:00,H4,2024-02-16 10:00,2024-02-16 14:00,0.60861,0.60897,0.00036000000000002697,0.0480000000000032,0.60498,0.61226,False
NZDUSD,long,2024-02-12 00:00,2024-02-19 00:00,0.60498,0.61248,0.007500000000000062,2024-02-26 00:00,H4,2024-02-16 18:00,2024-02-18 22:00,0.61226,0.61234,7.999999999996898e-05,0.010666666666662442,0.60498,0.61226,False
NZDUSD,long,2024-03-25 00:00,2024-04-01 00:00,0.59396,0.59798,0.0040199999999999125,2024-04-08 00:00,H4,2024-04-01 13:00,2024-04-01 17:00,0.59396,0.59428,0.00031999999999998696,0.07960199004974973,0.59396,0.59566,False
NZDUSD,long,2024-03-25 00:00,2024-04-01 00:00,0.59396,0.59798,0.0040199999999999125,2024-04-08 00:00,H4,2024-04-02 01:00,2024-04-02 05:00,0.59434,0.5944,6.0000000000060005e-05,0.01492537313434361,0.59396,0.59566,False
NZDUSD,long,2024-04-15 00:00,2024-04-22 00:00,0.58524,0.58882,0.0035800000000000276,2024-04-29 00:00,H4,2024-04-19 17:00,2024-04-21 21:00,0.5884,0.58865,0.00024999999999997247,0.06983240223462864,0.58524,0.58865,False
NZDUSD,short,2024-02-19 00:00,2024-02-26 00:00,0.61973,0.62181,0.0020799999999999708,2024-03-04 00:00,H4,2024-02-23 18:00,2024-02-25 22:00,0.6199,0.61994,4.0000000000040004e-05,0.019230769230788734,0.6199,0.62181,False
NZDUSD,short,2024-04-01 00:00,2024-04-08 00:00,0.60134,0.6083,0.006959999999999966,2024-04-29 00:00,H4,2024-04-10 05:00,2024-04-10 09:00,0.60778,0.6083,0.0005199999999999649,0.07471264367815625,0.60467,0.6083,False
USDCAD,long,2024-02-05 00:00,2024-02-12 00:00,1.3413,1.3459,0.0046000000000001595,2024-02-19 00:00,H4,2024-02-12 14:00,2024-02-12 18:00,1.34302,1.3434,0.0003799999999998249,0.08260869565213298,1.3413,1.34302,False
USDCAD,long,2024-03-04 00:00,2024-03-11 00:00,1.342,1.34865,0.006649999999999823,2024-03-18 00:00,H4,2024-03-08 06:00,2024-03-08 10:00,1.342,1.34322,0.0012199999999999989,0.18345864661654607,1.342,1.34592,False
USDCAD,short,2024-01-29 00:00,2024-02-05 00:00,1.3467,1.3544,0.00770000000000004,2024-02-12 00:00,H4,2024-02-05 18:00,2024-02-05 22:00,1.35436,1.3544,4.0000000000040004e-05,0.005194805194810363,1.34758,1.3544,False
USDCAD,short,2024-01-29 00:00,2024-02-05 00:00,1.3467,1.3544,0.00770000000000004,2024-02-12 00:00,H4,2024-02-06 10:00,2024-02-06 14:00,1.35398,1.35429,0.00031000000000003247,0.04025974025974427,1.34758,1.3544,False
USDCAD,short,2024-01-29 00:00,2024-02-05 00:00,1.3467,1.3544,0.00770000000000004,2024-02-12 00:00,H4,2024-02-08 10:00,2024-02-08 14:00,1.34878,1.34932,0.0005399999999999849,0.07012987012986781,1.34758,1.3544,False
USDCAD,short,2024-04-08 00:00,2024-04-15 00:00,1.37733,1.38462,0.007290000000000019,2024-04-29 00:00,H4,2024-04-17 09:00,2024-04-17 13:00,1.38158,1.38188,0.00029999999999996696,0.04115226337448096,1.37873,1.38462,False
USDCAD,short,2024-04-29 00:00,2024-05-06 00:00,1.36854,1.3785,0.009959999999999969,2024-05-13 00:00,H4,2024-04-30 21:00,2024-05-01 01:00,1.37828,1.37832,4.0000000000040004e-05,0.004016064257032142,1.37628,1.3785,False
USDCAD,short,2024-04-29 00:00,2024-05-06 00:00,1.36854,1.3785,0.009959999999999969,2024-05-13 00:00,H4,2024-05-01 13:00,2024-05-01 17:00,1.3774,1.37744,4.0000000000040004e-05,0.004016064257032142,1.37628,1.3785,False
USDCAD,short,2024-04-29 00:00,2024-05-06 00:00,1.36854,1.3785,0.009959999999999969,2024-05-13 00:00,H4,2024-05-08 05:00,2024-05-08 09:00,1.37608,1.37628,0.00019999999999997797,0.020080321285138415,1.37628,1.3785,False
USDCHF,long,2024-04-15 00:00,2024-04-22 00:00,0.90112,0.9104,0.009279999999999955,2024-04-29 00:00,H4,2024-04-19 09:00,2024-04-19 13:00,0.90716,0.90744,0.000280000000000058,0.030172413793109844,0.90112,0.9087,False
USDCHF,long,2024-04-29 00:00,2024-05-06 00:00,0.90064,0.90508,0.0044399999999999995,2024-05-13 00:00,H4,2024-05-06 09:00,2024-05-06 13:00,0.9036,0.90376,0.000160000000000049,0.036036036036047076,0.90064,0.9036,False
USDCHF,short,2024-02-26 00:00,2024-03-04 00:00,0.88332,0.8893,0.005979999999999985,2024-03-11 00:00,H4,2024-03-05 06:00,2024-03-05 10:00,0.88656,0.88664,7.999999999996898e-05,0.013377926421399528,0.88664,0.8893,False
USDCHF,short,2024-04-08 00:00,2024-04-15 00:00,0.91433,0.91522,0.0008900000000000574,2024-04-22 00:00,H4,2024-04-15 09:00,2024-04-15 13:00,0.91516,0.91522,6.0000000000060005e-05,0.06741573033714172,0.91476,0.91522,False
USDCHF,short,2024-04-22 00:00,2024-04-29 00:00,0.91466,0.92244,0.007780000000000009,2024-05-20 00:00,H4,2024-05-01 01:00,2024-05-01 05:00,0.92161,0.92244,0.0008299999999999974,0.1066838046272489,0.91569,0.92244,False
USDCHF,short,2024-04-22 00:00,2024-04-29 00:00,0.91466,0.92244,0.007780000000000009,2024-05-20 00:00,H4,2024-05-01 13:00,2024-05-01 17:00,0.92024,0.92096,0.0007200000000000539,0.09254498714653639,0.91569,0.92244,False
USDCHF,short,2024-04-22 00:00,2024-04-29 00:00,0.91466,0.92244,0.007780000000000009,2024-05-20 00:00,H4,2024-05-01 21:00,2024-05-02 01:00,0.91716,0.91738,0.00021999999999999797,0.028277634961439296,0.91569,0.92244,False
USDJPY,long,2024-01-22 00:00,2024-01-29 00:00,145.898,148.168,2.2700000000000102,2024-02-05 00:00,H4,2024-02-01 14:00,2024-02-01 18:00,145.898,146.194,0.29599999999999227,0.13039647577092112,145.898,146.65,False
USDJPY,long,2024-01-22 00:00,2024-01-29 00:00,145.898,148.168,2.2700000000000102,2024-02-05 00:00,H4,2024-02-01 22:00,2024-02-02 02:00,146.243,146.306,0.0630000000000166,0.027753303964764896,145.898,146.65,False
USDJPY,short,2024-01-15 00:00,2024-01-22 00:00,148.176,148.808,0.632000000000005,2024-01-29 00:00,H4,2024-01-23 14:00,2024-01-23 18:00,148.624,148.698,0.07400000000001228,0.11708860759495521,148.698,148.808,False
USDJPY,short,2024-05-06 00:00,2024-05-13 00:00,155.772,156.784,1.0120000000000005,2024-05-20 00:00,H4,2024-05-14 09:00,2024-05-14 13:00,156.658,156.784,0.12600000000000477,0.1245059288537596,155.953,156.784,False
