wick_variant,pair,pivot_type,timeframe,ltf,htf_first_candle_time,htf_second_candle_time,htf_gap_low,htf_gap_high,htf_gap_width,htf_wick_diff_low,htf_wick_diff_high,wd_first_candle_time,wd_second_candle_time,wd_zone_low,wd_zone_high,wd_zone_width,wd_zone_pct_of_htf_gap,htf_first_touch_time,pending_until_htf_touch
OUTER_WICK,AUDCAD,long,W,H4,2024-03-25 00:00,2024-04-01 00:00,0.88012,0.8827,0.0025800000000000267,0.88012,0.88134,2024-04-02 09:00,2024-04-02 13:00,0.8817,0.88174,3.999999999992898e-05,0.015503875968964562,2024-04-15 00:00,False
OUTER_WICK,AUDCAD,short,W,H4,2024-02-19 00:00,2024-02-26 00:00,0.88671,0.889,0.0022900000000000142,0.88699,0.889,2024-02-23 18:00,2024-02-25 22:00,0.88678,0.88699,0.00020999999999993246,0.09170305676852888,2024-03-04 00:00,False
OUTER_WICK,AUDCAD,short,W,H4,2024-04-01 00:00,2024-04-08 00:00,0.89418,0.90074,0.00656000000000001,0.89524,0.90074,2024-04-12 05:00,2024-04-12 09:00,0.89491,0.89512,0.00021000000000004349,0.0320121951219578,2024-04-22 00:00,False
OUTER_WICK,AUDCAD,short,W,H4,2024-04-29 00:00,2024-05-06 00:00,0.90452,0.90767,0.003149999999999986,0.90598,0.90767,2024-05-07 17:00,2024-05-07 21:00,0.90582,0.90592,9.999999999998899e-05,0.03174603174602839,2024-05-13 00:00,False
OUTER_WICK,AUDCAD,short,W,H4,2024-04-29 00:00,2024-05-06 00:00,0.90452,0.90767,0.003149999999999986,0.90598,0.90767,2024-05-09 17:00,2024-05-09 21:00,0.90544,0.90573,0.00029000000000001247,0.09206349206349643,2024-05-13 00:00,False
OUTER_WICK,AUDCHF,long,W,H4,2024-02-26 00:00,2024-03-04 00:00,0.57041,0.57642,0.006010000000000071,0.57041,0.57374,2024-03-05 18:00,2024-03-05 22:00,0.57426,0.57428,2.0000000000020002e-05,0.0033277870216339043,2024-04-15 00:00,False
OUTER_WICK,AUDCHF,short,W,H4,2024-01-15 00:00,2024-01-22 00:00,0.57272,0.57396,0.0012400000000000189,0.57368,0.57396,2024-01-23 10:00,2024-01-23 14:00,0.5733,0.57348,0.00017999999999995797,0.14516129032254455,2024-02-12 00:00,False
OUTER_WICK,AUDCHF,short,W,H4,2024-02-19 00:00,2024-02-26 00:00,0.57833,0.57932,0.0009899999999999354,0.57874,0.57932,2024-02-23 18:00,2024-02-25 22:00,0.57858,0.57874,0.000160000000000049,0.16161616161622167,2024-03-04 00:00,False
OUTER_WICK,AUDCHF,short,W,H4,2024-03-04 00:00,2024-03-11 00:00,0.58146,0.58294,0.0014800000000000368,0.58265,0.58294,2024-03-14 17:00,2024-03-14 21:00,0.58181,0.58204,0.00022999999999995246,0.15540540540536943,2024-03-18 00:00,False
OUTER_WICK,AUDCHF,short,W,H4,2024-04-01 00:00,2024-04-08 00:00,0.59356,0.59957,0.006010000000000071,0.59923,0.59957,2024-04-10 05:00,2024-04-10 09:00,0.59889,0.59898,8.999999999992347e-05,0.014975041597324861,2024-04-22 00:00,False
OUTER_WICK,AUDCHF,short,W,H4,2024-04-01 00:00,2024-04-08 00:00,0.59356,0.59957,0.006010000000000071,0.59923,0.59957,2024-04-11 05:00,2024-04-11 09:00,0.59612,0.59656,0.00043999999999999595,0.07321131447587201,2024-04-22 00:00,False
OUTER_WICK,AUDJPY,long,W,H4,2024-01-08 00:00,2024-01-15 00:00,96.146,96.882,0.7360000000000042,96.146,96.588,2024-01-16 02:00,2024-01-16 06:00,96.588,96.635,0.047000000000011255,0.06385869565218884,2024-01-29 00:00,False
OUTER_WICK,AUDJPY,short,W,H4,2024-02-19 00:00,2024-02-26 00:00,98.804,99.057,0.2530000000000001,98.834,99.057,2024-02-23 18:00,2024-02-25 22:00,98.829,98.834,0.005000000000009663,0.019762845849840557,2024-03-18 00:00,False
OUTER_WICK,AUDJPY,short,W,H4,2024-04-01 00:00,2024-04-08 00:00,99.764,100.811,1.0470000000000113,100.4,100.811,2024-04-11 17:00,2024-04-11 21:00,100.242,100.243,0.000999999999990564,0.000955109837622305,2024-04-15 00:00,False
OUTER_WICK,AUDNZD,long,W,H4,2024-02-05 00:00,2024-02-12 00:00,1.05865,1.06073,0.0020799999999998597,1.05865,1.05994,2024-02-09 18:00,2024-02-11 22:00,1.05994,1.06033,0.00038999999999989043,0.18749999999995998,2024-02-19 00:00,False
OUTER_WICK,AUDNZD,long,W,H4,2024-02-19 00:00,2024-02-26 00:00,1.05699,1.05923,0.0022399999999997977,1.05699,1.05844,2024-02-26 14:00,2024-02-26 18:00,1.05844,1.05866,0.00021999999999988695,0.09821428571424412,,True
OUTER_WICK,AUDNZD,short,W,H4,2024-01-22 00:00,2024-01-29 00:00,1.0796,1.08332,0.0037200000000001676,1.08118,1.08332,2024-01-29 02:00,2024-01-29 06:00,1.08093,1.08118,0.0002500000000000835,0.06720430107528823,2024-03-18 00:00,False
OUTER_WICK,AUDNZD,short,W,H4,2024-04-01 00:00,2024-04-08 00:00,1.09418,1.09557,0.0013900000000000023,1.09516,1.09557,2024-04-08 17:00,2024-04-08 21:00,1.095,1.09512,0.00012000000000012001,0.08633093525188476,2024-04-22 00:00,False
OUTER_WICK,AUDUSD,long,W,H4,2024-02-26 00:00,2024-03-04 00:00,0.64775,0.65247,0.0047199999999999465,0.64775,0.6487,2024-03-05 22:00,2024-03-06 02:00,0.64927,0.64968,0.00041000000000002146,0.08686440677966654,2024-03-18 00:00,False
OUTER_WICK,AUDUSD,long,W,H4,2024-03-18 00:00,2024-03-25 00:00,0.64854,0.65146,0.0029200000000000337,0.64854,0.6504,2024-03-29 01:00,2024-03-29 05:00,0.65054,0.65096,0.00041999999999997595,0.14383561643834628,2024-04-01 00:00,False
OUTER_WICK,AUDUSD,short,W,H4,2024-03-04 00:00,2024-03-11 00:00,0.66251,0.66677,0.0042599999999999305,0.6639,0.66677,2024-03-13 21:00,2024-03-14 01:00,0.66308,0.66318,9.999999999998899e-05,0.023474178403753668,2024-03-18 00:00,False
OUTER_WICK,AUDUSD,short,W,H4,2024-04-29 00:00,2024-05-06 00:00,0.66097,0.66494,0.003970000000000029,0.66439,0.66494,2024-05-06 21:00,2024-05-07 01:00,0.66432,0.66439,7.00000000000145e-05,0.017632241813605537,2024-05-13 00:00,False
OUTER_WICK,CADCHF,long,W,H4,2024-04-29 00:00,2024-05-06 00:00,0.66009,0.66142,0.0013300000000000534,0.66009,0.66084,2024-05-08 21:00,2024-05-09 01:00,0.66122,0.6613,7.999999999996898e-05,0.06015037593982389,2024-05-13 00:00,False
OUTER_WICK,CADCHF,short,W,H4,2024-01-01 00:00,2024-01-08 00:00,0.63648,0.64118,0.0046999999999999265,0.63937,0.64118,2024-01-12 06:00,2024-01-12 10:00,0.6393,0.63937,7.00000000000145e-05,0.014893617021279913,2024-01-15 00:00,False
OUTER_WICK,CADCHF,short,W,H4,2024-02-12 00:00,2024-02-19 00:00,0.65332,0.65594,0.0026199999999999557,0.65458,0.65594,2024-02-23 10:00,2024-02-23 14:00,0.65352,0.65358,6.0000000000060005e-05,0.022900763358801916,2024-02-26 00:00,False
OUTER_WICK,CADCHF,short,W,H4,2024-04-08 00:00,2024-04-15 00:00,0.66396,0.6685,0.0045399999999999885,0.66569,0.6685,2024-04-15 09:00,2024-04-15 13:00,0.66536,0.66569,0.0003300000000000525,0.07268722466961526,2024-04-22 00:00,False
OUTER_WICK,CADJPY,short,W,H4,2024-01-01 00:00,2024-01-08 00:00,108.254,109.238,0.9839999999999947,109.034,109.238,2024-01-12 06:00,2024-01-12 10:00,108.67,108.793,0.12300000000000466,0.1250000000000054,2024-01-15 00:00,False
OUTER_WICK,CADJPY,short,W,H4,2024-02-19 00:00,2024-02-26 00:00,111.432,111.804,0.3719999999999999,111.626,111.804,2024-02-26 18:00,2024-02-26 22:00,111.596,111.626,0.030000000000001137,0.08064516129032566,2024-03-18 00:00,False
OUTER_WICK,CADJPY,short,W,H4,2024-02-19 00:00,2024-02-26 00:00,111.432,111.804,0.3719999999999999,111.626,111.804,2024-02-27 02:00,2024-02-27 06:00,111.486,111.506,0.01999999999999602,0.053763440860204376,2024-03-18 00:00,False
OUTER_WICK,CHFJPY,long,W,H4,2024-02-12 00:00,2024-02-19 00:00,169.424,170.506,1.0819999999999936,169.424,170.006,2024-02-20 18:00,2024-02-20 22:00,170.006,170.064,0.057999999999992724,0.05360443622919877,2024-02-26 00:00,False
OUTER_WICK,CHFJPY,long,W,H4,2024-03-25 00:00,2024-04-01 00:00,166.574,167.883,1.3089999999999975,166.574,166.77,2024-04-03 09:00,2024-04-03 13:00,166.896,167.038,0.14200000000002433,0.10847975553859786,2024-04-08 00:00,False
OUTER_WICK,CHFJPY,short,W,H4,2024-01-01 00:00,2024-01-08 00:00,170.09,171.494,1.4039999999999964,170.813,171.494,2024-01-12 02:00,2024-01-12 06:00,170.47,170.554,0.08400000000000318,0.05982905982906225,2024-01-15 00:00,False
OUTER_WICK,CHFJPY,short,W,H4,2024-02-19 00:00,2024-02-26 00:00,170.844,171.7,0.8559999999999945,171.516,171.7,2024-02-28 18:00,2024-02-28 22:00,171.49,171.516,0.025999999999982037,0.030373831775680146,2024-04-22 00:00,False
OUTER_WICK,CHFJPY,short,W,H4,2024-04-01 00:00,2024-04-08 00:00,168.089,168.485,0.396000000000015,168.485,168.485,2024-04-11 17:00,2024-04-11 21:00,168.466,168.485,0.019000000000005457,0.04797979797980994,2024-04-15 00:00,False
OUTER_WICK,EURAUD,long,W,H4,2024-01-22 00:00,2024-01-29 00:00,1.63506,1.65067,0.015610000000000124,1.63506,1.64296,2024-01-31 22:00,2024-02-01 02:00,1.64378,1.64438,0.0005999999999999339,0.03843689942344197,2024-02-05 00:00,False
OUTER_WICK,EURAUD,long,W,H4,2024-01-22 00:00,2024-01-29 00:00,1.63506,1.65067,0.015610000000000124,1.63506,1.64296,2024-02-02 06:00,2024-02-02 10:00,1.64644,1.64832,0.0018800000000001038,0.12043561819347143,2024-02-05 00:00,False
OUTER_WICK,EURAUD,long,W,H4,2024-02-19 00:00,2024-02-26 00:00,1.6452,1.64855,0.003349999999999964,1.6452,1.64768,2024-02-23 18:00,2024-02-25 22:00,1.64768,1.64826,0.0005800000000000249,0.17313432835821826,2024-03-04 00:00,False
OUTER_WICK,EURAUD,long,W,H4,2024-04-08 00:00,2024-04-15 00:00,1.63705,1.64654,0.009489999999999998,1.63705,1.64144,2024-04-15 01:00,2024-04-15 05:00,1.64144,1.64182,0.00038000000000004697,0.040042149631195685,2024-04-22 00:00,False
OUTER_WICK,EURAUD,long,W,H4,2024-04-08 00:00,2024-04-15 00:00,1.63705,1.64654,0.009489999999999998,1.63705,1.64144,2024-04-15 09:00,2024-04-15 13:00,1.64272,1.64276,4.0000000000040004e-05,0.004214963119076924,2024-04-22 00:00,False
OUTER_WICK,EURAUD,long,W,H4,2024-04-29 00:00,2024-05-06 00:00,1.62182,1.6283,0.006480000000000041,1.62182,1.62384,2024-05-07 09:00,2024-05-07 13:00,1.62728,1.6279,0.0006199999999998429,0.09567901234565415,2024-05-13 00:00,False
OUTER_WICK,EURAUD,short,W,H4,2024-01-15 00:00,2024-01-22 00:00,1.65173,1.66759,0.015859999999999985,1.65716,1.66759,2024-01-22 18:00,2024-01-22 22:00,1.6571,1.65716,5.999999999994898e-05,0.0037831021437546683,2024-01-29 00:00,False
OUTER_WICK,EURAUD,short,W,H4,2024-01-15 00:00,2024-01-22 00:00,1.65173,1.66759,0.015859999999999985,1.65716,1.66759,2024-01-25 02:00,2024-01-25 06:00,1.65572,1.65698,0.0012599999999998168,0.07944514501890404,2024-01-29 00:00,False
OUTER_WICK,EURAUD,short,W,H4,2024-02-26 00:00,2024-03-04 00:00,1.66101,1.67444,0.013429999999999831,1.66982,1.67444,2024-03-06 06:00,2024-03-06 10:00,1.66826,1.66852,0.00025999999999992696,0.019359642591208506,2024-03-11 00:00,False
OUTER_WICK,EURAUD,short,W,H4,2024-03-11 00:00,2024-03-18 00:00,1.65974,1.66803,0.008289999999999909,1.66108,1.66803,2024-03-22 17:00,2024-03-24 21:00,1.65974,1.65977,2.999999999997449e-05,0.0036188178528317036,2024-03-25 00:00,False
OUTER_WICK,EURAUD,short,W,H4,2024-05-06 00:00,2024-05-13 00:00,1.63102,1.63834,0.007319999999999993,1.637,1.63834,2024-05-14 13:00,2024-05-14 17:00,1.63456,1.63514,0.0005800000000000249,0.0792349726775991,2024-05-20 00:00,False
OUTER_WICK,EURAUD,short,W,H4,2024-05-06 00:00,2024-05-13 00:00,1.63102,1.63834,0.007319999999999993,1.637,1.63834,2024-05-15 09:00,2024-05-15 13:00,1.63326,1.6343,0.001040000000000152,0.14207650273226133,2024-05-20 00:00,False
OUTER_WICK,EURCAD,long,W,H4,2024-01-01 00:00,2024-01-08 00:00,1.45496,1.46173,0.006769999999999943,1.45496,1.46052,2024-01-09 06:00,2024-01-09 10:00,1.46052,1.4607,0.000180000000000069,0.026587887740039957,2024-01-22 00:00,False
OUTER_WICK,EURCAD,long,W,H4,2024-02-05 00:00,2024-02-12 00:00,1.4462,1.4517,0.00550000000000006,1.4462,1.44666,2024-02-14 06:00,2024-02-14 10:00,1.44788,1.44885,0.0009699999999999154,0.17636363636361904,2024-02-19 00:00,False
OUTER_WICK,EURCAD,long,W,H4,2024-02-05 00:00,2024-02-12 00:00,1.4462,1.4517,0.00550000000000006,1.4462,1.44666,2024-02-16 10:00,2024-02-16 14:00,1.44908,1.45009,0.0010100000000001774,0.18363636363639388,2024-02-19 00:00,False
OUTER_WICK,EURCAD,long,W,H4,2024-03-25 00:00,2024-04-01 00:00,1.45463,1.46172,0.007089999999999819,1.45463,1.45851,2024-04-02 17:00,2024-04-02 21:00,1.46047,1.46049,2.0000000000131024e-05,0.002820874471104589,2024-04-15 00:00,False
OUTER_WICK,EURCAD,long,W,H4,2024-03-25 00:00,2024-04-01 00:00,1.45463,1.46172,0.007089999999999819,1.45463,1.45851,2024-04-03 09:00,2024-04-03 13:00,1.46146,1.46158,0.00012000000000012001,0.01692524682653358,2024-04-15 00:00,False
OUTER_WICK,EURCAD,short,W,H4,2024-01-08 00:00,2024-01-15 00:00,1.46828,1.4727,0.0044199999999998685,1.47202,1.4727,2024-01-17 06:00,2024-01-17 10:00,1.47112,1.47167,0.0005500000000000504,0.12443438914028661,2024-01-22 00:00,False
OUTER_WICK,EURCAD,short,W,H4,2024-01-08 00:00,2024-01-15 00:00,1.46828,1.4727,0.0044199999999998685,1.47202,1.4727,2024-01-18 02:00,2024-01-18 06:00,1.47052,1.47076,0.00024000000000001798,0.054298642533942336,2024-01-22 00:00,False
OUTER_WICK,EURCAD,short,W,H4,2024-01-08 00:00,2024-01-15 00:00,1.46828,1.4727,0.0044199999999998685,1.47202,1.4727,2024-01-19 02:00,2024-01-19 06:00,1.46867,1.46874,7.00000000000145e-05,0.01583710407240194,2024-01-22 00:00,False
OUTER_WICK,EURCAD,short,W,H4,2024-03-04 00:00,2024-03-11 00:00,1.4753,1.47802,0.0027199999999998337,1.47664,1.47802,2024-03-11 09:00,2024-03-11 13:00,1.47641,1.47651,9.999999999998899e-05,0.03676470588235114,2024-03-18 00:00,False
OUTER_WICK,EURCAD,short,W,H4,2024-04-29 00:00,2024-05-06 00:00,1.47292,1.47873,0.005810000000000093,1.4746,1.47873,2024-05-10 13:00,2024-05-10 17:00,1.4733,1.47342,0.00011999999999989797,0.020654044750412402,2024-05-13 00:00,False
OUTER_WICK,EURCHF,short,W,H4,2024-04-01 00:00,2024-04-08 00:00,0.97752,0.98486,0.007340000000000013,0.98358,0.98486,2024-04-08 21:00,2024-04-09 01:00,0.98333,0.98358,0.00024999999999997247,0.03405994550408338,2024-04-22 00:00,False
OUTER_WICK,EURCHF,short,W,H4,2024-04-01 00:00,2024-04-08 00:00,0.97752,0.98486,0.007340000000000013,0.98358,0.98486,2024-04-11 05:00,2024-04-11 09:00,0.98154,0.98212,0.0005800000000000249,0.07901907356948555,2024-04-22 00:00,False
OUTER_WICK,EURGBP,long,W,H4,2024-02-05 00:00,2024-02-12 00:00,0.84984,0.85396,0.0041200000000000125,0.84984,0.85162,2024-02-14 10:00,2024-02-14 14:00,0.85244,0.85269,0.00024999999999997247,0.06067961165047857,2024-02-19 00:00,False
OUTER_WICK,EURGBP,long,W,H4,2024-02-05 00:00,2024-02-12 00:00,0.84984,0.85396,0.0041200000000000125,0.84984,0.85162,2024-02-15 02:00,2024-02-15 06:00,0.85354,0.85366,0.00012000000000000899,0.029126213592235103,2024-02-19 00:00,False
OUTER_WICK,EURGBP,long,W,H4,2024-03-25 00:00,2024-04-01 00:00,0.85302,0.85519,0.0021700000000000053,0.85302,0.85386,2024-04-01 01:00,2024-04-01 05:00,0.85392,0.854,7.999999999996898e-05,0.036866359446990224,2024-04-08 00:00,False
OUTER_WICK,EURGBP,long,W,H4,2024-03-25 00:00,2024-04-01 00:00,0.85302,0.85519,0.0021700000000000053,0.85302,0.85386,2024-04-02 05:00,2024-04-02 09:00,0.85407,0.8541,2.999999999997449e-05,0.01382488479261494,2024-04-08 00:00,False
OUTER_WICK,EURGBP,short,W,H4,2024-02-26 00:00,2024-03-04 00:00,0.8566,0.8576,0.0010000000000000009,0.85684,0.8576,2024-03-01 18:00,2024-03-03 22:00,0.85678,0.85684,6.0000000000060005e-05,0.06000000000005995,2024-03-18 00:00,False
OUTER_WICK,EURGBP,short,W,H4,2024-03-18 00:00,2024-03-25 00:00,0.85775,0.86023,0.0024800000000000377,0.85886,0.86023,2024-03-26 09:00,2024-03-26 13:00,0.85866,0.85886,0.00019999999999997797,0.08064516129031248,2024-04-01 00:00,False
OUTER_WICK,EURGBP,short,W,H4,2024-03-18 00:00,2024-03-25 00:00,0.85775,0.86023,0.0024800000000000377,0.85886,0.86023,2024-03-27 01:00,2024-03-27 05:00,0.85841,0.85854,0.00012999999999996348,0.05241935483869415,2024-04-01 00:00,False
OUTER_WICK,EURJPY,long,W,H4,2024-03-25 00:00,2024-04-01 00:00,162.612,163.31,0.6980000000000075,162.612,162.936,2024-04-02 21:00,2024-04-03 01:00,163.068,163.18,0.11199999999999477,0.1604584527220538,2024-04-08 00:00,False
OUTER_WICK,EURJPY,short,W,H4,2024-02-19 00:00,2024-02-26 00:00,162.904,163.72,0.8160000000000025,163.468,163.72,2024-02-28 18:00,2024-02-28 22:00,163.35,163.354,0.004000000000019099,0.004901960784337116,2024-03-04 00:00,False
OUTER_WICK,EURJPY,short,W,H4,2024-02-19 00:00,2024-02-26 00:00,162.904,163.72,0.8160000000000025,163.468,163.72,2024-03-01 06:00,2024-03-01 10:00,162.941,163.012,0.07099999999999795,0.08700980392156585,2024-03-04 00:00,False
OUTER_WICK,EURJPY,short,W,H4,2024-03-18 00:00,2024-03-25 00:00,163.661,165.355,1.6939999999999884,164.42,165.355,2024-03-27 05:00,2024-03-27 09:00,164.274,164.297,0.022999999999996135,0.013577331759147751,2024-04-01 00:00,False
OUTER_WICK,EURJPY,short,W,H4,2024-03-18 00:00,2024-03-25 00:00,163.661,165.355,1.6939999999999884,164.42,165.355,2024-03-28 01:00,2024-03-28 05:00,163.801,163.87,0.06900000000001683,0.040731995277460034,2024-04-01 00:00,False
OUTER_WICK,EURJPY,short,W,H4,2024-04-01 00:00,2024-04-08 00:00,164.32,165.176,0.8559999999999945,164.918,165.176,2024-04-11 05:00,2024-04-11 09:00,164.629,164.7,0.07099999999999795,0.082943925233643,2024-04-15 00:00,False
OUTER_WICK,EURJPY,short,W,H4,2024-04-01 00:00,2024-04-08 00:00,164.32,165.176,0.8559999999999945,164.918,165.176,2024-04-11 17:00,2024-04-11 21:00,164.417,164.419,0.0020000000000095497,0.002336448598142012,2024-04-15 00:00,False
OUTER_WICK,EURNZD,long,W,H4,2024-04-08 00:00,2024-04-15 00:00,1.7845,1.7925,0.008000000000000007,1.7845,1.78936,2024-04-15 01:00,2024-04-15 05:00,1.78936,1.79064,0.0012799999999999478,0.15999999999999334,2024-04-29 00:00,False
OUTER_WICK,EURNZD,short,W,H4,2024-02-12 00:00,2024-02-19 00:00,1.75972,1.7701,0.010380000000000056,1.76006,1.7701,2024-02-16 18:00,2024-02-18 22:00,1.75996,1.76006,9.999999999998899e-05,0.009633911368014302,2024-02-26 00:00,False
OUTER_WICK,EURNZD,short,W,H4,2024-02-26 00:00,2024-03-04 00:00,1.77493,1.78702,0.012090000000000156,1.78388,1.78702,2024-03-06 18:00,2024-03-06 22:00,1.77858,1.7791,0.0005199999999998539,0.043010752688159404,2024-03-11 00:00,False
OUTER_WICK,EURNZD,short,W,H4,2024-02-26 00:00,2024-03-04 00:00,1.77493,1.78702,0.012090000000000156,1.78388,1.78702,2024-03-07 22:00,2024-03-08 02:00,1.77588,1.77675,0.0008700000000001484,0.07196029776676073,2024-03-11 00:00,False
OUTER_WICK,EURUSD,long,W,H4,2024-01-01 00:00,2024-01-08 00:00,1.0877,1.09423,0.006530000000000147,1.0877,1.09102,2024-01-11 10:00,2024-01-11 14:00,1.09303,1.09356,0.0005300000000001415,0.08116385911181156,2024-01-15 00:00,False
OUTER_WICK,EURUSD,long,W,H4,2024-02-12 00:00,2024-02-19 00:00,1.0695,1.07768,0.008180000000000076,1.0695,1.07616,2024-02-19 22:00,2024-02-20 02:00,1.07616,1.0765,0.00034000000000000696,0.04156479217603958,2024-03-25 00:00,False
OUTER_WICK,EURUSD,short,W,H4,2024-01-08 00:00,2024-01-15 00:00,1.09508,1.09996,0.0048799999999999955,1.09676,1.09996,2024-01-15 02:00,2024-01-15 06:00,1.09667,1.09676,8.999999999992347e-05,0.018442622950804007,2024-03-04 00:00,False
OUTER_WICK,EURUSD,short,W,H4,2024-01-08 00:00,2024-01-15 00:00,1.09508,1.09996,0.0048799999999999955,1.09676,1.09996,2024-01-15 18:00,2024-01-15 22:00,1.09512,1.09538,0.00025999999999992696,0.05327868852457525,2024-03-04 00:00,False
OUTER_WICK,EURUSD,short,W,H4,2024-03-04 00:00,2024-03-11 00:00,1.09388,1.09813,0.004250000000000087,1.0964,1.09813,2024-03-13 21:00,2024-03-14 01:00,1.09529,1.09548,0.00018999999999991246,0.04470588235291966,2024-03-18 00:00,False
OUTER_WICK,EURUSD,short,W,H4,2024-04-01 00:00,2024-04-08 00:00,1.08376,1.08851,0.004750000000000032,1.08766,1.08851,2024-04-10 05:00,2024-04-10 09:00,1.08607,1.08665,0.0005799999999998029,0.12210526315785242,2024-05-13 00:00,False
OUTER_WICK,EURUSD,short,W,H4,2024-05-13 00:00,2024-05-20 00:00,1.08697,1.08951,0.0025399999999999867,1.08846,1.08951,2024-05-20 01:00,2024-05-20 05:00,1.08824,1.08846,0.00021999999999988695,0.08661417322830241,2024-05-27 00:00,False
OUTER_WICK,GBPAUD,long,W,H4,2024-03-18 00:00,2024-03-25 00:00,1.92538,1.93429,0.008909999999999973,1.92538,1.92793,2024-03-26 09:00,2024-03-26 13:00,1.92966,1.93012,0.000460000000000127,0.0516273849607327,2024-04-01 00:00,False
OUTER_WICK,GBPAUD,long,W,H4,2024-04-01 00:00,2024-04-08 00:00,1.91144,1.92085,0.009409999999999918,1.91144,1.91338,2024-04-11 21:00,2024-04-12 01:00,1.91902,1.91929,0.00026999999999999247,0.028692879914983507,2024-04-15 00:00,False
OUTER_WICK,GBPAUD,long,W,H4,2024-04-01 00:00,2024-04-08 00:00,1.91144,1.92085,0.009409999999999918,1.91144,1.91338,2024-04-12 05:00,2024-04-12 09:00,1.91935,1.91957,0.000220000000000109,0.02337938363444324,2024-04-15 00:00,False
OUTER_WICK,GBPAUD,long,W,H4,2024-05-06 00:00,2024-05-13 00:00,1.89081,1.89669,0.005879999999999885,1.89081,1.89096,2024-05-15 21:00,2024-05-16 01:00,1.89096,1.8919,0.0009399999999999409,0.15986394557822436,2024-05-20 00:00,False
OUTER_WICK,GBPAUD,long,W,H4,2024-05-06 00:00,2024-05-13 00:00,1.89081,1.89669,0.005879999999999885,1.89081,1.89096,2024-05-16 05:00,2024-05-16 09:00,1.89558,1.89584,0.00025999999999992696,0.04421768707481837,2024-05-20 00:00,False
OUTER_WICK,GBPAUD,long,W,H4,2024-05-06 00:00,2024-05-13 00:00,1.89081,1.89669,0.005879999999999885,1.89081,1.89096,2024-05-16 17:00,2024-05-16 21:00,1.89604,1.8963,0.000260000000000149,0.044217687074856134,2024-05-20 00:00,False
OUTER_WICK,GBPAUD,short,W,H4,2024-01-29 00:00,2024-02-05 00:00,1.9398,1.94562,0.005819999999999936,1.9455,1.94562,2024-02-08 14:00,2024-02-08 18:00,1.94474,1.9455,0.0007600000000000939,0.13058419243988012,2024-02-12 00:00,False
OUTER_WICK,GBPAUD,short,W,H4,2024-03-25 00:00,2024-04-01 00:00,1.93622,1.94491,0.008689999999999864,1.93838,1.94491,2024-04-01 01:00,2024-04-01 05:00,1.93746,1.93775,0.0002900000000001235,0.03337169159955443,2024-04-15 00:00,False
OUTER_WICK,GBPAUD,short,W,H4,2024-03-25 00:00,2024-04-01 00:00,1.93622,1.94491,0.008689999999999864,1.93838,1.94491,2024-04-01 09:00,2024-04-01 13:00,1.93719,1.93734,0.0001500000000000945,0.017261219792876505,2024-04-15 00:00,False
OUTER_WICK,GBPCAD,long,W,H4,2024-01-15 00:00,2024-01-22 00:00,1.70172,1.70595,0.004230000000000178,1.70172,1.70426,2024-01-22 06:00,2024-01-22 10:00,1.70426,1.70464,0.0003799999999998249,0.08983451536638509,2024-01-29 00:00,False
OUTER_WICK,GBPCAD,short,W,H4,2024-01-22 00:00,2024-01-29 00:00,1.70856,1.72207,0.013509999999999911,1.70998,1.72207,2024-01-29 02:00,2024-01-29 06:00,1.70898,1.70922,0.00024000000000001798,0.01776461880088968,2024-02-12 00:00,False
OUTER_WICK,GBPCAD,short,W,H4,2024-04-29 00:00,2024-05-06 00:00,1.71704,1.72284,0.005800000000000027,1.72123,1.72284,2024-05-06 05:00,2024-05-06 09:00,1.72106,1.72123,0.00017000000000000348,0.029310344827586668,2024-05-13 00:00,False
OUTER_WICK,GBPCHF,short,W,H4,2024-03-04 00:00,2024-03-11 00:00,1.12856,1.129,0.00043999999999999595,1.12868,1.129,2024-03-08 18:00,2024-03-10 21:00,1.12862,1.12868,5.999999999994898e-05,0.13636363636352167,2024-03-18 00:00,False
OUTER_WICK,GBPCHF,short,W,H4,2024-04-01 00:00,2024-04-08 00:00,1.13998,1.1486,0.008620000000000072,1.14842,1.1486,2024-04-11 05:00,2024-04-11 09:00,1.14715,1.14842,0.0012700000000001044,0.1473317865429343,2024-04-15 00:00,False
OUTER_WICK,GBPCHF,short,W,H4,2024-04-01 00:00,2024-04-08 00:00,1.13998,1.1486,0.008620000000000072,1.14842,1.1486,2024-04-12 01:00,2024-04-12 05:00,1.14289,1.14298,9.000000000014552e-05,0.01044083526683814,2024-04-15 00:00,False
OUTER_WICK,GBPJPY,short,W,H4,2024-02-19 00:00,2024-02-26 00:00,190.74,191.326,0.5859999999999843,191.148,191.326,2024-02-27 18:00,2024-02-27 22:00,190.963,190.972,0.009000000000014552,0.01535836177476927,2024-03-04 00:00,False
OUTER_WICK,GBPJPY,short,W,H4,2024-02-19 00:00,2024-02-26 00:00,190.74,191.326,0.5859999999999843,191.148,191.326,2024-02-28 18:00,2024-02-28 22:00,190.818,190.832,0.013999999999981583,0.023890784982904364,2024-03-04 00:00,False
OUTER_WICK,GBPNZD,long,W,H4,2024-04-08 00:00,2024-04-15 00:00,2.08573,2.097,0.011270000000000113,2.08573,2.0934,2024-04-15 01:00,2024-04-15 05:00,2.0934,2.09478,0.0013800000000001589,0.1224489795918496,2024-04-22 00:00,False
OUTER_WICK,GBPNZD,short,W,H4,2024-01-22 00:00,2024-01-29 00:00,2.0852,2.09475,0.009549999999999947,2.08589,2.09475,2024-01-26 18:00,2024-01-28 22:00,2.08575,2.08589,0.000140000000000029,0.014659685863877461,2024-03-04 00:00,False
OUTER_WICK,GBPNZD,short,W,H4,2024-03-25 00:00,2024-04-01 00:00,2.1104,2.11759,0.00719000000000003,2.11446,2.11759,2024-04-01 09:00,2024-04-01 13:00,2.11342,2.11446,0.0010399999999997078,0.14464534075100188,2024-04-15 00:00,False
OUTER_WICK,GBPUSD,long,W,H4,2024-01-01 00:00,2024-01-08 00:00,1.26108,1.27193,0.010850000000000026,1.26108,1.26734,2024-01-11 10:00,2024-01-11 14:00,1.26902,1.27027,0.0012499999999999734,0.11520737327188667,2024-01-15 00:00,False
OUTER_WICK,GBPUSD,long,W,H4,2024-02-12 00:00,2024-02-19 00:00,1.25354,1.26006,0.006519999999999859,1.25354,1.25792,2024-02-20 02:00,2024-02-20 06:00,1.25792,1.25806,0.000140000000000029,0.02147239263804172,2024-02-26 00:00,False
OUTER_WICK,GBPUSD,short,W,H4,2024-01-08 00:00,2024-01-15 00:00,1.27528,1.27858,0.0033000000000000806,1.27652,1.27858,2024-01-15 02:00,2024-01-15 06:00,1.27604,1.27652,0.00048000000000003595,0.1454545454545528,2024-01-22 00:00,False
OUTER_WICK,GBPUSD,short,W,H4,2024-02-19 00:00,2024-02-26 00:00,1.26724,1.27096,0.0037200000000001676,1.26997,1.27096,2024-02-26 10:00,2024-02-26 14:00,1.26986,1.26997,0.0001100000000000545,0.029569892473131597,2024-03-04 00:00,False
OUTER_WICK,GBPUSD,short,W,H4,2024-02-19 00:00,2024-02-26 00:00,1.26724,1.27096,0.0037200000000001676,1.26997,1.27096,2024-02-27 18:00,2024-02-27 22:00,1.26876,1.26944,0.0006799999999997919,0.182795698924667,2024-03-04 00:00,False
OUTER_WICK,GBPUSD,short,W,H4,2024-04-29 00:00,2024-05-06 00:00,1.25472,1.26348,0.008759999999999879,1.25944,1.26348,2024-05-06 09:00,2024-05-06 13:00,1.2592,1.25944,0.00023999999999979593,0.027397260273949686,2024-05-13 00:00,False
OUTER_WICK,GBPUSD,short,W,H4,2024-04-29 00:00,2024-05-06 00:00,1.25472,1.26348,0.008759999999999879,1.25944,1.26348,2024-05-06 21:00,2024-05-07 01:00,1.25693,1.25709,0.00015999999999993797,0.018264840182641573,2024-05-13 00:00,False
OUTER_WICK,GBPUSD,short,W,H4,2024-04-29 00:00,2024-05-06 00:00,1.25472,1.26348,0.008759999999999879,1.25944,1.26348,2024-05-07 09:00,2024-05-07 13:00,1.25548,1.25649,0.0010100000000001774,0.11529680365298989,2024-05-13 00:00,False
OUTER_WICK,NZDCAD,long,W,H4,2024-01-01 00:00,2024-01-08 00:00,0.8281,0.83424,0.006140000000000034,0.8281,0.83155,2024-01-11 10:00,2024-01-11 14:00,0.83155,0.83166,0.00010999999999994348,0.017915309446244764,2024-01-15 00:00,False
OUTER_WICK,NZDCAD,long,W,H4,2024-01-01 00:00,2024-01-08 00:00,0.8281,0.83424,0.006140000000000034,0.8281,0.83155,2024-01-12 06:00,2024-01-12 10:00,0.83346,0.83372,0.000260000000000038,0.04234527687297012,2024-01-15 00:00,False
OUTER_WICK,NZDCAD,long,W,H4,2024-04-15 00:00,2024-04-22 00:00,0.80784,0.80982,0.0019799999999999818,0.80784,0.80893,2024-04-23 05:00,2024-04-23 09:00,0.80928,0.80932,4.0000000000040004e-05,0.02020202020204059,2024-04-29 00:00,False
OUTER_WICK,NZDCAD,short,W,H4,2024-03-04 00:00,2024-03-11 00:00,0.83296,0.83472,0.0017599999999999838,0.83352,0.83472,2024-03-11 09:00,2024-03-11 13:00,0.83328,0.83352,0.00024000000000001798,0.13636363636364784,2024-05-13 00:00,False
OUTER_WICK,NZDCAD,short,W,H4,2024-04-08 00:00,2024-04-15 00:00,0.81787,0.82492,0.007050000000000001,0.81898,0.82492,2024-04-15 01:00,2024-04-15 05:00,0.81831,0.81898,0.0006700000000000594,0.09503546099291622,2024-04-29 00:00,False
OUTER_WICK,NZDCHF,long,W,H4,2024-01-01 00:00,2024-01-08 00:00,0.52812,0.53107,0.002950000000000008,0.52812,0.52893,2024-01-10 18:00,2024-01-10 22:00,0.52926,0.52952,0.000260000000000038,0.08813559322035161,2024-01-15 00:00,False
OUTER_WICK,NZDCHF,long,W,H4,2024-01-01 00:00,2024-01-08 00:00,0.52812,0.53107,0.002950000000000008,0.52812,0.52893,2024-01-11 10:00,2024-01-11 14:00,0.52968,0.52994,0.00025999999999992696,0.08813559322031397,2024-01-15 00:00,False
OUTER_WICK,NZDCHF,long,W,H4,2024-01-01 00:00,2024-01-08 00:00,0.52812,0.53107,0.002950000000000008,0.52812,0.52893,2024-01-11 18:00,2024-01-11 22:00,0.53061,0.53106,0.00044999999999995044,0.1525423728813387,2024-01-15 00:00,False
OUTER_WICK,NZDCHF,long,W,H4,2024-02-26 00:00,2024-03-04 00:00,0.53456,0.5393,0.0047399999999999665,0.53456,0.53698,2024-03-05 18:00,2024-03-05 22:00,0.53698,0.53725,0.00026999999999999247,0.05696202531645451,2024-03-11 00:00,False
OUTER_WICK,NZDCHF,short,W,H4,2024-04-08 00:00,2024-04-15 00:00,0.54301,0.54959,0.00658000000000003,0.54412,0.54959,2024-04-15 01:00,2024-04-15 05:00,0.54382,0.54412,0.000300000000000078,0.045592705167184895,2024-04-22 00:00,False
OUTER_WICK,NZDJPY,long,W,H4,2024-01-29 00:00,2024-02-05 00:00,89.262,89.974,0.7120000000000033,89.262,89.768,2024-02-06 14:00,2024-02-06 18:00,89.805,89.846,0.04099999999999682,0.05758426966291661,2024-04-15 00:00,False
OUTER_WICK,NZDJPY,long,W,H4,2024-03-11 00:00,2024-03-18 00:00,90.364,90.681,0.31699999999999307,90.364,90.51,2024-03-18 21:00,2024-03-19 01:00,90.51,90.57,0.05999999999998806,0.1892744479494933,2024-03-25 00:00,False
OUTER_WICK,NZDJPY,long,W,H4,2024-03-25 00:00,2024-04-01 00:00,90.11,90.495,0.3850000000000051,90.11,90.17,2024-04-03 05:00,2024-04-03 09:00,90.418,90.466,0.04799999999998761,0.12467532467529083,2024-04-15 00:00,False
OUTER_WICK,NZDJPY,long,W,H4,2024-04-08 00:00,2024-04-15 00:00,89.96,90.996,1.0360000000000014,89.96,90.707,2024-04-19 17:00,2024-04-21 21:00,90.938,90.966,0.027999999999991587,0.027027027027018872,2024-04-22 00:00,False
OUTER_WICK,NZDJPY,short,W,H4,2024-03-18 00:00,2024-03-25 00:00,90.751,92.204,1.4529999999999887,91.252,92.204,2024-03-26 09:00,2024-03-26 13:00,91.16,91.252,0.09199999999999875,0.06331727460426666,2024-04-01 00:00,False
OUTER_WICK,NZDJPY,short,W,H4,2024-03-18 00:00,2024-03-25 00:00,90.751,92.204,1.4529999999999887,91.252,92.204,2024-03-27 05:00,2024-03-27 09:00,90.99,91.068,0.07800000000000296,0.053682037164489715,2024-04-01 00:00,False
OUTER_WICK,NZDUSD,long,W,H4,2024-02-12 00:00,2024-02-19 00:00,0.60498,0.61248,0.007500000000000062,0.60498,0.61226,2024-02-16 18:00,2024-02-18 22:00,0.61226,0.61234,7.999999999996898e-05,0.010666666666662442,2024-02-26 00:00,False
OUTER_WICK,NZDUSD,long,W,H4,2024-03-25 00:00,2024-04-01 00:00,0.59396,0.59798,0.0040199999999999125,0.59396,0.59566,2024-04-03 05:00,2024-04-03 09:00,0.596,0.5962,0.00019999999999997797,0.04975124378109013,2024-04-08 00:00,False
OUTER_WICK,USDCAD,long,W,H4,2024-02-05 00:00,2024-02-12 00:00,1.3413,1.3459,0.0046000000000001595,1.3413,1.34302,2024-02-12 14:00,2024-02-12 18:00,1.34302,1.3434,0.0003799999999998249,0.08260869565213298,2024-02-19 00:00,False
OUTER_WICK,USDCAD,long,W,H4,2024-02-05 00:00,2024-02-12 00:00,1.3413,1.3459,0.0046000000000001595,1.3413,1.34302,2024-02-13 06:00,2024-02-13 10:00,1.34394,1.34474,0.0008000000000001339,0.17391304347828396,2024-02-19 00:00,False
OUTER_WICK,USDCAD,long,W,H4,2024-03-04 00:00,2024-03-11 00:00,1.342,1.34865,0.006649999999999823,1.342,1.34592,2024-03-14 05:00,2024-03-14 09:00,1.34594,1.34674,0.0008000000000001339,0.1203007518797226,2024-03-18 00:00,False
OUTER_WICK,USDCAD,short,W,H4,2024-02-26 00:00,2024-03-04 00:00,1.35604,1.36061,0.004570000000000185,1.36053,1.36061,2024-03-05 18:00,2024-03-05 22:00,1.36,1.36002,1.999999999990898e-05,0.0043763676148595556,2024-03-18 00:00,False
OUTER_WICK,USDCAD,short,W,H4,2024-04-29 00:00,2024-05-06 00:00,1.36854,1.3785,0.009959999999999969,1.37628,1.3785,2024-05-08 05:00,2024-05-08 09:00,1.37608,1.37628,0.00019999999999997797,0.020080321285138415,2024-05-13 00:00,False
OUTER_WICK,USDCAD,short,W,H4,2024-04-29 00:00,2024-05-06 00:00,1.36854,1.3785,0.009959999999999969,1.37628,1.3785,2024-05-09 05:00,2024-05-09 09:00,1.37358,1.3738,0.00021999999999988695,0.022088353413643336,2024-05-13 00:00,False
OUTER_WICK,USDCHF,long,W,H4,2024-04-29 00:00,2024-05-06 00:00,0.90064,0.90508,0.0044399999999999995,0.90064,0.9036,2024-05-06 09:00,2024-05-06 13:00,0.9036,0.90376,0.000160000000000049,0.036036036036047076,2024-05-13 00:00,False
OUTER_WICK,USDCHF,short,W,H4,2024-02-26 00:00,2024-03-04 00:00,0.88332,0.8893,0.005979999999999985,0.88664,0.8893,2024-03-05 06:00,2024-03-05 10:00,0.88656,0.88664,7.999999999996898e-05,0.013377926421399528,2024-03-11 00:00,False
OUTER_WICK,USDCHF,short,W,H4,2024-02-26 00:00,2024-03-04 00:00,0.88332,0.8893,0.005979999999999985,0.88664,0.8893,2024-03-06 06:00,2024-03-06 10:00,0.88557,0.88558,1.0000000000065512e-05,0.0016722408026865446,2024-03-11 00:00,False
OUTER_WICK,USDJPY,short,W,H4,2024-01-15 00:00,2024-01-22 00:00,148.176,148.808,0.632000000000005,148.698,148.808,2024-01-23 14:00,2024-01-23 18:00,148.624,148.698,0.07400000000001228,0.11708860759495521,2024-01-29 00:00,False
OUTER_WICK,USDJPY,short,W,H4,2024-03-18 00:00,2024-03-25 00:00,151.44,151.974,0.5339999999999918,151.862,151.974,2024-03-27 05:00,2024-03-27 09:00,151.806,151.842,0.036000000000001364,0.06741573033708224,2024-04-01 00:00,False
