mode,wd_variant,wd_source_ltf,entry_ltf,pair,direction,pivot_first_time,pivot_second_time,pivot_low,pivot_high,pivot_range,wd_first_time,wd_second_time,wd_low,wd_high,entry_time,entry_price,tp_price,sl_price,exit_time,exit_price,result,rr_signed,wickdiff_file,dyn_min_sl_pips
2W,ALL,H12,H4,AUDCAD,long,2024-07-29,2024-08-12,0.88536,0.90158,0.016220000000000012,2024-08-07 09:00:00,2024-08-07 21:00:00,0.89505,0.89568,2024-12-20 10:00:00,0.89749,0.9178000000000001,0.8788116666666667,2025-04-04 01:00:00,0.8788116666666667,loss,-1.0,wickdiffs_2W_H12_ALL_20260101_142945.csv,186.78333333333347
2W,ALL,H12,H4,AUDCAD,short,2024-09-09,2024-09-23,0.92237,0.93772,0.015349999999999975,2024-10-03 21:00:00,2024-10-04 09:00:00,0.92778,0.92856,2024-10-11 01:00:00,0.92736,0.90702,0.9448059090909091,2024-11-13 14:00:00,0.90702,win,1.165889372345686,wickdiffs_2W_H12_ALL_20260101_142945.csv,174.45909090909103
2W,ALL,H12,H4,AUDNZD,long,2023-11-20,2023-12-04,1.06604,1.07492,0.008879999999999999,2023-12-12 10:00:00,2023-12-12 22:00:00,1.06886,1.06929,2024-01-17 22:00:00,1.06972,1.0838,1.0553434848484848,2024-03-20 21:00:00,1.0838,win,0.9793750329346109,wickdiffs_2W_H12_ALL_20260101_142945.csv,143.7651515151516
2W,ALL,H12,H4,AUDNZD,short,2024-11-04,2024-11-18,1.10153,1.11806,0.016530000000000156,2024-11-28 10:00:00,2024-11-28 22:00:00,1.10451,1.1046,2024-12-11 22:00:00,1.10418,1.0849999999999997,1.119713,2025-04-04 09:00:00,1.0849999999999997,win,1.2347904461469241,wickdiffs_2W_H12_ALL_20260101_142945.csv,139.1030303030306
2W,ALL,H12,H4,AUDUSD,long,2022-05-09,2022-05-23,0.6829,0.7046,0.021700000000000053,2022-05-12 09:00:00,2022-05-12 21:00:00,0.6829,0.68544,2022-06-14 17:00:00,0.68714,0.7263000000000001,0.660858120805369,2022-09-21 21:00:00,0.660858120805369,loss,-1.0,wickdiffs_2W_H12_ALL_20260101_142945.csv,256.2424242424242
2W,ALL,H12,H4,CADJPY,long,2024-06-03,2024-06-17,112.962,114.616,1.6539999999999964,2024-06-06 21:00:00,2024-06-07 09:00:00,113.445,113.522,2024-07-23 01:00:00,113.56,116.27,110.76372727272728,2024-07-24 21:00:00,110.76372727272728,loss,-1.0,wickdiffs_2W_H12_ALL_20260101_142945.csv,279.6272727272726
2W,ALL,H12,H4,CHFJPY,long,2025-01-20,2025-02-03,165.882,168.963,3.080999999999989,2025-02-07 10:00:00,2025-02-09 22:00:00,165.882,166.069,2025-02-20 14:00:00,166.404,172.04399999999998,161.91598484848484,2025-04-07 05:00:00,172.04399999999998,win,1.2566802494184808,wickdiffs_2W_H12_ALL_20260101_142945.csv,448.80151515151556
2W,ALL,H12,H4,CHFJPY,short,2024-03-11,2024-03-25,168.754,170.804,2.0500000000000114,2024-03-20 09:00:00,2024-03-20 21:00:00,170.718,170.804,2024-04-19 01:00:00,169.904,166.70399999999998,173.01848484848486,2024-04-26 17:00:00,173.01848484848486,loss,-1.0,wickdiffs_2W_H12_ALL_20260101_142945.csv,311.4484848484852
2W,ALL,H12,H4,CHFJPY,short,2024-04-08,2024-04-22,169.848,175.068,5.219999999999999,2024-04-29 21:00:00,2024-04-30 09:00:00,172.222,172.298,2024-05-13 13:00:00,172.176,164.62800000000001,177.24177181208051,2024-06-17 17:00:00,177.24177181208051,loss,-1.0,wickdiffs_2W_H12_ALL_20260101_142945.csv,352.2121212121218
2W,ALL,H12,H4,EURAUD,short,2022-05-09,2022-05-23,1.49806,1.52797,0.029910000000000103,2022-05-26 09:00:00,2022-05-26 21:00:00,1.51402,1.51654,2022-06-14 09:00:00,1.51384,1.4681499999999998,1.5605298484848487,2022-07-22 05:00:00,1.4681499999999998,win,0.9785853131399055,wickdiffs_2W_H12_ALL_20260101_142945.csv,466.89848484848517
2W,ALL,H12,H4,EURCAD,long,2024-08-26,2024-09-09,1.48891,1.50376,0.01485000000000003,2024-08-30 09:00:00,2024-09-01 21:00:00,1.48891,1.48968,2024-10-02 13:00:00,1.49025,1.51861,1.4695539393939394,2024-11-21 06:00:00,1.4695539393939394,loss,-1.0,wickdiffs_2W_H12_ALL_20260101_142945.csv,206.96060606060584
2W,ALL,H12,H4,EURGBP,long,2022-10-10,2022-10-24,0.8572,0.87311,0.01591000000000009,2022-10-28 09:00:00,2022-10-30 21:00:00,0.8572,0.85726,2022-11-24 14:00:00,0.85858,0.8890200000000001,0.8317928787878788,2023-01-12 14:00:00,0.8890200000000001,win,1.1363669787041535,wickdiffs_2W_H12_ALL_20260101_142945.csv,267.8712121212122
2W,ALL,H12,H4,EURGBP,short,2022-09-12,2022-09-26,0.89336,0.92785,0.03448999999999991,2022-09-28 21:00:00,2022-09-29 09:00:00,0.89742,0.89796,2023-02-03 14:00:00,0.89648,0.8588700000000001,0.931299,2023-05-31 13:00:00,0.8588700000000001,win,1.0801573853355924,wickdiffs_2W_H12_ALL_20260101_142945.csv,193.01363636363646
2W,ALL,H12,H4,EURUSD,long,2024-11-04,2024-11-18,1.03319,1.05306,0.019870000000000054,2024-11-26 10:00:00,2024-11-26 22:00:00,1.04573,1.04744,2024-12-02 14:00:00,1.04876,1.0729300000000002,1.0276342424242424,2025-01-02 14:00:00,1.0276342424242424,loss,-1.0,wickdiffs_2W_H12_ALL_20260101_142945.csv,211.25757575757592
2W,ALL,H12,H4,NZDCAD,long,2022-05-23,2022-06-06,0.80294,0.81912,0.016179999999999972,2022-06-14 09:00:00,2022-06-14 21:00:00,0.80294,0.80494,2022-06-28 09:00:00,0.8051,0.8352999999999999,0.7835768181818182,2022-09-23 09:00:00,0.7835768181818182,loss,-1.0,wickdiffs_2W_H12_ALL_20260101_142945.csv,215.2318181818182
2W,ALL,H12,H4,NZDCAD,short,2024-03-25,2024-04-08,0.81708,0.82492,0.007839999999999958,2024-04-09 21:00:00,2024-04-10 09:00:00,0.82452,0.82492,2024-05-07 13:00:00,0.82382,0.8092400000000001,0.8378298484848485,2024-05-22 01:00:00,0.8378298484848485,loss,-1.0,wickdiffs_2W_H12_ALL_20260101_142945.csv,140.09848484848519
2W,ALL,H12,H4,NZDCHF,long,2024-06-03,2024-06-17,0.54067,0.54672,0.00605,2024-06-19 09:00:00,2024-06-19 21:00:00,0.54146,0.54182,2024-07-16 05:00:00,0.54238,0.55277,0.531655606060606,2024-07-22 13:00:00,0.531655606060606,loss,-1.0,wickdiffs_2W_H12_ALL_20260101_142945.csv,107.24393939393951
2W,ALL,H12,H4,NZDJPY,long,2022-05-09,2022-05-23,79.458,81.996,2.5379999999999967,2022-05-18 09:00:00,2022-05-18 21:00:00,80.489,80.644,2022-09-28 01:00:00,80.81,84.53399999999999,77.9483787878788,2022-10-18 01:00:00,84.53399999999999,win,1.3013602164486084,wickdiffs_2W_H12_ALL_20260101_142945.csv,286.1621212121212
2W,ALL,H12,H4,NZDJPY,short,2024-03-25,2024-04-08,91.18,92.391,1.2109999999999985,2024-04-11 09:00:00,2024-04-11 21:00:00,91.97,92.018,2024-04-23 13:00:00,91.935,89.96900000000001,93.8354393939394,2024-04-26 17:00:00,93.8354393939394,loss,-1.0,wickdiffs_2W_H12_ALL_20260101_142945.csv,190.04393939393924
2W,ALL,H12,H4,NZDUSD,long,2022-05-09,2022-05-23,0.62166,0.64071,0.01905000000000001,2022-05-15 21:00:00,2022-05-16 09:00:00,0.62286,0.62604,2022-06-13 13:00:00,0.62694,0.65976,0.6042315151515152,2022-09-06 13:00:00,0.6042315151515152,loss,-1.0,wickdiffs_2W_H12_ALL_20260101_142945.csv,227.08484848484835
2W,ALL,H12,H4,NZDUSD,long,2022-09-26,2022-10-10,0.55118,0.5607,0.009519999999999973,2022-10-14 09:00:00,2022-10-16 21:00:00,0.55504,0.55515,2025-01-10 10:00:00,0.55558,0.57022,0.5402990909090909,2025-01-24 02:00:00,0.57022,win,0.9580581831161872,wickdiffs_2W_H12_ALL_20260101_142945.csv,152.80909090909086
2W,ALL,H12,H4,NZDUSD,long,2023-12-04,2023-12-18,0.60844,0.62088,0.012440000000000007,2023-12-12 22:00:00,2023-12-13 10:00:00,0.60844,0.60906,2024-01-17 14:00:00,0.61033,0.63332,0.5930312121212121,2024-04-15 01:00:00,0.5930312121212121,loss,-1.0,wickdiffs_2W_H12_ALL_20260101_142945.csv,172.98787878787905
2W,ALL,H12,H4,USDCAD,long,2023-03-27,2023-04-10,1.33011,1.35123,0.021120000000000028,2023-04-13 21:00:00,2023-04-14 09:00:00,1.33011,1.33172,2023-05-08 13:00:00,1.33588,1.37235,1.309815909090909,2023-07-14 01:00:00,1.309815909090909,loss,-1.0,wickdiffs_2W_H12_ALL_20260101_142945.csv,260.6409090909095
2W,ALL,H12,H4,USDCAD,short,2022-08-15,2022-08-29,1.30377,1.32088,0.01710999999999996,2022-09-06 21:00:00,2022-09-07 09:00:00,1.32056,1.32088,2022-09-14 09:00:00,1.3183,1.2866600000000001,1.347537878787879,2022-09-21 21:00:00,1.347537878787879,loss,-1.0,wickdiffs_2W_H12_ALL_20260101_142945.csv,292.3787878787882
2W,ALL,H12,H4,USDCAD,short,2023-10-09,2023-10-23,1.37154,1.38991,0.018369999999999997,2023-11-02 21:00:00,2023-11-03 09:00:00,1.37554,1.37607,2023-11-07 10:00:00,1.37532,1.35317,1.397374393939394,2023-12-01 06:00:00,1.35317,win,1.004335011919571,wickdiffs_2W_H12_ALL_20260101_142945.csv,220.54393939393924
2W,ALL,H12,H4,USDCHF,long,2022-01-31,2022-02-14,0.91504,0.9248,0.009759999999999991,2022-02-21 10:00:00,2022-02-21 22:00:00,0.91504,0.91516,2022-03-01 06:00:00,0.91646,0.93456,0.8986919696969697,2022-03-11 14:00:00,0.93456,win,1.0186835395543534,wickdiffs_2W_H12_ALL_20260101_142945.csv,177.68030303030278
