mode,wd_variant,wd_entry_ltf,wd_source_ltf,entry_ltf,pair,direction,pivot_first_time,pivot_second_time,pivot_low,pivot_high,pivot_range,wd_first_time,wd_second_time,wd_low,wd_high,entry_time,entry_price,tp_price,sl_price,exit_time,exit_price,result,rr_signed,planned_rr,wickdiff_file,dyn_min_sl_pips,VOL
M,ALL,H4,H4,H4,AUDCAD,long,2022-06-01,2022-07-01,0.87359,0.8889,0.015310000000000046,2022-07-21 13:00:00,2022-07-21 17:00:00,0.8877,0.88796,2022-08-02 21:00:00,0.88826,0.9042100000000001,0.8720589999999999,2022-08-10 09:00:00,0.9042100000000001,win,0.9845071291895494,0.9845071291895494,wickdiffs_M_H4_ALL_20260121_202249.csv,79.5969696969696,1.0
M,ALL,H4,H4,H4,AUDCAD,long,2024-01-01,2024-02-01,0.87264,0.88227,0.009630000000000027,2024-02-19 22:00:00,2024-02-20 02:00:00,0.88102,0.88104,2024-03-05 06:00:00,0.88141,0.8919,0.8716769999999999,2024-03-07 10:00:00,0.8919,win,1.0777766361861594,1.0777766361861594,wickdiffs_M_H4_ALL_20260121_202249.csv,54.8727272727273,1.0
M,ALL,H4,H4,H4,AUDCAD,long,2025-04-01,2025-05-01,0.84416,0.88334,0.03917999999999999,2025-04-22 17:00:00,2025-04-22 21:00:00,0.87901,0.87924,2025-06-23 09:00:00,0.8808,0.92252,0.840242,2025-09-11 21:00:00,0.92252,win,1.02865032792544,1.02865032792544,wickdiffs_M_H4_ALL_20260121_202249.csv,78.69393939393936,1.0
M,ALL,H4,H4,H4,AUDCHF,long,2016-02-01,2016-03-01,0.67534,0.71296,0.03761999999999999,2016-02-24 14:00:00,2016-02-24 18:00:00,0.70668,0.70709,2016-05-13 09:00:00,0.70935,0.75058,0.671578,2016-07-12 09:00:00,0.75058,win,1.0915492957746469,1.0915492957746469,wickdiffs_M_H4_ALL_20260121_202249.csv,96.61439393939396,1.0
M,ALL,H1,H1,H4,AUDCHF,long,2016-05-02,2016-06-01,0.70331,0.718835,0.015525000000000011,2016-06-27 17:00:00,2016-06-27 18:00:00,0.71609,0.71652,2017-06-01 01:00:00,0.7166,0.73436,0.7017575,2017-06-14 05:00:00,0.73436,win,1.1965639211723107,1.1965639211723107,wickdiffs_M_H1_ALL_20260126_192005.csv,63.33484848484847,1.0
M,ALL,H1,H1,H4,AUDCHF,long,2018-06-01,2018-07-02,0.7276,0.73368,0.006079999999999974,2018-07-24 06:00:00,2018-07-24 07:00:00,0.73207,0.73245,2018-08-02 09:00:00,0.73296,0.73976,0.7269433333333333,2018-08-07 05:00:00,0.73976,win,1.1301939058171782,1.1301939058171782,wickdiffs_M_H1_ALL_20260126_192005.csv,60.16666666666673,1.0
M,ALL,H4,H4,H4,AUDCHF,long,2019-08-01,2019-09-02,0.65006,0.66682,0.016759999999999997,2019-09-03 09:00:00,2019-09-03 13:00:00,0.66514,0.6653,2019-10-01 13:00:00,0.66624,0.68358,0.648384,2019-10-31 01:00:00,0.68358,win,0.9711021505376243,0.9711021505376243,wickdiffs_M_H4_ALL_20260121_202249.csv,54.49242424242431,1.0
M,ALL,H4,H4,H4,AUDCHF,long,2020-03-02,2020-04-01,0.53433,0.58957,0.05524000000000007,2020-04-03 17:00:00,2020-04-05 21:00:00,0.58463,0.58537,2023-04-26 13:00:00,0.58912,0.6448100000000001,0.528806,2025-04-04 09:00:00,0.528806,loss,-1.0,0.9233345491925614,wickdiffs_M_H4_ALL_20260121_202249.csv,58.13181818181818,1.0
M,ALL,H1,H1,H4,AUDCHF,long,2024-07-01,2024-08-01,0.53656,0.57423,0.03766999999999998,2024-08-28 22:00:00,2024-08-28 23:00:00,0.57058,0.57059,2024-09-03 13:00:00,0.5714,0.6119,0.5327930000000001,2025-04-04 01:00:00,0.5327930000000001,loss,-1.0,1.0490325588623834,wickdiffs_M_H1_ALL_20260126_192005.csv,51.98787878787875,1.0
M,ALL,H1,H1,H4,AUDCHF,short,2018-07-02,2018-08-01,0.73588,0.74475,0.008870000000000045,2018-08-09 10:00:00,2018-08-09 11:00:00,0.73758,0.73778,2018-12-03 10:00:00,0.73658,0.7270099999999999,0.745637,2018-12-05 10:00:00,0.7270099999999999,win,1.0566412719443632,1.0566412719443632,wickdiffs_M_H1_ALL_20260126_192005.csv,55.78787878787872,1.0
M,ALL,H4,H4,H4,AUDCHF,short,2023-06-01,2023-07-03,0.59614,0.61691,0.020769999999999955,2023-07-06 05:00:00,2023-07-06 09:00:00,0.59899,0.60001,2024-04-04 09:00:00,0.5986,0.57537,0.618987,2024-04-19 01:00:00,0.57537,win,1.1394516113209423,1.1394516113209423,wickdiffs_M_H4_ALL_20260121_202249.csv,37.12878787878784,1.0
M,ALL,H4,H4,H4,AUDCHF,short,2025-01-01,2025-02-03,0.56383,0.57628,0.012449999999999961,2025-02-26 06:00:00,2025-02-26 10:00:00,0.56602,0.56698,2025-03-06 02:00:00,0.56456,0.5513800000000001,0.5775250000000001,2025-03-10 21:00:00,0.5513800000000001,win,1.016583108368665,1.016583108368665,wickdiffs_M_H4_ALL_20260121_202249.csv,45.11212121212121,1.0
M,ALL,H4,H4,H4,AUDCHF,short,2025-05-01,2025-06-02,0.52951,0.54523,0.015719999999999956,2025-06-20 09:00:00,2025-06-20 13:00:00,0.53031,0.53078,2025-09-11 17:00:00,0.52998,0.5137900000000001,0.546802,2025-10-16 17:00:00,0.5137900000000001,win,0.962430150992743,0.962430150992743,wickdiffs_M_H4_ALL_20260121_202249.csv,36.8181818181819,1.0
M,ALL,H4,H4,H4,AUDJPY,long,2023-12-01,2024-01-01,93.74,96.04,2.3000000000000114,2023-12-18 22:00:00,2023-12-19 02:00:00,95.485,95.664,2024-02-01 06:00:00,95.818,98.34000000000002,93.50999999999999,2024-02-20 06:00:00,98.34000000000002,win,1.092720970537267,1.092720970537267,wickdiffs_M_H4_ALL_20260121_202249.csv,79.89242424242418,1.0
M,ALL,H4,H4,H4,AUDJPY,long,2024-07-01,2024-08-01,90.139,98.066,7.927000000000007,2024-08-09 17:00:00,2024-08-11 21:00:00,96.22,96.341,2024-09-04 21:00:00,96.618,105.99300000000001,89.3463,2025-04-04 09:00:00,89.3463,loss,-1.0,1.289244605800572,wickdiffs_M_H4_ALL_20260121_202249.csv,122.010606060606,1.0
M,ALL,H1,H1,H4,AUDJPY,short,2019-01-01,2019-02-01,79.2,79.844,0.6439999999999912,2019-02-25 11:00:00,2019-02-25 12:00:00,79.474,79.532,2019-03-01 10:00:00,79.453,78.55600000000001,80.32362121212121,2019-03-06 02:00:00,78.55600000000001,win,1.0302988113677005,1.0302988113677005,wickdiffs_M_H1_ALL_20260126_192005.csv,87.0621212121212,1.0
M,ALL,H1,H1,H4,AUDJPY,short,2023-01-02,2023-02-01,91.767,93.048,1.281000000000006,2023-02-23 13:00:00,2023-02-23 14:00:00,92.221,92.292,2023-03-01 06:00:00,91.87,90.48599999999999,93.1761,2023-03-07 14:00:00,90.48599999999999,win,1.0596432126177275,1.0596432126177275,wickdiffs_M_H1_ALL_20260126_192005.csv,114.0242424242425,1.0
M,ALL,H1,H1,H4,AUDNZD,long,2018-12-03,2019-01-01,1.00415,1.04972,0.04556999999999989,2019-01-24 18:00:00,2019-01-24 19:00:00,1.04724,1.04755,2019-02-01 02:00:00,1.04774,1.0952899999999999,0.9995930000000001,2020-03-18 17:00:00,0.9995930000000001,loss,-1.0,0.987600473549757,wickdiffs_M_H1_ALL_20260126_192005.csv,62.97878787878775,1.0
M,ALL,H4,H4,H4,AUDNZD,long,2022-12-01,2023-01-02,1.04712,1.07354,0.026419999999999888,2022-12-30 10:00:00,2022-12-30 14:00:00,1.06794,1.06948,2023-03-14 01:00:00,1.07049,1.0999599999999998,1.044478,2023-06-07 05:00:00,1.0999599999999998,win,1.1329386437029052,1.1329386437029052,wickdiffs_M_H4_ALL_20260121_202249.csv,71.07424242424251,1.0
M,ALL,H4,H4,H4,AUDNZD,short,2016-03-01,2016-04-01,1.108245,1.13338,0.02513500000000013,2016-04-27 17:00:00,2016-04-27 21:00:00,1.11205,1.11234,2017-09-01 09:00:00,1.111215,1.0831099999999998,1.1358935000000001,2017-09-21 13:00:00,1.0831099999999998,win,1.1388455538221616,1.1388455538221616,wickdiffs_M_H4_ALL_20260121_202249.csv,70.15303030303036,1.0
M,ALL,H4,H4,H4,AUDNZD,short,2023-06-01,2023-07-03,1.08527,1.10548,0.02021000000000006,2023-07-27 05:00:00,2023-07-27 09:00:00,1.08918,1.08992,2023-08-31 01:00:00,1.08796,1.06506,1.107501,2023-10-08 21:00:00,1.06506,win,1.171894990020987,1.171894990020987,wickdiffs_M_H4_ALL_20260121_202249.csv,57.9196969696968,1.0
M,ALL,H1,H1,H4,AUDNZD,short,2024-07-01,2024-08-01,1.09938,1.1156,0.0162199999999999,2024-08-19 19:00:00,2024-08-19 20:00:00,1.10188,1.10207,2024-10-03 01:00:00,1.09974,1.0831600000000001,1.117222,2024-11-22 02:00:00,1.117222,loss,-1.0,0.9484040727605434,wickdiffs_M_H1_ALL_20260126_192005.csv,54.8166666666666,1.0
M,ALL,H1,H1,H4,AUDNZD,short,2024-10-01,2024-11-01,1.10108,1.11806,0.016979999999999995,2024-11-27 02:00:00,2024-11-27 03:00:00,1.10517,1.10668,2024-12-11 22:00:00,1.10418,1.0841,1.119758,2025-04-04 09:00:00,1.0841,win,1.288997303890086,1.288997303890086,wickdiffs_M_H1_ALL_20260126_192005.csv,46.23787878787888,1.0
M,ALL,H1,H1,H4,AUDUSD,long,2018-04-02,2018-05-01,0.74126,0.75299,0.011730000000000018,2018-05-21 09:00:00,2018-05-21 10:00:00,0.75178,0.75189,2018-06-01 09:00:00,0.7529,0.7647200000000001,0.740087,2018-06-04 09:00:00,0.7647200000000001,win,0.9225005853430177,0.9225005853430177,wickdiffs_M_H1_ALL_20260126_192005.csv,59.29545454545456,1.0
M,ALL,H4,H4,H4,AUDUSD,long,2018-12-03,2019-01-01,0.6725,0.70504,0.03254000000000001,2019-01-04 10:00:00,2019-01-04 14:00:00,0.70262,0.70345,2019-03-06 02:00:00,0.70362,0.73758,0.669246,2019-08-07 01:00:00,0.669246,loss,-1.0,0.9879560132658397,wickdiffs_M_H4_ALL_20260121_202249.csv,62.93636363636358,1.0
M,ALL,H1,H1,H4,AUDUSD,long,2019-08-01,2019-09-02,0.66775,0.6736,0.005850000000000022,2019-09-03 12:00:00,2019-09-03 13:00:00,0.67284,0.6729,2019-10-01 01:00:00,0.67322,0.67945,0.667165,2019-10-02 09:00:00,0.667165,loss,-1.0,1.0289017341040336,wickdiffs_M_H1_ALL_20260126_192005.csv,45.38030303030293,1.0
M,ALL,H1,H1,H4,CADCHF,long,2016-10-03,2016-11-01,0.70614,0.737645,0.031505000000000005,2016-11-14 16:00:00,2016-11-14 17:00:00,0.734215,0.7344,2017-03-27 13:00:00,0.737035,0.76915,0.7029894999999999,2017-07-27 09:00:00,0.76915,win,0.9432964708992362,0.9432964708992362,wickdiffs_M_H1_ALL_20260126_192005.csv,54.31212121212118,1.0
M,ALL,H1,H1,H4,CADCHF,long,2018-02-01,2018-03-01,0.72243,0.73621,0.013780000000000014,2018-03-28 02:00:00,2018-03-28 03:00:00,0.73474,0.73493,2018-09-06 09:00:00,0.73495,0.74999,0.721052,2018-09-19 17:00:00,0.74999,win,1.082170096416757,1.082170096416757,wickdiffs_M_H1_ALL_20260126_192005.csv,51.58181818181816,1.0
M,ALL,H1,H1,H4,CADCHF,long,2020-03-02,2020-04-01,0.66057,0.68348,0.022909999999999986,2020-04-21 09:00:00,2020-04-21 10:00:00,0.68044,0.6808,2020-05-01 13:00:00,0.6819,0.70639,0.658279,2020-05-27 09:00:00,0.70639,win,1.0367892976588633,1.0367892976588633,wickdiffs_M_H1_ALL_20260126_192005.csv,80.40757575757574,1.0
M,ALL,H4,H4,H4,CADCHF,long,2021-11-01,2021-12-01,0.70975,0.71874,0.008990000000000054,2021-12-30 22:00:00,2021-12-31 02:00:00,0.71668,0.71698,2022-01-06 06:00:00,0.71856,0.7277300000000001,0.708851,2022-01-10 02:00:00,0.7277300000000001,win,0.9444844989185449,0.9444844989185449,wickdiffs_M_H4_ALL_20260121_202249.csv,53.10303030303032,1.0
M,ALL,H4,H4,H4,CADCHF,short,2020-05-01,2020-06-01,0.69784,0.72023,0.02239000000000002,2020-06-23 09:00:00,2020-06-23 13:00:00,0.69988,0.70184,2020-07-15 17:00:00,0.69904,0.67545,0.722469,2020-07-31 01:00:00,0.67545,win,1.0068718255153855,1.0068718255153855,wickdiffs_M_H4_ALL_20260121_202249.csv,60.57424242424241,1.0
M,ALL,H1,H1,H4,CADJPY,long,2016-02-01,2016-03-01,79.284,83.221,3.9369999999999976,2016-02-25 14:00:00,2016-02-25 15:00:00,82.494,82.662,2016-04-07 09:00:00,82.699,87.158,78.89030000000001,2016-04-22 09:00:00,87.158,win,1.1707406726704697,1.1707406726704697,wickdiffs_M_H1_ALL_20260126_192005.csv,145.5348484848484,1.0
M,ALL,H1,H1,H4,CADJPY,long,2016-09-01,2016-10-03,75.413,77.197,1.784000000000006,2016-09-30 07:00:00,2016-09-30 08:00:00,76.37,76.538,2016-11-04 13:00:00,76.886,78.98100000000001,75.2346,2016-11-08 18:00:00,78.98100000000001,win,1.2686205643696373,1.2686205643696373,wickdiffs_M_H1_ALL_20260126_192005.csv,82.19545454545455,1.0
M,ALL,H1,H1,H4,CADJPY,long,2017-04-03,2017-05-01,80.576,81.6875,1.1115000000000066,2017-05-18 15:00:00,2017-05-18 16:00:00,81.39,81.447,2017-06-06 05:00:00,81.5745,82.799,80.46485,2017-06-13 01:00:00,82.799,win,1.1035011039517,1.1035011039517,wickdiffs_M_H1_ALL_20260126_192005.csv,77.00909090909094,1.0
M,ALL,H1,H1,H4,CADJPY,long,2018-12-03,2019-01-01,76.731,80.368,3.6370000000000005,2019-01-04 07:00:00,2019-01-04 08:00:00,80.135,80.163,2019-05-31 09:00:00,80.366,84.005,76.3673,2020-01-10 10:00:00,84.005,win,0.910045764873583,0.910045764873583,wickdiffs_M_H1_ALL_20260126_192005.csv,59.11818181818185,1.0
M,ALL,H1,H1,H4,CADJPY,long,2022-12-01,2023-01-02,94.637,96.792,2.155000000000001,2023-01-26 06:00:00,2023-01-26 07:00:00,96.45,96.518,2023-02-02 10:00:00,96.606,98.947,94.4215,2023-02-13 06:00:00,98.947,win,1.0716411078049934,1.0716411078049934,wickdiffs_M_H1_ALL_20260126_192005.csv,131.180303030303,1.0
M,ALL,H1,H1,H4,CADJPY,long,2024-09-02,2024-10-01,102.814,106.198,3.3840000000000003,2024-10-01 13:00:00,2024-10-01 14:00:00,105.844,105.938,2024-12-03 14:00:00,106.182,109.582,102.47559999999999,2024-12-19 14:00:00,109.582,win,0.9173321821713729,0.9173321821713729,wickdiffs_M_H1_ALL_20260126_192005.csv,117.5015151515152,1.0
M,ALL,H4,H4,H4,CHFJPY,long,2016-04-01,2016-05-02,109.844,110.846,1.0020000000000095,2016-05-27 09:00:00,2016-05-27 13:00:00,110.4735,110.563,2016-06-01 05:00:00,110.728,111.84800000000001,109.61041666666667,2016-06-03 09:00:00,109.61041666666667,loss,-1.0,1.0021624039967352,wickdiffs_M_H4_ALL_20260121_202249.csv,111.7583333333334,1.0
M,ALL,H1,H1,H4,CHFJPY,long,2017-07-03,2017-08-01,112.571,114.04,1.4690000000000083,2017-08-24 23:00:00,2017-08-25 00:00:00,113.408,113.458,2017-09-08 09:00:00,113.8355,115.50900000000001,112.4241,2017-09-15 09:00:00,115.50900000000001,win,1.1857021397194403,1.1857021397194403,wickdiffs_M_H1_ALL_20260126_192005.csv,83.96060606060624,1.0
M,ALL,H1,H1,H4,CHFJPY,long,2018-04-02,2018-05-01,108.514,110.368,1.8539999999999992,2018-05-28 01:00:00,2018-05-28 02:00:00,110.244,110.264,2018-06-19 05:00:00,110.276,112.222,108.3286,2018-07-11 13:00:00,112.222,win,0.9992810927390346,0.9992810927390346,wickdiffs_M_H1_ALL_20260126_192005.csv,70.71060606060617,1.0
M,ALL,H4,H4,H4,CHFJPY,long,2021-02-01,2021-03-01,115.914,117.295,1.3810000000000002,2021-03-30 13:00:00,2021-03-30 17:00:00,116.856,117.014,2021-04-01 01:00:00,117.039,118.676,115.77590000000001,2021-04-12 13:00:00,118.676,win,1.2960177341461545,1.2960177341461545,wickdiffs_M_H4_ALL_20260121_202249.csv,62.94696969696971,1.0
M,ALL,H1,H1,H4,CHFJPY,long,2023-12-01,2024-01-01,162.174,167.606,5.431999999999988,2024-01-03 11:00:00,2024-01-03 12:00:00,166.99,167.213,2024-03-10 21:00:00,167.29,173.03799999999998,161.63080000000002,2024-04-26 17:00:00,173.03799999999998,win,1.0156912637828706,1.0156912637828706,wickdiffs_M_H1_ALL_20260126_192005.csv,130.4409090909089,1.0
M,ALL,H1,H1,H4,CHFJPY,short,2020-01-01,2020-02-03,112.47,114.389,1.918999999999997,2020-02-26 14:00:00,2020-02-26 15:00:00,113.24,113.27,2020-03-02 22:00:00,112.814,110.551,114.5809,2020-03-09 01:00:00,110.551,win,1.2807742373648663,1.2807742373648663,wickdiffs_M_H1_ALL_20260126_192005.csv,58.25075757575758,1.0
M,ALL,H1,H1,H4,EURAUD,long,2015-03-02,2015-04-01,1.36801,1.410705,0.04269500000000015,2015-04-30 09:00:00,2015-04-30 10:00:00,1.406645,1.407425,2015-05-05 01:00:00,1.40824,1.4534000000000002,1.3637405,2015-06-04 01:00:00,1.4534000000000002,win,1.0148428634029685,1.0148428634029685,wickdiffs_M_H1_ALL_20260126_192005.csv,163.4606060606061,1.0
M,ALL,H4,H4,H4,EURAUD,long,2019-09-02,2019-10-01,1.5906,1.61464,0.02404000000000006,2019-10-31 01:00:00,2019-10-31 05:00:00,1.61134,1.61182,2019-11-05 02:00:00,1.61228,1.6386800000000001,1.588196,2020-01-30 10:00:00,1.6386800000000001,win,1.0961634280020016,1.0961634280020016,wickdiffs_M_H4_ALL_20260121_202249.csv,110.7560606060606,1.0
M,ALL,H1,H1,H4,EURAUD,long,2022-03-01,2022-04-01,1.4321,1.47888,0.046780000000000044,2022-04-22 07:00:00,2022-04-22 08:00:00,1.47548,1.47704,2022-05-03 01:00:00,1.47902,1.52566,1.427422,2022-05-09 21:00:00,1.52566,win,0.903911004302492,0.903911004302492,wickdiffs_M_H1_ALL_20260126_192005.csv,153.6242424242426,1.0
M,ALL,H1,H1,H4,EURAUD,long,2022-07-01,2022-08-01,1.42846,1.46315,0.03468999999999989,2022-08-31 03:00:00,2022-08-31 04:00:00,1.45796,1.4581,2022-09-05 05:00:00,1.4623,1.4978399999999998,1.4249910000000001,2022-09-28 05:00:00,1.4978399999999998,win,0.9525851671178558,0.9525851671178558,wickdiffs_M_H1_ALL_20260126_192005.csv,145.7803030303031,1.0
M,ALL,H4,H4,H4,EURAUD,short,2018-12-03,2019-01-01,1.62609,1.66893,0.04283999999999999,2019-01-03 18:00:00,2019-01-03 22:00:00,1.62872,1.63062,2019-06-11 05:00:00,1.62667,1.58325,1.673214,2019-08-07 01:00:00,1.673214,loss,-1.0,0.9328807150223464,wickdiffs_M_H4_ALL_20260121_202249.csv,85.18484848484849,1.0
M,ALL,H1,H1,H4,EURAUD,short,2019-08-01,2019-09-02,1.63121,1.67871,0.047499999999999876,2019-08-30 12:00:00,2019-08-30 13:00:00,1.6421,1.64334,2019-10-16 13:00:00,1.63866,1.5837100000000002,1.68346,2020-02-28 02:00:00,1.68346,loss,-1.0,1.2265624999999976,wickdiffs_M_H1_ALL_20260126_192005.csv,115.0636363636364,1.0
M,ALL,H4,H4,H4,EURAUD,short,2021-07-01,2021-08-02,1.61596,1.64366,0.027699999999999836,2021-08-27 09:00:00,2021-08-27 13:00:00,1.62238,1.62302,2021-09-21 13:00:00,1.62058,1.5882600000000002,1.6464299999999998,2021-10-06 17:00:00,1.5882600000000002,win,1.2502901353965095,1.2502901353965095,wickdiffs_M_H4_ALL_20260121_202249.csv,96.16818181818172,1.0
M,ALL,H4,H4,H4,EURCAD,short,2016-01-01,2016-02-01,1.51351,1.61053,0.0970200000000001,2016-02-24 10:00:00,2016-02-24 14:00:00,1.522565,1.526675,2016-11-09 02:00:00,1.51859,1.4164899999999998,1.6202320000000001,2016-12-01 14:00:00,1.4164899999999998,win,1.0045060112945465,1.0045060112945465,wickdiffs_M_H4_ALL_20260121_202249.csv,113.5840909090907,1.0
M,ALL,H1,H1,H4,EURCAD,short,2018-06-01,2018-07-02,1.53477,1.55898,0.024210000000000065,2018-07-25 09:00:00,2018-07-25 10:00:00,1.53701,1.53703,2018-09-06 13:00:00,1.53531,1.51056,1.561401,2018-09-12 13:00:00,1.51056,win,0.948602966540185,0.948602966540185,wickdiffs_M_H1_ALL_20260126_192005.csv,99.44545454545452,1.0
M,ALL,H1,H1,H4,EURCAD,short,2019-08-01,2019-09-02,1.46265,1.49952,0.03686999999999996,2019-08-29 14:00:00,2019-08-29 15:00:00,1.47204,1.47501,2019-10-31 09:00:00,1.46744,1.42578,1.503207,2020-03-05 10:00:00,1.503207,loss,-1.0,1.1647608130399578,wickdiffs_M_H1_ALL_20260126_192005.csv,89.23030303030293,1.0
M,ALL,H1,H1,H4,EURCAD,short,2021-04-01,2021-05-03,1.47682,1.51931,0.04248999999999992,2021-04-30 09:00:00,2021-04-30 10:00:00,1.48518,1.48552,2021-06-20 21:00:00,1.47664,1.43433,1.5235589999999999,2021-10-14 13:00:00,1.43433,win,0.9017668748268273,0.9017668748268273,wickdiffs_M_H1_ALL_20260126_192005.csv,83.94696969696976,1.0
M,ALL,H1,H1,H4,EURCAD,short,2022-12-01,2023-01-02,1.45018,1.46439,0.014210000000000056,2023-01-27 08:00:00,2023-01-27 09:00:00,1.45166,1.452,2023-02-01 10:00:00,1.45146,1.43597,1.465811,2023-02-10 10:00:00,1.43597,win,1.0793672914779457,1.0793672914779457,wickdiffs_M_H1_ALL_20260126_192005.csv,108.819696969697,1.0
M,ALL,H4,H4,H4,EURCAD,short,2023-11-01,2023-12-01,1.47634,1.50446,0.028119999999999923,2023-12-01 02:00:00,2023-12-01 06:00:00,1.47752,1.47802,2024-03-06 06:00:00,1.47717,1.44822,1.507272,2024-08-02 09:00:00,1.507272,loss,-1.0,0.9617301176001652,wickdiffs_M_H4_ALL_20260121_202249.csv,76.6257575757574,1.0
M,ALL,H1,H1,H4,EURCHF,long,2015-01-01,2015-02-02,0.9714,1.03936,0.06796000000000002,2015-01-29 08:00:00,2015-01-29 09:00:00,1.02405,1.027835,2015-04-16 05:00:00,1.031825,1.10732,0.964604,2016-01-27 10:00:00,1.10732,win,1.1230865354576711,1.1230865354576711,wickdiffs_M_H1_ALL_20260126_192005.csv,153.0310606060604,1.0
M,ALL,H4,H4,H4,EURCHF,long,2017-08-01,2017-09-01,1.12592,1.141745,0.015824999999999978,2017-09-11 05:00:00,2017-09-11 09:00:00,1.13954,1.13957,2017-10-02 09:00:00,1.13971,1.15757,1.1243375,2017-10-18 17:00:00,1.15757,win,1.161814929256788,1.161814929256788,wickdiffs_M_H4_ALL_20260121_202249.csv,70.97424242424249,1.0
M,ALL,H1,H1,H4,EURCHF,long,2020-12-01,2021-01-01,1.07374,1.08091,0.007170000000000121,2021-01-31 22:00:00,2021-01-31 23:00:00,1.07967,1.07986,2021-02-03 10:00:00,1.08007,1.0880800000000002,1.0730229999999998,2021-02-22 02:00:00,1.0880800000000002,win,1.1366538952745553,1.1366538952745553,wickdiffs_M_H1_ALL_20260126_192005.csv,38.98636363636379,1.0
M,ALL,H4,H4,H4,EURCHF,long,2022-11-01,2022-12-01,0.9715,0.98382,0.012319999999999998,2022-12-29 10:00:00,2022-12-29 14:00:00,0.98247,0.98346,2023-01-04 06:00:00,0.98387,0.99614,0.970268,2023-01-11 10:00:00,0.99614,win,0.9020732245258051,0.9020732245258051,wickdiffs_M_H4_ALL_20260121_202249.csv,63.51060606060607,1.0
M,ALL,H1,H1,H4,EURCHF,long,2024-08-01,2024-09-02,0.92108,0.93906,0.017979999999999996,2024-09-11 14:00:00,2024-09-11 15:00:00,0.93285,0.93404,2024-10-01 13:00:00,0.93584,0.95704,0.919282,2025-03-05 14:00:00,0.95704,win,1.2803478681000149,1.2803478681000149,wickdiffs_M_H1_ALL_20260126_192005.csv,58.82575757575744,1.0
M,ALL,H4,H4,H4,EURCHF,short,2015-09-01,2015-10-01,1.087825,1.104965,0.017139999999999933,2015-10-14 05:00:00,2015-10-14 09:00:00,1.091725,1.09174,2015-11-27 10:00:00,1.09022,1.070685,1.106679,2016-01-27 10:00:00,1.106679,loss,-1.0,1.186888632359187,wickdiffs_M_H4_ALL_20260121_202249.csv,66.5212121212121,1.0
M,ALL,H1,H1,H4,EURCHF,short,2022-01-03,2022-02-01,1.04121,1.06118,0.019970000000000043,2022-02-21 06:00:00,2022-02-21 07:00:00,1.04642,1.04668,2022-05-09 05:00:00,1.04406,1.02124,1.063177,2022-06-16 05:00:00,1.02124,win,1.1937019406810694,1.1937019406810694,wickdiffs_M_H1_ALL_20260126_192005.csv,80.10151515151509,1.0
M,ALL,H1,H1,H4,EURCHF,short,2024-09-02,2024-10-01,0.94185,0.95085,0.009000000000000008,2024-09-30 12:00:00,2024-09-30 13:00:00,0.9441,0.94426,2024-11-01 05:00:00,0.94299,0.93285,0.95175,2024-11-19 06:00:00,0.93285,win,1.1575342465753482,1.1575342465753482,wickdiffs_M_H1_ALL_20260126_192005.csv,59.23030303030288,1.0
M,ALL,H1,H1,H4,EURGBP,long,2019-02-01,2019-03-01,0.84726,0.85746,0.010199999999999987,2019-03-29 11:00:00,2019-03-29 12:00:00,0.85512,0.85646,2019-04-01 09:00:00,0.85661,0.86766,0.84624,2019-04-17 05:00:00,0.86766,win,1.0655737704918047,1.0655737704918047,wickdiffs_M_H1_ALL_20260126_192005.csv,73.47121212121218,1.0
M,ALL,H1,H1,H4,EURGBP,short,2016-03-01,2016-04-01,0.79245,0.811725,0.019275000000000042,2016-04-18 16:00:00,2016-04-18 17:00:00,0.7933,0.79333,2016-05-04 05:00:00,0.79329,0.773175,0.8136525,2016-05-18 13:00:00,0.773175,win,0.9878453038674109,0.9878453038674109,wickdiffs_M_H1_ALL_20260126_192005.csv,74.01590909090912,1.0
M,ALL,H4,H4,H4,EURGBP,short,2019-07-01,2019-08-01,0.91071,0.93246,0.021749999999999936,2019-08-22 01:00:00,2019-08-22 05:00:00,0.91472,0.91576,2019-09-03 05:00:00,0.91303,0.8889600000000001,0.934635,2019-09-12 09:00:00,0.8889600000000001,win,1.114093959731541,1.114093959731541,wickdiffs_M_H4_ALL_20260121_202249.csv,57.59696969696974,1.0
M,ALL,H1,H1,H4,EURGBP,short,2022-03-01,2022-04-01,0.84201,0.85126,0.00924999999999998,2022-04-27 18:00:00,2022-04-27 19:00:00,0.8422,0.84223,2022-05-03 13:00:00,0.84206,0.8327600000000001,0.852185,2022-05-05 09:00:00,0.852185,loss,-1.0,0.9185185185185215,wickdiffs_M_H1_ALL_20260126_192005.csv,56.42424242424237,1.0
M,ALL,H1,H1,H4,EURGBP,short,2022-09-01,2022-10-03,0.87743,0.92785,0.05041999999999991,2022-10-12 12:00:00,2022-10-12 13:00:00,0.87919,0.87956,2022-11-09 10:00:00,0.87888,0.8270100000000001,0.9328919999999999,2024-11-11 10:00:00,0.8270100000000001,win,0.9603421461897339,0.9603421461897339,wickdiffs_M_H1_ALL_20260126_192005.csv,84.2878787878788,1.0
M,ALL,H4,H4,H4,EURJPY,long,2016-07-01,2016-08-01,110.827,114.074,3.247,2016-08-26 09:00:00,2016-08-26 13:00:00,113.1545,113.247,2016-09-20 21:00:00,113.4835,117.321,110.50229999999999,2016-11-16 02:00:00,117.321,win,1.287233328860852,1.287233328860852,wickdiffs_M_H4_ALL_20260121_202249.csv,147.3833333333334,1.0
M,ALL,H1,H1,H4,EURJPY,long,2019-01-01,2019-02-01,118.484,124.622,6.138000000000005,2019-01-16 06:00:00,2019-01-16 07:00:00,123.666,123.679,2019-03-28 05:00:00,124.098,130.76,117.8702,2019-08-05 01:00:00,117.8702,loss,-1.0,1.0697196441761119,wickdiffs_M_H1_ALL_20260126_192005.csv,90.35151515151529,1.0
M,ALL,H1,H1,H4,EURJPY,long,2022-12-01,2023-01-02,137.388,140.324,2.936000000000007,2023-01-20 07:00:00,2023-01-20 08:00:00,139.608,139.682,2023-02-10 06:00:00,140.194,143.26000000000002,137.0944,2023-02-15 10:00:00,143.26000000000002,win,0.989159891598932,0.989159891598932,wickdiffs_M_H1_ALL_20260126_192005.csv,163.2454545454548,1.0
M,ALL,H4,H4,H4,EURJPY,long,2023-07-03,2023-08-01,151.412,156.455,5.043000000000006,2023-07-30 21:00:00,2023-07-31 01:00:00,155.112,155.222,2023-10-03 13:00:00,155.992,161.49800000000002,150.9077,2023-11-08 14:00:00,161.49800000000002,win,1.0829416045473408,1.0829416045473408,wickdiffs_M_H4_ALL_20260121_202249.csv,123.5499999999997,1.0
M,ALL,H1,H1,H4,EURJPY,short,2017-09-01,2017-10-02,132.91,134.5,1.5900000000000034,2017-10-26 17:00:00,2017-10-26 18:00:00,132.964,133.143,2017-11-02 09:00:00,132.9375,131.32,134.659,2017-11-19 22:00:00,131.32,win,0.9395875689805486,0.9395875689805486,wickdiffs_M_H1_ALL_20260126_192005.csv,98.75227272727264,1.0
M,ALL,H4,H4,H4,EURNZD,long,2016-08-01,2016-09-01,1.50287,1.53925,0.03638000000000008,2016-09-22 09:00:00,2016-09-22 13:00:00,1.52997,1.53195,2016-10-04 09:00:00,1.53398,1.57563,1.499232,2016-10-11 01:00:00,1.57563,win,1.1986301369863066,1.1986301369863066,wickdiffs_M_H4_ALL_20260121_202249.csv,151.062121212121,1.0
M,ALL,H1,H1,H4,EURNZD,long,2017-09-01,2017-10-02,1.6147,1.6385,0.023800000000000043,2017-10-03 06:00:00,2017-10-03 07:00:00,1.63297,1.63373,2018-12-04 02:00:00,1.6357,1.6623,1.61232,2018-12-07 14:00:00,1.6623,win,1.1377245508982134,1.1377245508982134,wickdiffs_M_H1_ALL_20260126_192005.csv,119.5257575757578,1.0
M,ALL,H4,H4,H4,EURNZD,long,2021-02-01,2021-03-01,1.6323,1.66916,0.03685999999999989,2021-03-22 09:00:00,2021-03-22 13:00:00,1.66066,1.66121,2021-05-06 01:00:00,1.66618,1.7060199999999999,1.628614,2021-06-18 05:00:00,1.7060199999999999,win,1.060533461108446,1.060533461108446,wickdiffs_M_H4_ALL_20260121_202249.csv,118.4060606060605,1.0
M,ALL,H1,H1,H4,EURNZD,short,2015-08-03,2015-09-01,1.768155,1.89583,0.12767499999999998,2015-09-29 06:00:00,2015-09-29 07:00:00,1.790085,1.79015,2018-10-05 17:00:00,1.78897,1.64048,1.9085975,2018-12-02 22:00:00,1.64048,win,1.241269774926334,1.241269774926334,wickdiffs_M_H1_ALL_20260126_192005.csv,98.66060606060604,1.0
M,ALL,H1,H1,H4,EURNZD,short,2016-09-01,2016-10-03,1.54315,1.57646,0.03330999999999995,2016-10-17 11:00:00,2016-10-17 12:00:00,1.54453,1.545035,2016-11-01 13:00:00,1.543505,1.50984,1.579791,2016-11-06 22:00:00,1.50984,win,0.9277682852890866,0.9277682852890866,wickdiffs_M_H1_ALL_20260126_192005.csv,134.9378787878786,1.0
M,ALL,H1,H1,H4,EURNZD,short,2017-05-01,2017-06-01,1.58725,1.62374,0.03648999999999991,2017-06-01 06:00:00,2017-06-01 07:00:00,1.58962,1.59016,2017-07-11 21:00:00,1.58778,1.5507600000000001,1.627389,2017-07-13 09:00:00,1.5507600000000001,win,0.9346360675603985,0.9346360675603985,wickdiffs_M_H1_ALL_20260126_192005.csv,136.6795454545456,1.0
M,ALL,H1,H1,H4,EURUSD,long,2016-06-01,2016-07-01,1.0912,1.11062,0.019419999999999993,2016-07-27 21:00:00,2016-07-27 22:00:00,1.10524,1.10527,2016-08-05 13:00:00,1.10882,1.13004,1.089258,2016-08-16 09:00:00,1.13004,win,1.0847561599018594,1.0847561599018594,wickdiffs_M_H1_ALL_20260126_192005.csv,88.70151515151521,1.0
M,ALL,H4,H4,H4,EURUSD,long,2020-02-03,2020-03-02,1.06361,1.10277,0.039160000000000084,2020-03-30 09:00:00,2020-03-30 13:00:00,1.101,1.10128,2020-04-01 01:00:00,1.10168,1.1419300000000001,1.059694,2020-06-10 17:00:00,1.1419300000000001,win,0.9586528842947659,0.9586528842947659,wickdiffs_M_H4_ALL_20260121_202249.csv,92.13484848484865,1.0
M,ALL,H4,H4,H4,EURUSD,short,2015-08-03,2015-09-01,1.12111,1.17141,0.05030000000000001,2015-09-21 01:00:00,2015-09-21 05:00:00,1.132205,1.133035,2015-10-08 17:00:00,1.127615,1.07081,1.1764400000000002,2015-11-06 14:00:00,1.07081,win,1.1634408602150508,1.1634408602150508,wickdiffs_M_H4_ALL_20260121_202249.csv,121.6106060606062,1.0
M,ALL,H4,H4,H4,EURUSD,short,2015-12-01,2016-01-01,1.08697,1.10596,0.018990000000000062,2016-01-27 18:00:00,2016-01-27 22:00:00,1.09073,1.091655,2016-02-01 14:00:00,1.089115,1.06798,1.1078590000000001,2016-02-03 14:00:00,1.1078590000000001,loss,-1.0,1.127560819462229,wickdiffs_M_H4_ALL_20260121_202249.csv,101.6924242424244,1.0
M,ALL,H1,H1,H4,EURUSD,short,2018-12-03,2019-01-01,1.14657,1.15703,0.010459999999999914,2019-01-15 03:00:00,2019-01-15 04:00:00,1.1485,1.14864,2019-02-01 10:00:00,1.14738,1.1361100000000002,1.1580759999999999,2019-02-06 18:00:00,1.1361100000000002,win,1.0536649214659766,1.0536649214659766,wickdiffs_M_H1_ALL_20260126_192005.csv,78.48181818181828,1.0
M,ALL,H4,H4,H4,GBPAUD,long,2020-12-01,2021-01-01,1.74162,1.77695,0.035330000000000084,2021-01-25 10:00:00,2021-01-25 14:00:00,1.7697,1.7698,2021-02-25 06:00:00,1.77151,1.8122800000000001,1.738087,2021-03-25 13:00:00,1.8122800000000001,win,1.2198186877300128,1.2198186877300128,wickdiffs_M_H4_ALL_20260121_202249.csv,135.6212121212121,1.0
M,ALL,H4,H4,H4,GBPAUD,short,2015-08-03,2015-09-01,2.15702,2.24049,0.08346999999999971,2015-09-28 13:00:00,2015-09-28 17:00:00,2.173425,2.175,2015-10-02 13:00:00,2.162435,2.0735500000000004,2.248837,2015-11-24 22:00:00,2.0735500000000004,win,1.0287377606999761,1.0287377606999761,wickdiffs_M_H4_ALL_20260121_202249.csv,265.9159090909089,1.0
M,ALL,H4,H4,H4,GBPAUD,short,2018-12-03,2019-01-01,1.8093,2.02495,0.21565000000000012,2019-01-25 02:00:00,2019-01-25 06:00:00,1.84996,1.85181,2019-02-26 10:00:00,1.84156,1.5936499999999998,2.046515,2020-03-09 01:00:00,2.046515,loss,-1.0,1.2095825913005323,wickdiffs_M_H4_ALL_20260121_202249.csv,204.4272727272725,1.0
M,ALL,H4,H4,H4,GBPCAD,long,2022-08-01,2022-09-01,1.40758,1.52642,0.11884000000000006,2022-09-30 01:00:00,2022-09-30 05:00:00,1.51862,1.52039,2022-10-07 13:00:00,1.5213,1.6452600000000002,1.395696,2022-12-01 14:00:00,1.6452600000000002,win,0.9869112448648134,0.9869112448648134,wickdiffs_M_H4_ALL_20260121_202249.csv,148.9227272727273,1.0
M,ALL,H4,H4,H4,GBPCAD,long,2025-01-01,2025-02-03,1.74582,1.81312,0.06730000000000014,2025-02-25 02:00:00,2025-02-25 06:00:00,1.79929,1.79934,2025-04-09 17:00:00,1.80575,1.8804200000000002,1.73909,2025-06-26 05:00:00,1.8804200000000002,win,1.1201620162016246,1.1201620162016246,wickdiffs_M_H4_ALL_20260121_202249.csv,134.5984848484849,1.0
M,ALL,H4,H4,H4,GBPCAD,long,2025-04-01,2025-05-01,1.79829,1.83868,0.04039000000000015,2025-05-05 13:00:00,2025-05-05 17:00:00,1.8332,1.83322,2025-06-17 13:00:00,1.83377,1.8790700000000002,1.794251,2025-06-26 01:00:00,1.8790700000000002,win,1.1462840658923683,1.1462840658923683,wickdiffs_M_H4_ALL_20260121_202249.csv,124.6848484848485,1.0
M,ALL,H4,H4,H4,GBPCHF,long,2015-04-01,2015-05-01,1.381755,1.43143,0.049674999999999914,2015-05-08 09:00:00,2015-05-08 13:00:00,1.4203,1.422325,2015-06-08 17:00:00,1.42358,1.481105,1.3767875,2015-07-01 17:00:00,1.481105,win,1.2293636800769314,1.2293636800769314,wickdiffs_M_H4_ALL_20260121_202249.csv,159.9863636363638,1.0
M,ALL,H4,H4,H4,GBPCHF,long,2017-01-02,2017-02-01,1.2112,1.244585,0.033385,2017-02-17 06:00:00,2017-02-17 10:00:00,1.23815,1.23938,2017-03-01 18:00:00,1.240295,1.27797,1.2078615000000001,2017-04-18 17:00:00,1.27797,win,1.1616075970832744,1.1616075970832744,wickdiffs_M_H4_ALL_20260121_202249.csv,113.9492424242426,1.0
M,ALL,H4,H4,H4,GBPCHF,long,2020-03-02,2020-04-01,1.11162,1.19336,0.08173999999999992,2020-04-21 13:00:00,2020-04-21 17:00:00,1.18702,1.18995,2020-05-12 13:00:00,1.19145,1.2751,1.1034460000000001,2021-02-23 18:00:00,1.2751,win,0.950524976137451,0.950524976137451,wickdiffs_M_H4_ALL_20260121_202249.csv,142.6939393939394,1.0
M,ALL,H4,H4,H4,GBPCHF,long,2024-08-01,2024-09-02,1.07432,1.11583,0.04151000000000016,2024-09-13 09:00:00,2024-09-13 13:00:00,1.10985,1.11074,2024-10-31 13:00:00,1.11338,1.1573400000000003,1.070169,2025-04-09 13:00:00,1.070169,loss,-1.0,1.01733354932772,wickdiffs_M_H4_ALL_20260121_202249.csv,89.27272727272708,1.0
M,ALL,H4,H4,H4,GBPCHF,short,2024-05-01,2024-06-03,1.1497,1.1678,0.018100000000000005,2024-05-31 05:00:00,2024-05-31 09:00:00,1.15232,1.15336,2024-07-04 05:00:00,1.14972,1.1316,1.16961,2024-07-25 09:00:00,1.1316,win,0.9110105580693901,0.9110105580693901,wickdiffs_M_H4_ALL_20260121_202249.csv,64.34393939393935,1.0
M,ALL,H4,H4,H4,GBPJPY,long,2018-12-03,2019-01-01,131.131,139.828,8.697000000000003,2019-01-15 14:00:00,2019-01-15 18:00:00,137.374,138.238,2019-05-28 21:00:00,138.31,148.525,130.2613,2019-08-01 17:00:00,130.2613,loss,-1.0,1.2691490551269158,wickdiffs_M_H4_ALL_20260121_202249.csv,126.5257575757576,1.0
M,ALL,H4,H4,H4,GBPJPY,long,2022-08-01,2022-09-01,149.048,161.478,12.430000000000007,2022-09-30 01:00:00,2022-09-30 05:00:00,160.231,160.339,2022-10-11 05:00:00,160.901,173.90800000000002,147.805,2023-05-28 21:00:00,173.90800000000002,win,0.9932040317654247,0.9932040317654247,wickdiffs_M_H4_ALL_20260121_202249.csv,204.490909090909,1.0
M,ALL,H4,H4,H4,GBPJPY,long,2024-08-01,2024-09-02,180.102,191.868,11.765999999999991,2024-09-23 21:00:00,2024-09-24 01:00:00,191.345,191.514,2024-10-01 09:00:00,191.842,203.634,178.9254,2025-10-07 17:00:00,203.634,win,0.9129337441741602,0.9129337441741602,wickdiffs_M_H4_ALL_20260121_202249.csv,238.7984848484849,1.0
M,ALL,H4,H4,H4,GBPJPY,long,2025-08-01,2025-09-01,195.032,198.432,3.3999999999999773,2025-08-08 01:00:00,2025-08-08 05:00:00,197.682,197.693,2025-10-02 09:00:00,198.166,201.83199999999997,194.692,2025-10-06 01:00:00,201.83199999999997,win,1.0552677029360908,1.0552677029360908,wickdiffs_M_H4_ALL_20260121_202249.csv,119.6287878787881,1.0
M,ALL,H4,H4,H4,GBPJPY,short,2017-11-01,2017-12-01,152.2275,153.414,1.1864999999999952,2017-12-29 14:00:00,2017-12-29 18:00:00,152.357,152.516,2018-01-01 22:00:00,152.332,151.041,153.58825757575758,2018-01-05 10:00:00,153.58825757575758,loss,-1.0,1.0276554943133143,wickdiffs_M_H4_ALL_20260121_202249.csv,125.6257575757575,1.0
M,ALL,H4,H4,H4,GBPJPY,short,2025-07-01,2025-08-01,199.013,200.283,1.2699999999999818,2025-08-18 09:00:00,2025-08-18 13:00:00,200.115,200.272,2025-09-02 05:00:00,199.11,197.74300000000002,200.44645454545457,2025-09-12 09:00:00,200.44645454545457,loss,-1.0,1.022855588055226,wickdiffs_M_H4_ALL_20260121_202249.csv,133.6454545454547,1.0
M,ALL,H4,H4,H4,GBPNZD,long,2017-01-02,2017-02-01,1.68348,1.720455,0.03697499999999998,2017-02-28 14:00:00,2017-02-28 18:00:00,1.71632,1.71734,2017-03-01 18:00:00,1.720575,1.75743,1.6797825000000002,2017-03-08 10:00:00,1.75743,win,0.9034749034749102,0.9034749034749102,wickdiffs_M_H4_ALL_20260121_202249.csv,183.4818181818181,1.0
M,ALL,H4,H4,H4,GBPNZD,long,2017-12-01,2018-01-01,1.86179,1.90406,0.04227000000000003,2018-01-16 10:00:00,2018-01-16 14:00:00,1.88968,1.89111,2018-02-22 10:00:00,1.896375,1.9463300000000001,1.857563,2018-03-19 09:00:00,1.9463300000000001,win,1.2871019272390083,1.2871019272390083,wickdiffs_M_H4_ALL_20260121_202249.csv,181.1424242424242,1.0
M,ALL,H4,H4,H4,GBPNZD,long,2020-11-02,2020-12-01,1.85234,1.89991,0.04756999999999989,2020-12-23 06:00:00,2020-12-23 10:00:00,1.8931,1.89322,2021-01-04 06:00:00,1.89388,1.9474799999999999,1.8475830000000002,2021-03-22 21:00:00,1.9474799999999999,win,1.1577424023154868,1.1577424023154868,wickdiffs_M_H4_ALL_20260121_202249.csv,166.8378787878788,1.0
M,ALL,H4,H4,H4,GBPNZD,short,2020-08-03,2020-09-01,1.98535,2.02714,0.041790000000000216,2020-08-21 01:00:00,2020-08-21 05:00:00,2.02543,2.02712,2021-06-20 21:00:00,1.98756,1.9435599999999997,2.0313190000000003,2021-09-02 09:00:00,1.9435599999999997,win,1.005507438469799,1.005507438469799,wickdiffs_M_H4_ALL_20260121_202249.csv,142.9575757575758,1.0
M,ALL,H4,H4,H4,GBPNZD,short,2023-06-01,2023-07-03,2.0689,2.0921,0.023199999999999665,2023-07-27 13:00:00,2023-07-27 17:00:00,2.07354,2.0746,2023-08-01 01:00:00,2.072,2.0457000000000005,2.09442,2023-08-02 05:00:00,2.09442,loss,-1.0,1.173059768064214,wickdiffs_M_H4_ALL_20260121_202249.csv,168.5499999999996,1.0
M,ALL,H4,H4,H4,GBPUSD,long,2015-05-01,2015-06-01,1.50894,1.52935,0.02041000000000004,2015-06-08 05:00:00,2015-06-08 09:00:00,1.52214,1.522355,2015-09-03 13:00:00,1.525545,1.54976,1.506899,2015-09-16 13:00:00,1.54976,win,1.2986699560227488,1.2986699560227488,wickdiffs_M_H4_ALL_20260121_202249.csv,117.0772727272727,1.0
M,ALL,H4,H4,H4,GBPUSD,long,2016-10-03,2016-11-01,1.16496,1.224165,0.05920499999999995,2016-11-01 21:00:00,2016-11-02 01:00:00,1.22208,1.223035,2016-12-23 10:00:00,1.22421,1.28337,1.1590395,2017-04-18 17:00:00,1.28337,win,0.9077726885630747,0.9077726885630747,wickdiffs_M_H4_ALL_20260121_202249.csv,137.9651515151516,1.0
M,ALL,H4,H4,H4,GBPUSD,long,2016-12-01,2017-01-02,1.19872,1.2342,0.035479999999999956,2017-01-20 06:00:00,2017-01-20 10:00:00,1.22608,1.22848,2017-03-01 14:00:00,1.231875,1.26968,1.195172,2017-04-18 09:00:00,1.26968,win,1.0300247936135931,1.0300247936135931,wickdiffs_M_H4_ALL_20260121_202249.csv,125.8992424242423,1.0
M,ALL,H4,H4,H4,GBPUSD,long,2020-09-01,2020-10-01,1.26752,1.29246,0.024939999999999962,2020-10-16 09:00:00,2020-10-16 13:00:00,1.28629,1.28731,2020-11-02 06:00:00,1.29109,1.3174,1.265026,2020-11-06 14:00:00,1.3174,win,1.0094383057090142,1.0094383057090142,wickdiffs_M_H4_ALL_20260121_202249.csv,123.5151515151515,1.0
M,ALL,H4,H4,H4,GBPUSD,short,2019-10-01,2019-11-01,1.29411,1.30126,0.00714999999999999,2019-10-21 09:00:00,2019-10-21 13:00:00,1.30089,1.30126,2019-12-03 10:00:00,1.2997,1.28696,1.3101207575757576,2019-12-04 10:00:00,1.3101207575757576,loss,-1.0,1.2225598673975282,wickdiffs_M_H4_ALL_20260121_202249.csv,104.2075757575758,1.0
M,ALL,H4,H4,H4,GBPUSD,short,2021-02-01,2021-03-01,1.39276,1.42426,0.031500000000000083,2021-03-18 05:00:00,2021-03-18 09:00:00,1.3994,1.40014,2021-04-19 21:00:00,1.39861,1.36126,1.42741,2021-07-20 09:00:00,1.36126,win,1.2968749999999927,1.2968749999999927,wickdiffs_M_H4_ALL_20260121_202249.csv,96.2242424242423,1.0
M,ALL,H4,H4,H4,GBPUSD,short,2023-07-03,2023-08-01,1.2836,1.31424,0.03064,2023-07-31 13:00:00,2023-07-31 17:00:00,1.28673,1.28703,2024-03-08 10:00:00,1.2864,1.25296,1.317304,2024-04-10 13:00:00,1.25296,win,1.0820605746828846,1.0820605746828846,wickdiffs_M_H4_ALL_20260121_202249.csv,82.05909090909076,1.0
M,ALL,H1,H1,H4,NZDCAD,long,2020-02-03,2020-03-02,0.80186,0.8367,0.03483999999999998,2020-03-27 06:00:00,2020-03-27 07:00:00,0.83276,0.83374,2020-04-02 13:00:00,0.83465,0.87154,0.798376,2020-06-04 13:00:00,0.87154,win,1.0169818602856027,1.0169818602856027,wickdiffs_M_H1_ALL_20260126_192005.csv,103.0378787878788,1.0
M,ALL,H1,H1,H4,NZDCAD,short,2016-03-01,2016-04-01,0.898425,0.911905,0.013479999999999936,2016-04-01 15:00:00,2016-04-01 16:00:00,0.90029,0.90083,2016-06-03 09:00:00,0.89856,0.8849450000000001,0.913253,2016-06-06 21:00:00,0.8849450000000001,win,0.9266317293949482,0.9266317293949482,wickdiffs_M_H1_ALL_20260126_192005.csv,87.8681818181817,1.0
M,ALL,H4,H4,H4,NZDCAD,short,2021-04-01,2021-05-03,0.88038,0.90826,0.027879999999999905,2021-04-30 01:00:00,2021-04-30 05:00:00,0.89012,0.8905,2021-07-19 09:00:00,0.8849,0.8525000000000001,0.911048,2022-01-11 14:00:00,0.8525000000000001,win,1.2391005048187218,1.2391005048187218,wickdiffs_M_H4_ALL_20260121_202249.csv,65.73787878787884,1.0
M,ALL,H4,H4,H4,NZDCAD,short,2023-07-03,2023-08-01,0.81882,0.84281,0.023989999999999956,2023-07-31 01:00:00,2023-07-31 05:00:00,0.82056,0.82122,2023-10-10 13:00:00,0.82042,0.79483,0.845209,2024-06-04 13:00:00,0.845209,loss,-1.0,1.0323127193513273,wickdiffs_M_H4_ALL_20260121_202249.csv,63.99393939393925,1.0
M,ALL,H1,H1,H4,NZDCAD,short,2024-05-01,2024-06-03,0.83726,0.8519,0.014639999999999986,2024-06-24 13:00:00,2024-06-24 14:00:00,0.8384,0.83887,2024-07-05 17:00:00,0.83826,0.82262,0.853364,2024-07-22 13:00:00,0.82262,win,1.0354872881355919,1.0354872881355919,wickdiffs_M_H1_ALL_20260126_192005.csv,44.11515151515145,1.0
M,ALL,H4,H4,H4,NZDCHF,long,2018-06-01,2018-07-02,0.66526,0.67104,0.005780000000000007,2018-07-03 21:00:00,2018-07-04 01:00:00,0.66952,0.66962,2018-08-03 05:00:00,0.67028,0.67682,0.664682,2018-08-08 21:00:00,0.664682,loss,-1.0,1.1682743837084673,wickdiffs_M_H4_ALL_20260121_202249.csv,52.82575757575759,1.0
M,ALL,H4,H4,H4,NZDCHF,long,2020-07-01,2020-08-03,0.59088,0.60552,0.014639999999999986,2020-08-27 13:00:00,2020-08-27 17:00:00,0.60116,0.60247,2020-10-07 17:00:00,0.60348,0.6201599999999999,0.5894159999999999,2020-11-09 10:00:00,0.6201599999999999,win,1.186006825938554,1.186006825938554,wickdiffs_M_H4_ALL_20260121_202249.csv,50.38484848484859,1.0
M,ALL,H1,H1,H4,NZDCHF,long,2024-07-01,2024-08-01,0.4944,0.52248,0.02808000000000005,2024-08-15 08:00:00,2024-08-15 09:00:00,0.51946,0.51954,2024-09-06 13:00:00,0.52004,0.5505600000000002,0.49159200000000003,2025-04-04 01:00:00,0.49159200000000003,loss,-1.0,1.0728346456693019,wickdiffs_M_H1_ALL_20260126_192005.csv,44.83787878787882,1.0
M,ALL,H4,H4,H4,NZDCHF,short,2020-09-01,2020-10-01,0.60906,0.61861,0.009549999999999947,2020-10-30 09:00:00,2020-10-30 13:00:00,0.6099,0.61015,2020-11-02 18:00:00,0.6096,0.5995100000000001,0.619565,2020-11-09 10:00:00,0.619565,loss,-1.0,1.012543903662813,wickdiffs_M_H4_ALL_20260121_202249.csv,50.37727272727281,1.0
M,ALL,H4,H4,H4,NZDJPY,long,2016-04-01,2016-05-02,72.547,74.176,1.6290000000000049,2016-05-27 17:00:00,2016-05-29 21:00:00,73.741,73.8205,2016-06-05 21:00:00,73.8875,75.805,72.38409999999999,2016-06-08 21:00:00,75.805,win,1.2754423307170326,1.2754423307170326,wickdiffs_M_H4_ALL_20260121_202249.csv,104.9219696969698,1.0
M,ALL,H1,H1,H4,NZDJPY,long,2020-03-02,2020-04-01,59.502,64.092,4.589999999999996,2020-04-05 21:00:00,2020-04-05 22:00:00,63.504,63.529,2020-05-15 13:00:00,63.602,68.68199999999999,59.043000000000006,2020-06-02 13:00:00,68.68199999999999,win,1.1142794472472037,1.1142794472472037,wickdiffs_M_H1_ALL_20260126_192005.csv,123.919696969697,1.0
M,ALL,H1,H1,H4,NZDJPY,long,2022-04-01,2022-05-02,79.458,83.812,4.353999999999999,2022-05-29 22:00:00,2022-05-29 23:00:00,82.982,83.002,2022-06-16 09:00:00,83.449,88.166,79.0226,2022-12-13 06:00:00,88.166,win,1.0656515452738111,1.0656515452738111,wickdiffs_M_H1_ALL_20260126_192005.csv,113.3242424242426,1.0
M,ALL,H1,H1,H4,NZDJPY,long,2022-12-01,2023-01-02,81.04,83.262,2.221999999999994,2023-01-20 03:00:00,2023-01-20 04:00:00,82.559,82.562,2023-02-10 06:00:00,82.848,85.484,80.8178,2023-03-24 05:00:00,80.8178,loss,-1.0,1.2983942468722314,wickdiffs_M_H1_ALL_20260126_192005.csv,107.1075757575758,1.0
M,ALL,H1,H1,H4,NZDJPY,short,2017-09-01,2017-10-02,81.122,82.762,1.6400000000000006,2017-10-03 01:00:00,2017-10-03 02:00:00,81.243,81.263,2018-01-05 10:00:00,81.1765,79.482,82.926,2018-01-30 06:00:00,79.482,win,0.9685624464132652,0.9685624464132652,wickdiffs_M_H1_ALL_20260126_192005.csv,61.21742424242424,1.0
M,ALL,H4,H4,H4,NZDJPY,short,2018-03-01,2018-04-02,76.934,79.616,2.682000000000002,2018-04-24 09:00:00,2018-04-24 13:00:00,77.602,77.79,2018-06-06 05:00:00,77.406,74.252,79.88419999999999,2018-07-02 13:00:00,74.252,win,1.2726979259139808,1.2726979259139808,wickdiffs_M_H4_ALL_20260121_202249.csv,70.61969696969703,1.0
M,ALL,H1,H1,H4,NZDJPY,short,2022-03-01,2022-04-01,84.395,87.35,2.9549999999999983,2022-04-28 11:00:00,2022-04-28 12:00:00,84.67,84.758,2022-05-04 21:00:00,84.452,81.44,87.6455,2022-05-11 21:00:00,81.44,win,0.9431658055425083,0.9431658055425083,wickdiffs_M_H1_ALL_20260126_192005.csv,95.65151515151511,1.0
M,ALL,H1,H1,H4,NZDUSD,long,2018-06-01,2018-07-02,0.66876,0.67746,0.00869999999999993,2018-07-20 10:00:00,2018-07-20 11:00:00,0.6749,0.67562,2018-08-02 09:00:00,0.67617,0.6861599999999999,0.66789,2018-08-08 21:00:00,0.66789,loss,-1.0,1.206521739130405,wickdiffs_M_H1_ALL_20260126_192005.csv,56.96515151515143,1.0
M,ALL,H4,H4,H4,NZDUSD,long,2020-03-02,2020-04-01,0.54694,0.59616,0.04922000000000004,2020-04-22 21:00:00,2020-04-23 01:00:00,0.59106,0.59262,2020-05-15 13:00:00,0.59278,0.6453800000000001,0.542018,2020-06-04 13:00:00,0.6453800000000001,win,1.036208187226668,1.036208187226668,wickdiffs_M_H4_ALL_20260121_202249.csv,105.3181818181818,1.0
M,ALL,H4,H4,H4,USDCAD,long,2017-07-03,2017-08-01,1.24142,1.247955,0.0065349999999999575,2017-08-01 05:00:00,2017-08-01 09:00:00,1.2451,1.24551,2017-09-01 01:00:00,1.246145,1.2544899999999999,1.2370144696969698,2017-09-01 09:00:00,1.2370144696969698,loss,-1.0,0.9139666287762294,wickdiffs_M_H4_ALL_20260121_202249.csv,91.3053030303032,1.0
M,ALL,H4,H4,H4,USDCAD,long,2018-04-02,2018-05-01,1.25279,1.28435,0.03156000000000003,2018-05-31 05:00:00,2018-05-31 09:00:00,1.28182,1.28364,2018-10-01 01:00:00,1.28408,1.3159100000000001,1.2496340000000001,2018-10-26 13:00:00,1.3159100000000001,win,0.9240550426754934,0.9240550426754934,wickdiffs_M_H4_ALL_20260121_202249.csv,82.82424242424253,1.0
M,ALL,H4,H4,H4,USDCAD,short,2021-11-01,2021-12-01,1.27776,1.2964,0.01863999999999999,2021-12-30 06:00:00,2021-12-30 10:00:00,1.28099,1.28128,2022-01-06 06:00:00,1.27851,1.25912,1.298264,2022-01-11 14:00:00,1.25912,win,0.9815733522324577,0.9815733522324577,wickdiffs_M_H4_ALL_20260121_202249.csv,78.17272727272727,1.0
M,ALL,H1,H1,H4,USDCHF,long,2015-01-01,2015-02-02,0.83541,0.921035,0.08562500000000006,2015-01-29 08:00:00,2015-01-29 09:00:00,0.908445,0.91035,2015-05-07 09:00:00,0.91534,1.00666,0.8268475,2015-11-06 14:00:00,1.00666,win,1.0319518603271463,1.0319518603271463,wickdiffs_M_H1_ALL_20260126_192005.csv,117.1204545454545,1.0
M,ALL,H1,H1,H4,USDCHF,long,2019-08-01,2019-09-02,0.966,0.98993,0.023930000000000007,2019-09-25 13:00:00,2019-09-25 14:00:00,0.98626,0.98688,2019-10-17 13:00:00,0.98706,1.01386,0.963607,2020-01-15 10:00:00,0.963607,loss,-1.0,1.142710953822533,wickdiffs_M_H1_ALL_20260126_192005.csv,61.23636363636353,1.0
M,ALL,H1,H1,H4,USDJPY,long,2025-04-01,2025-05-01,139.889,143.0,3.11099999999999,2025-05-06 19:00:00,2025-05-06 20:00:00,142.358,142.388,2025-06-02 21:00:00,142.706,146.111,139.5779,2025-06-20 17:00:00,146.111,win,1.0885201879735344,1.0885201879735344,wickdiffs_M_H1_ALL_20260126_192005.csv,170.0560606060607,1.0
