mode,wd_variant,wd_source_ltf,entry_ltf,pair,direction,pivot_first_time,pivot_second_time,pivot_low,pivot_high,pivot_range,wd_first_time,wd_second_time,wd_low,wd_high,entry_time,entry_price,tp_price,sl_price,exit_time,exit_price,result,rr_signed,wickdiff_file,dyn_min_sl_pips,VOL
M,OUTSIDE,H4,H4,AUDCAD,short,2016-07-01,2016-08-01,0.99106,1.0118,0.02073999999999998,2016-08-16 05:00:00,2016-08-16 09:00:00,0.99418,0.99539,2016-09-08 09:00:00,0.99363,0.9703200000000001,1.015506681818182,2016-09-27 05:00:00,1.015506681818182,loss,-1.0,wickdiffs_M_H4_OUTSIDE_20260102_165320.csv,218.7668181818183,2.6
M,OUTSIDE,H4,H4,AUDCAD,short,2021-08-02,2021-09-01,0.9229,0.93769,0.01478999999999997,2021-09-20 17:00:00,2021-09-20 21:00:00,0.9304,0.9308,2021-10-26 05:00:00,0.9284,0.9081100000000001,0.9421923333333333,2021-11-25 22:00:00,0.9081100000000001,win,1.4711071368151325,wickdiffs_M_H4_OUTSIDE_20260102_165320.csv,137.92333333333337,2.6
M,OUTSIDE,H4,H4,AUDCHF,long,2016-02-01,2016-03-01,0.67534,0.71296,0.03761999999999999,2016-02-29 22:00:00,2016-03-01 02:00:00,0.70936,0.70942,2016-05-09 13:00:00,0.710165,0.75058,0.671578,2016-07-12 09:00:00,0.75058,win,1.0473734677482038,wickdiffs_M_H4_OUTSIDE_20260102_165320.csv,262.12651515151515,2.6
M,OUTSIDE,H4,H4,AUDCHF,long,2019-08-01,2019-09-02,0.65006,0.66682,0.016759999999999997,2019-09-03 09:00:00,2019-09-03 13:00:00,0.66514,0.6653,2019-10-01 13:00:00,0.66624,0.68358,0.648384,2019-10-31 01:00:00,0.68358,win,0.9711021505376243,wickdiffs_M_H4_OUTSIDE_20260102_165320.csv,140.99909090909108,2.6
M,OUTSIDE,H4,H4,AUDCHF,long,2019-11-01,2019-12-02,0.66884,0.67626,0.007419999999999982,2019-12-18 06:00:00,2019-12-18 10:00:00,0.6707,0.67124,2020-01-06 14:00:00,0.67149,0.68368,0.659504606060606,2020-01-27 06:00:00,0.659504606060606,loss,-1.0,wickdiffs_M_H4_OUTSIDE_20260102_165320.csv,119.85393939393961,2.6
M,OUTSIDE,H4,H4,AUDCHF,short,2018-04-02,2018-05-01,0.74612,0.75834,0.012220000000000009,2018-05-25 05:00:00,2018-05-25 09:00:00,0.75326,0.75388,2018-06-04 05:00:00,0.75253,0.7339,0.7679137272727273,2018-06-19 05:00:00,0.7339,win,1.2110199088765594,wickdiffs_M_H4_OUTSIDE_20260102_165320.csv,153.83727272727282,2.6
M,OUTSIDE,H4,H4,AUDCHF,short,2020-06-01,2020-07-01,0.65395,0.67434,0.02039000000000002,2020-07-22 09:00:00,2020-07-22 13:00:00,0.66733,0.66872,2020-08-31 13:00:00,0.66722,0.63356,0.6898106040268457,2021-01-14 10:00:00,0.6898106040268457,loss,-1.0,wickdiffs_M_H4_OUTSIDE_20260102_165320.csv,161.9669696969697,2.6
M,OUTSIDE,H4,H4,AUDCHF,short,2022-03-01,2022-04-01,0.6906,0.70946,0.018859999999999988,2022-04-29 09:00:00,2022-04-29 13:00:00,0.69718,0.69732,2022-05-03 01:00:00,0.6952,0.67174,0.7125592424242424,2022-06-17 09:00:00,0.67174,win,1.3514414642448815,wickdiffs_M_H4_OUTSIDE_20260102_165320.csv,173.59242424242416,2.6
M,OUTSIDE,H4,H4,AUDCHF,short,2023-06-01,2023-07-03,0.59614,0.61691,0.020769999999999955,2023-07-06 05:00:00,2023-07-06 09:00:00,0.59899,0.60001,2024-04-04 09:00:00,0.5986,0.57537,0.618987,2024-04-19 01:00:00,0.57537,win,1.1394516113209423,wickdiffs_M_H4_OUTSIDE_20260102_165320.csv,97.70242424242416,2.6
M,OUTSIDE,H4,H4,AUDCHF,short,2025-01-01,2025-02-03,0.56383,0.57628,0.012449999999999961,2025-02-26 06:00:00,2025-02-26 10:00:00,0.56602,0.56698,2025-03-06 02:00:00,0.56456,0.5513800000000001,0.5775250000000001,2025-03-10 21:00:00,0.5513800000000001,win,1.016583108368665,wickdiffs_M_H4_OUTSIDE_20260102_165320.csv,115.20181818181817,2.6
M,OUTSIDE,H4,H4,AUDJPY,long,2017-08-01,2017-09-01,85.454,87.385,1.9310000000000116,2017-09-08 17:00:00,2017-09-10 21:00:00,86.676,86.8505,2017-10-30 13:00:00,86.858,89.31600000000002,84.92187272727273,2017-11-17 06:00:00,84.92187272727273,loss,-1.0,wickdiffs_M_H4_OUTSIDE_20260102_165320.csv,193.61272727272708,2.6
M,OUTSIDE,H4,H4,AUDJPY,short,2018-05-01,2018-06-01,82.349,84.538,2.188999999999993,2018-06-14 09:00:00,2018-06-14 13:00:00,83.364,83.375,2018-07-12 13:00:00,83.336,80.16000000000001,85.46754362416107,2018-08-13 01:00:00,80.16000000000001,win,1.49,wickdiffs_M_H4_OUTSIDE_20260102_165320.csv,195.61939393939403,2.6
M,OUTSIDE,H4,H4,AUDJPY,short,2019-10-01,2019-11-01,74.477,75.674,1.1970000000000027,2019-11-12 02:00:00,2019-11-12 06:00:00,74.826,74.944,2019-12-03 06:00:00,74.79,73.28,76.31733636363637,2019-12-27 10:00:00,76.31733636363637,loss,-1.0,wickdiffs_M_H4_OUTSIDE_20260102_165320.csv,152.7336363636361,2.6
M,OUTSIDE,H4,H4,AUDNZD,long,2015-07-01,2015-08-03,1.089805,1.10786,0.018055000000000154,2015-08-26 01:00:00,2015-08-26 05:00:00,1.094635,1.09611,2015-09-03 17:00:00,1.09655,1.1259150000000002,1.0671531818181816,2015-09-10 13:00:00,1.1259150000000002,win,0.9989176317783417,wickdiffs_M_H4_OUTSIDE_20260102_165320.csv,293.96818181818173,2.6
M,OUTSIDE,H4,H4,AUDNZD,long,2016-02-01,2016-03-01,1.05719,1.083445,0.026254999999999917,2016-02-29 22:00:00,2016-03-01 02:00:00,1.07652,1.0775,2016-05-06 01:00:00,1.078025,1.1097,1.0531017878787878,2016-06-03 09:00:00,1.0531017878787878,loss,-1.0,wickdiffs_M_H4_OUTSIDE_20260102_165320.csv,249.23212121212168,2.6
M,OUTSIDE,H4,H4,AUDNZD,short,2016-03-01,2016-04-01,1.108245,1.13338,0.02513500000000013,2016-04-27 17:00:00,2016-04-27 21:00:00,1.11205,1.11234,2017-09-01 09:00:00,1.111215,1.0831099999999998,1.1358935000000001,2017-09-21 13:00:00,1.0831099999999998,win,1.1388455538221616,wickdiffs_M_H4_OUTSIDE_20260102_165320.csv,181.2933333333334,2.6
M,OUTSIDE,H4,H4,AUDNZD,short,2023-06-01,2023-07-03,1.08527,1.10548,0.02021000000000006,2023-07-27 05:00:00,2023-07-27 09:00:00,1.08918,1.08992,2023-08-31 01:00:00,1.08796,1.06506,1.107501,2023-10-08 21:00:00,1.06506,win,1.171894990020987,wickdiffs_M_H4_OUTSIDE_20260102_165320.csv,150.7527272727268,2.6
M,OUTSIDE,H4,H4,AUDNZD,short,2024-10-01,2024-11-01,1.10108,1.11806,0.016979999999999995,2024-11-27 22:00:00,2024-11-28 02:00:00,1.1031,1.10316,2024-12-03 18:00:00,1.103,1.0841,1.119758,2025-04-04 09:00:00,1.0841,win,1.127819548872172,wickdiffs_M_H4_OUTSIDE_20260102_165320.csv,123.18090909090924,2.6
M,OUTSIDE,H4,H4,AUDUSD,long,2016-01-01,2016-02-01,0.68274,0.70836,0.025619999999999976,2016-02-11 06:00:00,2016-02-11 10:00:00,0.69844,0.70291,2018-10-26 01:00:00,0.70317,0.73398,0.6801780000000001,2018-11-29 10:00:00,0.73398,win,1.3400313152400893,wickdiffs_M_H4_OUTSIDE_20260102_165320.csv,152.62787878787884,2.6
M,OUTSIDE,H4,H4,AUDUSD,long,2018-12-03,2019-01-01,0.6725,0.70504,0.03254000000000001,2019-01-04 10:00:00,2019-01-04 14:00:00,0.70262,0.70345,2019-03-06 02:00:00,0.70362,0.73758,0.669246,2019-08-07 01:00:00,0.669246,loss,-1.0,wickdiffs_M_H4_OUTSIDE_20260102_165320.csv,164.55878787878777,2.6
M,OUTSIDE,H4,H4,AUDUSD,short,2021-02-01,2021-03-01,0.77038,0.80072,0.030340000000000034,2021-03-22 13:00:00,2021-03-22 17:00:00,0.77548,0.77566,2021-04-15 05:00:00,0.77546,0.7400399999999999,0.803754,2021-07-16 13:00:00,0.7400399999999999,win,1.2518555170707644,wickdiffs_M_H4_OUTSIDE_20260102_165320.csv,192.31090909090912,2.6
M,OUTSIDE,H4,H4,AUDUSD,short,2024-03-01,2024-04-01,0.6516,0.66677,0.015170000000000017,2024-04-29 01:00:00,2024-04-29 05:00:00,0.65804,0.65867,2024-05-03 01:00:00,0.65734,0.6364299999999999,0.67137355704698,2024-05-15 21:00:00,0.67137355704698,loss,-1.0,wickdiffs_M_H4_OUTSIDE_20260102_165320.csv,137.44424242424236,2.6
M,OUTSIDE,H4,H4,CADCHF,long,2015-12-01,2016-01-01,0.6804,0.722735,0.04233500000000001,2016-01-27 18:00:00,2016-01-27 22:00:00,0.71631,0.71893,2016-02-05 10:00:00,0.7216,0.76507,0.6761665,2016-04-20 13:00:00,0.76507,win,0.9567829905246128,wickdiffs_M_H4_OUTSIDE_20260102_165320.csv,238.39787878787894,2.6
M,OUTSIDE,H4,H4,CADCHF,long,2018-06-01,2018-07-02,0.73967,0.75416,0.014490000000000003,2018-07-19 17:00:00,2018-07-19 21:00:00,0.75242,0.75252,2018-08-22 09:00:00,0.7534,0.76865,0.738221,2018-09-05 05:00:00,0.738221,loss,-1.0,wickdiffs_M_H4_OUTSIDE_20260102_165320.csv,150.02484848484843,2.6
M,OUTSIDE,H4,H4,CADCHF,long,2020-03-02,2020-04-01,0.66057,0.68348,0.022909999999999986,2020-04-22 01:00:00,2020-04-22 05:00:00,0.68138,0.68164,2020-05-01 13:00:00,0.6819,0.70639,0.658279,2020-05-27 09:00:00,0.70639,win,1.0367892976588633,wickdiffs_M_H4_OUTSIDE_20260102_165320.csv,207.2090909090909,2.6
M,OUTSIDE,H4,H4,CADCHF,long,2021-04-01,2021-05-03,0.7258,0.74282,0.017020000000000035,2021-05-27 01:00:00,2021-05-27 05:00:00,0.73967,0.73985,2021-06-09 13:00:00,0.74012,0.7598400000000001,0.724098,2021-07-19 05:00:00,0.724098,loss,-1.0,wickdiffs_M_H4_OUTSIDE_20260102_165320.csv,132.17272727272706,2.6
M,OUTSIDE,H4,H4,CADCHF,short,2017-09-01,2017-10-02,0.77633,0.79585,0.019519999999999982,2017-10-20 05:00:00,2017-10-20 09:00:00,0.7858,0.78714,2017-11-06 06:00:00,0.78525,0.75681,0.8043372483221477,2018-01-25 14:00:00,0.75681,win,1.49,wickdiffs_M_H4_OUTSIDE_20260102_165320.csv,173.85212121212126,2.6
M,OUTSIDE,H4,H4,CADCHF,short,2017-12-01,2018-01-01,0.77472,0.79132,0.01660000000000006,2018-01-11 02:00:00,2018-01-11 06:00:00,0.78074,0.78164,2018-05-07 09:00:00,0.77996,0.7581199999999999,0.7954089393939394,2018-05-29 17:00:00,0.7581199999999999,win,1.4136892794445113,wickdiffs_M_H4_OUTSIDE_20260102_165320.csv,154.48939393939375,2.6
M,OUTSIDE,H4,H4,CADCHF,short,2020-05-01,2020-06-01,0.69784,0.72023,0.02239000000000002,2020-06-23 09:00:00,2020-06-23 13:00:00,0.69988,0.70184,2020-07-15 17:00:00,0.69904,0.67545,0.722469,2020-07-31 01:00:00,0.67545,win,1.0068718255153855,wickdiffs_M_H4_OUTSIDE_20260102_165320.csv,158.4912121212121,2.6
M,OUTSIDE,H4,H4,CADJPY,long,2019-03-01,2019-04-01,81.635,83.044,1.4089999999999918,2019-04-26 05:00:00,2019-04-26 09:00:00,82.754,82.79,2019-05-01 13:00:00,82.801,84.45299999999999,81.2418393939394,2019-05-09 05:00:00,81.2418393939394,loss,-1.0,wickdiffs_M_H4_OUTSIDE_20260102_165320.csv,155.91606060606068,2.6
M,OUTSIDE,H4,H4,CADJPY,long,2020-03-02,2020-04-01,73.812,76.474,2.662000000000006,2020-04-27 09:00:00,2020-04-27 13:00:00,76.048,76.092,2020-05-01 09:00:00,76.112,79.13600000000001,73.1379,2020-06-01 13:00:00,79.13600000000001,win,1.0167781849971476,wickdiffs_M_H4_OUTSIDE_20260102_165320.csv,297.40999999999985,2.6
M,OUTSIDE,H4,H4,CHFJPY,long,2015-03-02,2015-04-01,119.917,123.5355,3.6184999999999974,2015-04-13 09:00:00,2015-04-13 13:00:00,121.97,122.227,2015-09-04 05:00:00,122.276,127.154,118.87590757575757,2015-11-27 10:00:00,118.87590757575757,loss,-1.0,wickdiffs_M_H4_OUTSIDE_20260102_165320.csv,340.0092424242425,2.6
M,OUTSIDE,H4,H4,CHFJPY,long,2021-02-01,2021-03-01,115.914,117.295,1.3810000000000002,2021-03-30 13:00:00,2021-03-30 17:00:00,116.856,117.014,2021-04-01 01:00:00,117.039,118.676,115.39777575757576,2021-04-12 13:00:00,118.676,win,0.9974261637654078,wickdiffs_M_H4_OUTSIDE_20260102_165320.csv,164.1224242424243,2.6
M,OUTSIDE,H4,H4,CHFJPY,long,2021-06-01,2021-07-01,118.658,120.128,1.4699999999999989,2021-07-21 09:00:00,2021-07-21 13:00:00,119.376,119.532,2021-08-12 13:00:00,119.576,121.598,117.87277575757575,2021-09-20 01:00:00,117.87277575757575,loss,-1.0,wickdiffs_M_H4_OUTSIDE_20260102_165320.csv,170.32242424242395,2.6
M,OUTSIDE,H4,H4,CHFJPY,short,2015-01-01,2015-02-02,127.63,139.142,11.512,2015-02-13 06:00:00,2015-02-13 10:00:00,128.259,128.2815,2015-04-30 17:00:00,128.035,116.118,140.29319999999998,2016-01-20 06:00:00,116.118,win,0.9721655708015869,wickdiffs_M_H4_OUTSIDE_20260102_165320.csv,375.76409090909107,2.6
M,OUTSIDE,H4,H4,CHFJPY,short,2020-01-01,2020-02-03,112.47,114.389,1.918999999999997,2020-02-26 22:00:00,2020-02-27 02:00:00,113.238,113.254,2020-03-02 22:00:00,112.814,110.551,114.5809,2020-03-09 01:00:00,110.551,win,1.2807742373648663,wickdiffs_M_H4_OUTSIDE_20260102_165320.csv,147.74136363636364,2.6
M,OUTSIDE,H4,H4,EURAUD,long,2019-07-01,2019-08-01,1.58944,1.6181,0.02866000000000013,2019-08-01 13:00:00,2019-08-01 17:00:00,1.61148,1.61201,2019-09-06 09:00:00,1.61378,1.6467600000000002,1.586067,2020-01-30 14:00:00,1.6467600000000002,win,1.1900552087468026,wickdiffs_M_H4_OUTSIDE_20260102_165320.csv,277.13000000000073,2.6
M,OUTSIDE,H4,H4,EURAUD,short,2023-08-01,2023-09-01,1.6723,1.70659,0.034290000000000154,2023-09-07 01:00:00,2023-09-07 05:00:00,1.68394,1.68504,2023-10-23 09:00:00,1.6811,1.6380099999999997,1.7140985151515151,2023-12-01 14:00:00,1.6380099999999997,win,1.3058163314970188,wickdiffs_M_H4_OUTSIDE_20260102_165320.csv,329.98515151515136,2.6
M,OUTSIDE,H4,H4,EURCAD,long,2017-07-03,2017-08-01,1.44791,1.47784,0.029930000000000012,2017-08-22 09:00:00,2017-08-22 13:00:00,1.47274,1.47303,2017-09-01 09:00:00,1.47528,1.50777,1.4431938333333332,2017-10-25 13:00:00,1.50777,win,1.012585901504806,wickdiffs_M_H4_OUTSIDE_20260102_165320.csv,320.8616666666667,2.6
M,OUTSIDE,H4,H4,EURCAD,long,2017-09-01,2017-10-02,1.44432,1.47337,0.02905000000000002,2017-10-06 09:00:00,2017-10-06 13:00:00,1.46674,1.4681,2019-07-05 17:00:00,1.46817,1.50242,1.4414150000000001,2020-02-12 14:00:00,1.4414150000000001,loss,-1.0,wickdiffs_M_H4_OUTSIDE_20260102_165320.csv,186.41575757575765,2.6
M,OUTSIDE,H4,H4,EURCAD,long,2020-11-02,2020-12-01,1.53137,1.55132,0.019950000000000134,2020-12-10 14:00:00,2020-12-10 18:00:00,1.54033,1.54217,2021-01-13 18:00:00,1.54373,1.5712700000000002,1.519770090909091,2021-03-04 10:00:00,1.519770090909091,loss,-1.0,wickdiffs_M_H4_OUTSIDE_20260102_165320.csv,239.59909090909093,2.6
M,OUTSIDE,H4,H4,EURCAD,long,2022-04-01,2022-05-02,1.33898,1.356,0.017020000000000035,2022-05-17 01:00:00,2022-05-17 05:00:00,1.33904,1.33917,2022-06-08 05:00:00,1.34084,1.3730200000000001,1.3094632727272728,2022-07-11 13:00:00,1.3094632727272728,loss,-1.0,wickdiffs_M_H4_OUTSIDE_20260102_165320.csv,313.7672727272721,2.6
M,OUTSIDE,H4,H4,EURCAD,short,2016-01-01,2016-02-01,1.51351,1.61053,0.0970200000000001,2016-02-24 10:00:00,2016-02-24 14:00:00,1.522565,1.526675,2016-11-09 02:00:00,1.51859,1.4164899999999998,1.6202320000000001,2016-12-01 14:00:00,1.4164899999999998,win,1.0045060112945465,wickdiffs_M_H4_OUTSIDE_20260102_165320.csv,293.0449999999994,2.6
M,OUTSIDE,H4,H4,EURCAD,short,2016-09-01,2016-10-03,1.47587,1.492475,0.01660499999999998,2016-10-07 17:00:00,2016-10-09 21:00:00,1.48938,1.48955,2016-11-02 13:00:00,1.48921,1.459265,1.5185415454545452,2016-11-08 22:00:00,1.459265,win,1.0209144978877822,wickdiffs_M_H4_OUTSIDE_20260102_165320.csv,293.3154545454541,2.6
M,OUTSIDE,H4,H4,EURCAD,short,2019-08-01,2019-09-02,1.46265,1.49952,0.03686999999999996,2019-09-13 17:00:00,2019-09-15 21:00:00,1.47137,1.47161,2019-10-31 09:00:00,1.46744,1.42578,1.503207,2020-03-05 10:00:00,1.503207,loss,-1.0,wickdiffs_M_H4_OUTSIDE_20260102_165320.csv,228.80484848484815,2.6
M,OUTSIDE,H4,H4,EURCAD,short,2020-05-01,2020-06-01,1.52917,1.55338,0.024210000000000065,2020-06-16 05:00:00,2020-06-16 09:00:00,1.5387,1.5395,2020-07-10 13:00:00,1.53769,1.5049599999999999,1.5696598181818182,2020-07-27 09:00:00,1.5696598181818182,loss,-1.0,wickdiffs_M_H4_OUTSIDE_20260102_165320.csv,319.69818181818187,2.6
M,OUTSIDE,H4,H4,EURCAD,short,2023-11-01,2023-12-01,1.47634,1.50446,0.028119999999999923,2023-12-01 02:00:00,2023-12-01 06:00:00,1.47752,1.47802,2024-03-06 06:00:00,1.47717,1.44822,1.507272,2024-08-02 09:00:00,1.507272,loss,-1.0,wickdiffs_M_H4_OUTSIDE_20260102_165320.csv,202.02545454545412,2.6
M,OUTSIDE,H4,H4,EURCAD,short,2024-07-01,2024-08-01,1.49447,1.52281,0.028340000000000032,2024-08-28 21:00:00,2024-08-29 01:00:00,1.49938,1.49942,2024-09-03 13:00:00,1.49578,1.46613,1.525644,2024-11-21 14:00:00,1.46613,win,0.9928341816233688,wickdiffs_M_H4_OUTSIDE_20260102_165320.csv,172.46848484848445,2.6
M,OUTSIDE,H4,H4,EURCHF,long,2017-08-01,2017-09-01,1.12592,1.141745,0.015824999999999978,2017-09-11 05:00:00,2017-09-11 09:00:00,1.13954,1.13957,2017-10-02 09:00:00,1.13971,1.15757,1.1212887575757575,2017-10-18 17:00:00,1.15757,win,0.9695328680163364,wickdiffs_M_H4_OUTSIDE_20260102_165320.csv,184.21242424242442,2.6
M,OUTSIDE,H4,H4,EURCHF,short,2015-09-01,2015-10-01,1.087825,1.104965,0.017139999999999933,2015-10-14 05:00:00,2015-10-14 09:00:00,1.091725,1.09174,2015-11-27 10:00:00,1.09022,1.070685,1.1077149393939394,2016-01-28 06:00:00,1.1077149393939394,loss,-1.0,wickdiffs_M_H4_OUTSIDE_20260102_165320.csv,174.94939393939384,2.6
M,OUTSIDE,H4,H4,EURCHF,short,2020-05-01,2020-06-01,1.06748,1.09155,0.024070000000000036,2020-06-23 09:00:00,2020-06-23 13:00:00,1.07012,1.07114,2020-07-13 13:00:00,1.06906,1.04341,1.093957,2021-02-23 06:00:00,1.093957,loss,-1.0,wickdiffs_M_H4_OUTSIDE_20260102_165320.csv,121.01575757575759,2.6
M,OUTSIDE,H4,H4,EURCHF,short,2022-01-03,2022-02-01,1.04121,1.06118,0.019970000000000043,2022-02-23 06:00:00,2022-02-23 10:00:00,1.04506,1.04602,2022-05-06 13:00:00,1.04265,1.02124,1.0634870303030304,2022-06-16 05:00:00,1.02124,win,1.0274976658687553,wickdiffs_M_H4_OUTSIDE_20260102_165320.csv,208.37030303030295,2.6
M,OUTSIDE,H4,H4,EURCHF,short,2025-01-01,2025-02-03,0.93746,0.95177,0.014310000000000045,2025-02-14 02:00:00,2025-02-14 06:00:00,0.94588,0.94728,2025-03-04 22:00:00,0.94549,0.9231499999999999,0.9604832885906042,2025-03-05 14:00:00,0.9604832885906042,loss,-1.0,wickdiffs_M_H4_OUTSIDE_20260102_165320.csv,118.7536363636364,2.6
M,OUTSIDE,H4,H4,EURGBP,long,2018-04-02,2018-05-01,0.8621,0.8775,0.01539999999999997,2018-05-20 21:00:00,2018-05-21 01:00:00,0.87258,0.87276,2018-06-01 13:00:00,0.87396,0.8928999999999999,0.86056,2018-07-18 13:00:00,0.8928999999999999,win,1.4134328358208956,wickdiffs_M_H4_OUTSIDE_20260102_165320.csv,130.13590909090925,2.6
M,OUTSIDE,H4,H4,EURGBP,long,2021-07-01,2021-08-02,0.84503,0.8537,0.008670000000000067,2021-08-18 21:00:00,2021-08-19 01:00:00,0.85054,0.85068,2021-09-16 09:00:00,0.85142,0.8623700000000001,0.8415326363636363,2021-09-28 09:00:00,0.8623700000000001,win,1.1074741865190771,wickdiffs_M_H4_OUTSIDE_20260102_165320.csv,98.8736363636364,2.6
M,OUTSIDE,H4,H4,EURGBP,short,2018-08-01,2018-09-03,0.89545,0.90985,0.01440000000000008,2018-09-21 17:00:00,2018-09-23 21:00:00,0.8987,0.89886,2018-12-10 06:00:00,0.8968,0.8810499999999999,0.9115086363636364,2019-01-17 14:00:00,0.8810499999999999,win,1.0707994684631872,wickdiffs_M_H4_OUTSIDE_20260102_165320.csv,147.0863636363639,2.6
M,OUTSIDE,H4,H4,EURGBP,short,2019-03-01,2019-04-01,0.86064,0.8723,0.011660000000000004,2019-04-23 17:00:00,2019-04-23 21:00:00,0.86802,0.8682,2019-05-13 13:00:00,0.86774,0.84898,0.8840874242424241,2019-05-24 09:00:00,0.8840874242424241,loss,-1.0,wickdiffs_M_H4_OUTSIDE_20260102_165320.csv,163.4742424242424,2.6
M,OUTSIDE,H4,H4,EURGBP,short,2019-07-01,2019-08-01,0.91071,0.93246,0.021749999999999936,2019-08-22 01:00:00,2019-08-22 05:00:00,0.91472,0.91576,2019-09-03 05:00:00,0.91303,0.8889600000000001,0.934635,2019-09-12 09:00:00,0.8889600000000001,win,1.114093959731541,wickdiffs_M_H4_OUTSIDE_20260102_165320.csv,148.72606060606074,2.6
M,OUTSIDE,H4,H4,EURGBP,short,2023-06-01,2023-07-03,0.85936,0.87014,0.010780000000000012,2023-07-24 21:00:00,2023-07-25 01:00:00,0.86362,0.86371,2023-08-03 09:00:00,0.86312,0.84858,0.8748519090909092,2023-10-31 09:00:00,0.8748519090909092,loss,-1.0,wickdiffs_M_H4_OUTSIDE_20260102_165320.csv,117.3190909090911,2.6
M,OUTSIDE,H4,H4,EURJPY,long,2015-03-02,2015-04-01,126.097,128.933,2.8359999999999985,2015-04-21 05:00:00,2015-04-21 09:00:00,127.4565,127.494,2016-01-05 22:00:00,127.598,131.769,124.79867114093959,2016-01-29 02:00:00,131.769,win,1.49,wickdiffs_M_H4_OUTSIDE_20260102_165320.csv,271.4433333333338,2.6
M,OUTSIDE,H4,H4,EURJPY,long,2016-07-01,2016-08-01,110.827,114.074,3.247,2016-08-26 09:00:00,2016-08-26 13:00:00,113.1545,113.247,2016-09-20 21:00:00,113.4835,117.321,109.61433333333333,2016-11-16 02:00:00,117.321,win,0.9918156364419529,wickdiffs_M_H4_OUTSIDE_20260102_165320.csv,386.91666666666686,2.6
M,OUTSIDE,H4,H4,EURJPY,long,2018-08-01,2018-09-03,124.902,128.904,4.001999999999995,2018-09-10 01:00:00,2018-09-10 05:00:00,127.866,128.063,2018-10-24 13:00:00,128.24,132.906,124.5018,2019-01-02 06:00:00,124.5018,loss,-1.0,wickdiffs_M_H4_OUTSIDE_20260102_165320.csv,274.08515151515076,2.6
M,OUTSIDE,H4,H4,EURJPY,long,2019-01-01,2019-02-01,118.484,124.622,6.138000000000005,2019-02-15 10:00:00,2019-02-15 14:00:00,124.234,124.405,2019-03-08 02:00:00,124.426,130.76,117.8702,2019-08-05 01:00:00,117.8702,loss,-1.0,wickdiffs_M_H4_OUTSIDE_20260102_165320.csv,235.82515151515176,2.6
M,OUTSIDE,H4,H4,EURJPY,long,2023-07-03,2023-08-01,151.412,156.455,5.043000000000006,2023-08-06 21:00:00,2023-08-07 01:00:00,155.803,155.834,2023-10-03 13:00:00,155.992,161.49800000000002,150.9077,2023-11-08 14:00:00,161.49800000000002,win,1.0829416045473408,wickdiffs_M_H4_OUTSIDE_20260102_165320.csv,320.30727272727205,2.6
M,OUTSIDE,H4,H4,EURNZD,long,2016-08-01,2016-09-01,1.50287,1.53925,0.03638000000000008,2016-09-22 09:00:00,2016-09-22 13:00:00,1.52997,1.53195,2016-10-04 09:00:00,1.53398,1.57563,1.4945275454545455,2016-10-11 01:00:00,1.57563,win,1.055701108584102,wickdiffs_M_H4_OUTSIDE_20260102_165320.csv,394.5245454545448,2.6
M,OUTSIDE,H4,H4,EURNZD,long,2021-02-01,2021-03-01,1.6323,1.66916,0.03685999999999989,2021-03-22 09:00:00,2021-03-22 13:00:00,1.66066,1.66121,2021-05-06 01:00:00,1.66618,1.7060199999999999,1.628614,2021-06-18 05:00:00,1.7060199999999999,win,1.060533461108446,wickdiffs_M_H4_OUTSIDE_20260102_165320.csv,306.6106060606057,2.6
M,OUTSIDE,H4,H4,EURNZD,long,2023-05-01,2023-06-01,1.71672,1.77512,0.05840000000000001,2023-06-15 01:00:00,2023-06-15 05:00:00,1.74515,1.74934,2023-07-06 05:00:00,1.75376,1.83352,1.7002297986577182,2023-08-14 01:00:00,1.83352,win,1.49,wickdiffs_M_H4_OUTSIDE_20260102_165320.csv,368.8645454545458,2.6
M,OUTSIDE,H4,H4,EURUSD,long,2020-02-03,2020-03-02,1.06361,1.10277,0.039160000000000084,2020-03-30 09:00:00,2020-03-30 13:00:00,1.101,1.10128,2020-04-01 01:00:00,1.10168,1.1419300000000001,1.059694,2020-06-10 17:00:00,1.1419300000000001,win,0.9586528842947659,wickdiffs_M_H4_OUTSIDE_20260102_165320.csv,237.72333333333376,2.6
M,OUTSIDE,H4,H4,EURUSD,long,2021-11-01,2021-12-01,1.11861,1.13392,0.015309999999999935,2021-12-21 14:00:00,2021-12-21 18:00:00,1.12608,1.1264,2022-01-25 14:00:00,1.12878,1.14923,1.110855,2022-02-10 14:00:00,1.14923,win,1.140864714086477,wickdiffs_M_H4_OUTSIDE_20260102_165320.csv,179.24999999999983,2.6
M,OUTSIDE,H4,H4,EURUSD,short,2015-06-01,2015-07-01,1.11381,1.14364,0.029830000000000023,2015-07-10 09:00:00,2015-07-10 13:00:00,1.1208,1.121605,2015-08-12 13:00:00,1.1175,1.08398,1.151127606060606,2015-08-24 09:00:00,1.151127606060606,loss,-1.0,wickdiffs_M_H4_OUTSIDE_20260102_165320.csv,336.27606060606075,2.6
M,OUTSIDE,H4,H4,EURUSD,short,2015-08-03,2015-09-01,1.12111,1.17141,0.05030000000000001,2015-09-21 01:00:00,2015-09-21 05:00:00,1.132205,1.133035,2015-10-08 17:00:00,1.127615,1.07081,1.1764400000000002,2015-11-06 14:00:00,1.07081,win,1.1634408602150508,wickdiffs_M_H4_OUTSIDE_20260102_165320.csv,318.19636363636397,2.6
M,OUTSIDE,H4,H4,EURUSD,short,2015-12-01,2016-01-01,1.08697,1.10596,0.018990000000000062,2016-01-20 02:00:00,2016-01-20 06:00:00,1.09609,1.09761,2016-02-03 10:00:00,1.09556,1.06798,1.121652,2016-02-04 10:00:00,1.121652,loss,-1.0,wickdiffs_M_H4_OUTSIDE_20260102_165320.csv,260.9200000000004,2.6
M,OUTSIDE,H4,H4,GBPAUD,long,2016-07-01,2016-08-01,1.67213,1.74112,0.0689900000000001,2016-08-19 17:00:00,2016-08-21 21:00:00,1.714055,1.71442,2016-09-20 13:00:00,1.721225,1.81011,1.6603832878787879,2016-10-06 21:00:00,1.6603832878787879,loss,-1.0,wickdiffs_M_H4_OUTSIDE_20260102_165320.csv,608.417121212121,2.6
M,OUTSIDE,H4,H4,GBPAUD,long,2020-09-01,2020-10-01,1.74931,1.8046,0.05529000000000006,2020-10-01 17:00:00,2020-10-01 21:00:00,1.7914,1.79189,2020-12-07 06:00:00,1.79649,1.85989,1.7437809999999998,2020-12-11 10:00:00,1.7437809999999998,loss,-1.0,wickdiffs_M_H4_OUTSIDE_20260102_165320.csv,400.3584848484861,2.6
M,OUTSIDE,H4,H4,GBPAUD,long,2020-12-01,2021-01-01,1.74162,1.77695,0.035330000000000084,2021-01-25 10:00:00,2021-01-25 14:00:00,1.7697,1.7698,2021-02-25 06:00:00,1.77151,1.8122800000000001,1.7364984242424242,2021-03-25 13:00:00,1.8122800000000001,win,1.164472010123065,wickdiffs_M_H4_OUTSIDE_20260102_165320.csv,350.1157575757574,2.6
M,OUTSIDE,H4,H4,GBPAUD,short,2015-08-03,2015-09-01,2.15702,2.24049,0.08346999999999971,2015-09-28 13:00:00,2015-09-28 17:00:00,2.173425,2.175,2015-10-02 13:00:00,2.162435,2.0735500000000004,2.248837,2015-11-24 22:00:00,2.0735500000000004,win,1.0287377606999761,wickdiffs_M_H4_OUTSIDE_20260102_165320.csv,688.9571212121209,2.6
M,OUTSIDE,H4,H4,GBPCAD,long,2016-10-03,2016-11-01,1.54885,1.64154,0.09268999999999994,2016-11-01 09:00:00,2016-11-01 13:00:00,1.63249,1.63278,2017-01-05 06:00:00,1.63636,1.73423,1.539581,2017-04-25 05:00:00,1.73423,win,1.01127310676903,wickdiffs_M_H4_OUTSIDE_20260102_165320.csv,505.90227272727316,2.6
M,OUTSIDE,H4,H4,GBPCAD,long,2020-09-01,2020-10-01,1.68106,1.72187,0.04081000000000001,2020-10-14 05:00:00,2020-10-14 09:00:00,1.69066,1.6927,2020-12-10 14:00:00,1.69464,1.76268,1.6489755704697986,2021-01-29 02:00:00,1.76268,win,1.49,wickdiffs_M_H4_OUTSIDE_20260102_165320.csv,368.4606060606063,2.6
M,OUTSIDE,H4,H4,GBPCAD,short,2024-02-01,2024-03-01,1.71433,1.73526,0.020930000000000115,2024-03-26 05:00:00,2024-03-26 09:00:00,1.71856,1.71892,2024-04-08 13:00:00,1.71804,1.6933999999999998,1.7384558181818182,2024-04-22 09:00:00,1.6933999999999998,win,1.2069073000436494,wickdiffs_M_H4_OUTSIDE_20260102_165320.csv,204.1581818181817,2.6
M,OUTSIDE,H4,H4,GBPCAD,short,2024-05-01,2024-06-03,1.73641,1.76054,0.024129999999999985,2024-06-19 13:00:00,2024-06-19 17:00:00,1.74448,1.74492,2024-07-05 09:00:00,1.74402,1.71228,1.7653220134228187,2024-07-12 09:00:00,1.7653220134228187,loss,-1.0,wickdiffs_M_H4_OUTSIDE_20260102_165320.csv,185.94303030303035,2.6
M,OUTSIDE,H4,H4,GBPCHF,long,2015-04-01,2015-05-01,1.381755,1.43143,0.049674999999999914,2015-05-08 09:00:00,2015-05-08 13:00:00,1.4203,1.422325,2015-06-08 17:00:00,1.42358,1.481105,1.3767875,2015-07-01 17:00:00,1.481105,win,1.2293636800769314,wickdiffs_M_H4_OUTSIDE_20260102_165320.csv,415.7145454545458,2.6
M,OUTSIDE,H4,H4,GBPCHF,long,2016-07-01,2016-08-01,1.24494,1.28261,0.03767000000000009,2016-08-22 21:00:00,2016-08-23 01:00:00,1.26287,1.2632,2016-09-22 09:00:00,1.264325,1.3202800000000001,1.220349106060606,2016-10-06 21:00:00,1.220349106060606,loss,-1.0,wickdiffs_M_H4_OUTSIDE_20260102_165320.csv,439.75893939393944,2.6
M,OUTSIDE,H4,H4,GBPCHF,long,2016-10-03,2016-11-01,1.14678,1.210845,0.06406500000000004,2016-11-02 13:00:00,2016-11-02 17:00:00,1.19234,1.194015,2019-08-02 09:00:00,1.19617,1.27491,1.1403735,2019-10-15 13:00:00,1.27491,win,1.4111996272167608,wickdiffs_M_H4_OUTSIDE_20260102_165320.csv,215.14212121212154,2.6
M,OUTSIDE,H4,H4,GBPCHF,long,2017-01-02,2017-02-01,1.2112,1.244585,0.033385,2017-02-17 06:00:00,2017-02-17 10:00:00,1.23815,1.23938,2017-03-01 18:00:00,1.240295,1.27797,1.2078615000000001,2017-04-18 17:00:00,1.27797,win,1.1616075970832744,wickdiffs_M_H4_OUTSIDE_20260102_165320.csv,296.0040909090915,2.6
M,OUTSIDE,H4,H4,GBPCHF,long,2019-08-01,2019-09-02,1.16756,1.20361,0.03605000000000014,2019-09-03 05:00:00,2019-09-03 09:00:00,1.18516,1.18544,2020-03-12 13:00:00,1.19476,1.2396600000000002,1.1639549999999999,2020-03-16 05:00:00,1.1639549999999999,loss,-1.0,wickdiffs_M_H4_OUTSIDE_20260102_165320.csv,273.2578787878785,2.6
M,OUTSIDE,H4,H4,GBPCHF,long,2020-03-02,2020-04-01,1.11162,1.19336,0.08173999999999992,2020-04-21 13:00:00,2020-04-21 17:00:00,1.18702,1.18995,2020-05-12 13:00:00,1.19145,1.2751,1.1034460000000001,2021-02-23 18:00:00,1.2751,win,0.950524976137451,wickdiffs_M_H4_OUTSIDE_20260102_165320.csv,369.0551515151514,2.6
M,OUTSIDE,H4,H4,GBPCHF,long,2023-07-03,2023-08-01,1.10576,1.11889,0.013129999999999864,2023-08-14 01:00:00,2023-08-14 05:00:00,1.11084,1.1114,2023-09-07 05:00:00,1.11305,1.1320199999999998,1.0954988181818182,2023-10-13 13:00:00,1.0954988181818182,loss,-1.0,wickdiffs_M_H4_OUTSIDE_20260102_165320.csv,175.51181818181846,2.6
M,OUTSIDE,H4,H4,GBPCHF,long,2024-08-01,2024-09-02,1.07432,1.11583,0.04151000000000016,2024-09-13 09:00:00,2024-09-13 13:00:00,1.10985,1.11074,2024-10-31 13:00:00,1.11338,1.1573400000000003,1.070169,2025-04-09 13:00:00,1.070169,loss,-1.0,wickdiffs_M_H4_OUTSIDE_20260102_165320.csv,232.1990909090904,2.6
M,OUTSIDE,H4,H4,GBPJPY,long,2016-07-01,2016-08-01,128.7815,135.025,6.243500000000012,2016-08-22 09:00:00,2016-08-22 13:00:00,131.3685,131.4185,2016-09-21 01:00:00,133.042,141.26850000000002,126.08013787878788,2016-10-06 21:00:00,126.08013787878788,loss,-1.0,wickdiffs_M_H4_OUTSIDE_20260102_165320.csv,696.1862121212118,2.6
M,OUTSIDE,H4,H4,GBPJPY,long,2017-05-01,2017-06-01,138.671,142.7885,4.117500000000007,2017-06-26 09:00:00,2017-06-26 13:00:00,141.833,141.845,2017-08-10 13:00:00,141.854,146.906,138.25924999999998,2017-09-14 09:00:00,146.906,win,1.405382849989553,wickdiffs_M_H4_OUTSIDE_20260102_165320.csv,358.4715151515148,2.6
M,OUTSIDE,H4,H4,GBPJPY,long,2020-03-02,2020-04-01,124.044,133.542,9.498000000000005,2020-04-22 01:00:00,2020-04-22 05:00:00,132.054,132.147,2020-05-05 21:00:00,132.161,143.04000000000002,123.0942,2021-01-28 14:00:00,143.04000000000002,win,1.1998720607049917,wickdiffs_M_H4_OUTSIDE_20260102_165320.csv,490.0610606060608,2.6
M,OUTSIDE,H4,H4,GBPJPY,long,2022-08-01,2022-09-01,149.048,161.478,12.430000000000007,2022-09-30 01:00:00,2022-09-30 05:00:00,160.231,160.339,2022-10-11 05:00:00,160.901,173.90800000000002,147.805,2023-05-28 21:00:00,173.90800000000002,win,0.9932040317654247,wickdiffs_M_H4_OUTSIDE_20260102_165320.csv,534.3275757575755,2.6
M,OUTSIDE,H4,H4,GBPJPY,long,2023-07-03,2023-08-01,176.319,182.612,6.293000000000006,2023-08-06 21:00:00,2023-08-07 01:00:00,180.585,180.601,2023-10-03 05:00:00,181.092,188.905,175.6897,2024-01-19 06:00:00,188.905,win,1.446235862502999,wickdiffs_M_H4_OUTSIDE_20260102_165320.csv,380.2924242424238,2.6
M,OUTSIDE,H4,H4,GBPJPY,short,2023-08-01,2023-09-01,184.422,186.771,2.3489999999999895,2023-09-05 13:00:00,2023-09-05 17:00:00,185.746,185.78,2023-11-06 10:00:00,185.538,182.073,189.10068787878788,2023-12-07 10:00:00,182.073,win,0.9725802871002254,wickdiffs_M_H4_OUTSIDE_20260102_165320.csv,356.2687878787874,2.6
M,OUTSIDE,H4,H4,GBPNZD,long,2020-09-01,2020-10-01,1.90602,1.95262,0.046599999999999975,2020-10-01 05:00:00,2020-10-01 09:00:00,1.93244,1.93398,2020-11-04 22:00:00,1.93588,1.99922,1.8922684545454547,2020-11-27 18:00:00,1.8922684545454547,loss,-1.0,wickdiffs_M_H4_OUTSIDE_20260102_165320.csv,436.11545454545455,2.6
M,OUTSIDE,H4,H4,GBPNZD,long,2020-11-02,2020-12-01,1.85234,1.89991,0.04756999999999989,2020-12-23 06:00:00,2020-12-23 10:00:00,1.8931,1.89322,2021-01-04 06:00:00,1.89388,1.9474799999999999,1.8475830000000002,2021-03-22 21:00:00,1.9474799999999999,win,1.1577424023154868,wickdiffs_M_H4_OUTSIDE_20260102_165320.csv,434.27969696969706,2.6
M,OUTSIDE,H4,H4,GBPNZD,short,2018-09-03,2018-10-01,1.96766,2.04765,0.07999,2018-10-18 09:00:00,2018-10-18 13:00:00,1.99788,1.99792,2019-05-08 01:00:00,1.98357,1.88767,2.055649,2019-07-01 05:00:00,1.88767,win,1.3304846071671415,wickdiffs_M_H4_OUTSIDE_20260102_165320.csv,480.3715151515149,2.6
M,OUTSIDE,H4,H4,GBPNZD,short,2020-08-03,2020-09-01,1.98535,2.02714,0.041790000000000216,2020-09-01 09:00:00,2020-09-01 13:00:00,1.99008,1.99304,2021-06-17 09:00:00,1.98891,1.9435599999999997,2.0313190000000003,2021-06-20 21:00:00,2.0313190000000003,loss,-1.0,wickdiffs_M_H4_OUTSIDE_20260102_165320.csv,373.6454545454544,2.6
M,OUTSIDE,H4,H4,GBPUSD,long,2016-12-01,2017-01-02,1.19872,1.2342,0.035479999999999956,2017-01-20 06:00:00,2017-01-20 10:00:00,1.22608,1.22848,2017-03-01 14:00:00,1.231875,1.26968,1.195172,2017-04-18 09:00:00,1.26968,win,1.0300247936135931,wickdiffs_M_H4_OUTSIDE_20260102_165320.csv,327.3813636363634,2.6
M,OUTSIDE,H4,H4,GBPUSD,long,2018-08-01,2018-09-03,1.26622,1.29604,0.02982000000000018,2018-09-05 05:00:00,2018-09-05 09:00:00,1.2786,1.28042,2018-10-25 17:00:00,1.28164,1.3258600000000003,1.2519621476510063,2018-12-10 14:00:00,1.2519621476510063,loss,-1.0,wickdiffs_M_H4_OUTSIDE_20260102_165320.csv,256.46969696969666,2.6
M,OUTSIDE,H4,H4,GBPUSD,long,2020-03-02,2020-04-01,1.14116,1.24156,0.10040000000000004,2020-04-06 21:00:00,2020-04-07 01:00:00,1.21656,1.22236,2020-05-13 13:00:00,1.22272,1.34196,1.13112,2020-09-01 05:00:00,1.34196,win,1.301746724890828,wickdiffs_M_H4_OUTSIDE_20260102_165320.csv,432.5124242424238,2.6
M,OUTSIDE,H4,H4,GBPUSD,long,2022-04-01,2022-05-02,1.21554,1.25759,0.04204999999999992,2022-05-20 01:00:00,2022-05-20 05:00:00,1.2437,1.2448,2022-06-07 05:00:00,1.24943,1.29964,1.211335,2022-06-13 17:00:00,1.211335,loss,-1.0,wickdiffs_M_H4_OUTSIDE_20260102_165320.csv,287.2745454545455,2.6
M,OUTSIDE,H4,H4,GBPUSD,long,2022-06-01,2022-07-01,1.17603,1.21787,0.0418400000000001,2022-07-27 21:00:00,2022-07-28 01:00:00,1.21426,1.2146,2022-08-02 21:00:00,1.21471,1.25971,1.171846,2022-08-23 05:00:00,1.171846,loss,-1.0,wickdiffs_M_H4_OUTSIDE_20260102_165320.csv,353.42878787878806,2.6
M,OUTSIDE,H4,H4,GBPUSD,short,2018-09-03,2018-10-01,1.30302,1.32992,0.026899999999999924,2018-10-17 13:00:00,2018-10-17 17:00:00,1.3142,1.31488,2018-11-06 22:00:00,1.30963,1.2761200000000001,1.3367869696969699,2018-11-15 10:00:00,1.2761200000000001,win,1.2339373786516072,wickdiffs_M_H4_OUTSIDE_20260102_165320.csv,271.569696969697,2.6
M,OUTSIDE,H4,H4,GBPUSD,short,2019-04-01,2019-05-01,1.30339,1.31963,0.016240000000000032,2019-05-03 17:00:00,2019-05-05 21:00:00,1.31746,1.31758,2019-12-09 06:00:00,1.31548,1.28715,1.3418585151515152,2019-12-12 22:00:00,1.3418585151515152,loss,-1.0,wickdiffs_M_H4_OUTSIDE_20260102_165320.csv,263.7851515151517,2.6
M,OUTSIDE,H4,H4,GBPUSD,short,2021-02-01,2021-03-01,1.39276,1.42426,0.031500000000000083,2021-03-18 05:00:00,2021-03-18 09:00:00,1.3994,1.40014,2021-04-19 21:00:00,1.39861,1.36126,1.42741,2021-07-20 09:00:00,1.36126,win,1.2968749999999927,wickdiffs_M_H4_OUTSIDE_20260102_165320.csv,249.75030303030266,2.6
M,OUTSIDE,H4,H4,NZDCAD,long,2020-05-01,2020-06-01,0.83447,0.85434,0.019869999999999943,2020-06-02 05:00:00,2020-06-02 09:00:00,0.84822,0.85064,2022-01-12 10:00:00,0.85256,0.8742099999999999,0.8324830000000001,2022-03-04 14:00:00,0.8742099999999999,win,1.0783483588185514,wickdiffs_M_H4_OUTSIDE_20260102_165320.csv,157.17666666666665,2.6
M,OUTSIDE,H4,H4,NZDCAD,long,2020-08-03,2020-09-01,0.85769,0.87857,0.02088000000000001,2020-09-25 13:00:00,2020-09-25 17:00:00,0.87501,0.87587,2020-10-07 09:00:00,0.87612,0.89945,0.855602,2020-11-11 18:00:00,0.89945,win,1.1370503947753154,wickdiffs_M_H4_OUTSIDE_20260102_165320.csv,166.00848484848524,2.6
M,OUTSIDE,H4,H4,NZDCAD,short,2015-07-01,2015-08-03,0.862615,0.883135,0.020519999999999983,2015-08-25 13:00:00,2015-08-25 17:00:00,0.868905,0.86926,2015-10-08 17:00:00,0.86789,0.842095,0.8944647727272728,2015-10-22 21:00:00,0.8944647727272728,loss,-1.0,wickdiffs_M_H4_OUTSIDE_20260102_165320.csv,265.74772727272716,2.6
M,OUTSIDE,H4,H4,NZDCAD,short,2021-04-01,2021-05-03,0.88038,0.90826,0.027879999999999905,2021-05-27 01:00:00,2021-05-27 05:00:00,0.88441,0.88446,2021-07-15 21:00:00,0.88302,0.8525000000000001,0.911048,2022-01-11 14:00:00,0.8525000000000001,win,1.088911088911087,wickdiffs_M_H4_OUTSIDE_20260102_165320.csv,172.40424242424254,2.6
M,OUTSIDE,H4,H4,NZDCAD,short,2022-12-01,2023-01-02,0.86027,0.88184,0.021569999999999978,2023-01-30 22:00:00,2023-01-31 02:00:00,0.86665,0.86694,2023-02-01 22:00:00,0.86645,0.8387,0.889381393939394,2023-02-15 22:00:00,0.8387,win,1.2101314064614364,wickdiffs_M_H4_OUTSIDE_20260102_165320.csv,229.31393939393945,2.6
M,OUTSIDE,H4,H4,NZDCAD,short,2023-03-01,2023-04-03,0.84543,0.86257,0.017139999999999933,2023-04-05 17:00:00,2023-04-05 21:00:00,0.85044,0.85114,2023-05-03 01:00:00,0.84866,0.8282900000000001,0.8675541212121212,2023-05-25 01:00:00,0.8282900000000001,win,1.0781131216058808,wickdiffs_M_H4_OUTSIDE_20260102_165320.csv,188.94121212121212,2.6
M,OUTSIDE,H4,H4,NZDCHF,long,2016-02-01,2016-03-01,0.637245,0.657955,0.020710000000000006,2016-03-24 05:00:00,2016-03-24 09:00:00,0.65148,0.651575,2016-04-04 21:00:00,0.652535,0.678665,0.625706606060606,2016-04-20 17:00:00,0.678665,win,0.9739681048007703,wickdiffs_M_H4_OUTSIDE_20260102_165320.csv,268.28393939393936,2.6
M,OUTSIDE,H4,H4,NZDCHF,short,2021-08-02,2021-09-01,0.64503,0.65815,0.01312000000000002,2021-09-29 01:00:00,2021-09-29 05:00:00,0.64627,0.6466,2021-10-01 17:00:00,0.64592,0.63191,0.6601887878787879,2021-10-19 13:00:00,0.6601887878787879,loss,-1.0,wickdiffs_M_H4_OUTSIDE_20260102_165320.csv,142.68787878787853,2.6
M,OUTSIDE,H4,H4,NZDJPY,long,2015-03-02,2015-04-01,87.3135,89.742,2.4284999999999997,2015-04-01 21:00:00,2015-04-02 01:00:00,88.8425,88.904,2015-05-07 09:00:00,89.18,92.1705,86.50804696969698,2015-06-10 21:00:00,86.50804696969698,loss,-1.0,wickdiffs_M_H4_OUTSIDE_20260102_165320.csv,267.195303030303,2.6
M,OUTSIDE,H4,H4,NZDJPY,short,2018-03-01,2018-04-02,76.934,79.616,2.682000000000002,2018-04-24 09:00:00,2018-04-24 13:00:00,77.602,77.79,2018-06-06 05:00:00,77.406,74.252,79.88419999999999,2018-07-02 13:00:00,74.252,win,1.2726979259139808,wickdiffs_M_H4_OUTSIDE_20260102_165320.csv,184.61181818181828,2.6
M,OUTSIDE,H4,H4,NZDUSD,long,2015-03-02,2015-04-01,0.71913,0.74698,0.02784999999999993,2015-04-13 09:00:00,2015-04-13 13:00:00,0.7422,0.74348,2015-05-07 13:00:00,0.74417,0.7748299999999999,0.716345,2015-05-28 09:00:00,0.716345,loss,-1.0,wickdiffs_M_H4_OUTSIDE_20260102_165320.csv,265.6433333333333,2.6
M,OUTSIDE,H4,H4,NZDUSD,long,2015-08-03,2015-09-01,0.60871,0.634105,0.025395000000000056,2015-09-24 05:00:00,2015-09-24 09:00:00,0.62686,0.62782,2019-09-03 01:00:00,0.62854,0.6595000000000001,0.6061705,2019-12-11 18:00:00,0.6595000000000001,win,1.3840273586803478,wickdiffs_M_H4_OUTSIDE_20260102_165320.csv,127.73696969696971,2.6
M,OUTSIDE,H4,H4,NZDUSD,long,2018-08-01,2018-09-03,0.65012,0.66202,0.011900000000000022,2018-09-17 21:00:00,2018-09-18 01:00:00,0.65616,0.65666,2018-10-03 05:00:00,0.65688,0.6739200000000001,0.6428862727272727,2018-10-07 21:00:00,0.6428862727272727,loss,-1.0,wickdiffs_M_H4_OUTSIDE_20260102_165320.csv,139.93727272727267,2.6
M,OUTSIDE,H4,H4,NZDUSD,long,2020-03-02,2020-04-01,0.54694,0.59616,0.04922000000000004,2020-04-22 21:00:00,2020-04-23 01:00:00,0.59106,0.59262,2020-05-15 13:00:00,0.59278,0.6453800000000001,0.542018,2020-06-04 13:00:00,0.6453800000000001,win,1.036208187226668,wickdiffs_M_H4_OUTSIDE_20260102_165320.csv,274.0615151515152,2.6
M,OUTSIDE,H4,H4,NZDUSD,long,2021-11-01,2021-12-01,0.67016,0.68236,0.012199999999999989,2021-12-29 06:00:00,2021-12-29 10:00:00,0.67886,0.67898,2022-01-03 14:00:00,0.67903,0.69456,0.6634180606060607,2022-01-26 22:00:00,0.6634180606060607,loss,-1.0,wickdiffs_M_H4_OUTSIDE_20260102_165320.csv,156.11939393939394,2.6
M,OUTSIDE,H4,H4,USDCAD,short,2017-08-01,2017-09-01,1.24825,1.27784,0.029590000000000005,2017-09-01 05:00:00,2017-09-01 09:00:00,1.24914,1.24916,2017-10-02 01:00:00,1.249035,1.21866,1.280799,2017-10-25 13:00:00,1.280799,loss,-1.0,wickdiffs_M_H4_OUTSIDE_20260102_165320.csv,255.39136363636396,2.6
M,OUTSIDE,H4,H4,USDCAD,short,2018-06-01,2018-07-02,1.31345,1.33862,0.025169999999999915,2018-07-24 01:00:00,2018-07-24 05:00:00,1.31852,1.31914,2018-09-04 13:00:00,1.31818,1.28828,1.3411369999999998,2018-09-30 21:00:00,1.28828,win,1.3024349871498868,wickdiffs_M_H4_OUTSIDE_20260102_165320.csv,227.66787878787866,2.6
M,OUTSIDE,H4,H4,USDCAD,short,2021-11-01,2021-12-01,1.27776,1.2964,0.01863999999999999,2021-12-30 06:00:00,2021-12-30 10:00:00,1.28099,1.28128,2022-01-06 06:00:00,1.27851,1.25912,1.2988577272727273,2022-01-11 14:00:00,1.25912,win,0.9529319781078978,wickdiffs_M_H4_OUTSIDE_20260102_165320.csv,203.4772727272727,2.6
M,OUTSIDE,H4,H4,USDCAD,short,2022-01-03,2022-02-01,1.2709,1.28776,0.016860000000000097,2022-02-28 02:00:00,2022-02-28 06:00:00,1.27904,1.28098,2022-03-04 10:00:00,1.27708,1.2540399999999998,1.2997274848484848,2022-03-24 13:00:00,1.2540399999999998,win,1.0173315118275303,wickdiffs_M_H4_OUTSIDE_20260102_165320.csv,226.47484848484842,2.6
M,OUTSIDE,H4,H4,USDCAD,short,2022-06-01,2022-07-01,1.28745,1.32236,0.03491,2022-07-18 21:00:00,2022-07-19 01:00:00,1.29868,1.29897,2022-08-19 09:00:00,1.29782,1.25254,1.3282092617449663,2022-09-16 05:00:00,1.3282092617449663,loss,-1.0,wickdiffs_M_H4_OUTSIDE_20260102_165320.csv,249.22515151515165,2.6
M,OUTSIDE,H4,H4,USDCHF,short,2015-03-02,2015-04-01,0.97255,1.012865,0.04031499999999988,2015-04-13 05:00:00,2015-04-13 09:00:00,0.98389,0.986335,2015-08-06 05:00:00,0.983785,0.9322350000000001,1.0183823154362415,2015-08-24 13:00:00,0.9322350000000001,win,1.49,wickdiffs_M_H4_OUTSIDE_20260102_165320.csv,276.04363636363615,2.6
M,OUTSIDE,H4,H4,USDCHF,short,2018-06-01,2018-07-02,0.99053,1.00678,0.016249999999999987,2018-07-30 01:00:00,2018-07-30 05:00:00,0.99547,0.99568,2018-08-02 17:00:00,0.99526,0.97428,1.0110683939393939,2018-08-29 13:00:00,0.97428,win,1.327143040617088,wickdiffs_M_H4_OUTSIDE_20260102_165320.csv,158.08393939393923,2.6
M,OUTSIDE,H4,H4,USDCHF,short,2019-02-01,2019-03-01,0.99804,1.01244,0.014399999999999968,2019-03-20 05:00:00,2019-03-20 09:00:00,1.00052,1.00102,2019-04-05 09:00:00,0.99991,0.9836400000000001,1.01388,2019-04-18 13:00:00,1.01388,loss,-1.0,wickdiffs_M_H4_OUTSIDE_20260102_165320.csv,132.44212121212078,2.6
M,OUTSIDE,H4,H4,USDCHF,short,2021-11-01,2021-12-01,0.91837,0.93737,0.019000000000000017,2021-12-23 10:00:00,2021-12-23 14:00:00,0.92129,0.92132,2022-01-06 18:00:00,0.92122,0.89937,0.93927,2022-03-15 01:00:00,0.93927,loss,-1.0,wickdiffs_M_H4_OUTSIDE_20260102_165320.csv,145.52393939393903,2.6
M,OUTSIDE,H4,H4,USDJPY,long,2015-09-01,2015-10-01,118.0645,119.8815,1.8170000000000073,2015-10-19 09:00:00,2015-10-19 13:00:00,119.2585,119.263,2016-01-04 02:00:00,119.381,121.69850000000001,117.34669242424242,2016-01-07 06:00:00,117.34669242424242,loss,-1.0,wickdiffs_M_H4_OUTSIDE_20260102_165320.csv,203.43075757575755,2.6
M,OUTSIDE,H4,H4,USDJPY,long,2017-11-01,2017-12-01,110.843,112.533,1.6899999999999977,2017-12-15 06:00:00,2017-12-15 10:00:00,112.034,112.118,2018-01-02 10:00:00,112.126,114.223,110.31557424242425,2018-01-16 18:00:00,110.31557424242425,loss,-1.0,wickdiffs_M_H4_OUTSIDE_20260102_165320.csv,181.04257575757583,2.6
M,OUTSIDE,H4,H4,USDJPY,long,2018-10-01,2018-11-01,111.378,112.944,1.5660000000000025,2018-11-20 10:00:00,2018-11-20 14:00:00,112.306,112.354,2018-12-06 14:00:00,112.544,114.51,110.94764848484849,2018-12-20 18:00:00,110.94764848484849,loss,-1.0,wickdiffs_M_H4_OUTSIDE_20260102_165320.csv,159.6351515151516,2.6
M,OUTSIDE,H4,H4,USDJPY,long,2020-07-01,2020-08-03,104.188,105.896,1.7079999999999984,2020-08-28 17:00:00,2020-08-30 21:00:00,105.294,105.338,2020-09-15 13:00:00,105.46,107.604,103.85561515151515,2020-11-05 10:00:00,103.85561515151515,loss,-1.0,wickdiffs_M_H4_OUTSIDE_20260102_165320.csv,160.4384848484846,2.6
M,OUTSIDE,H4,H4,USDJPY,long,2021-07-01,2021-08-02,108.721,109.721,1.0,2021-08-17 05:00:00,2021-08-17 09:00:00,109.118,109.174,2021-09-15 09:00:00,109.381,110.721,108.0079696969697,2021-09-24 13:00:00,110.721,win,0.9759435003310569,wickdiffs_M_H4_OUTSIDE_20260102_165320.csv,137.30303030303006,2.6
M,OUTSIDE,H4,H4,USDJPY,long,2024-05-01,2024-06-03,151.858,157.302,5.443999999999988,2024-06-04 13:00:00,2024-06-04 17:00:00,154.546,154.549,2024-07-24 01:00:00,154.61,162.74599999999998,149.14959731543627,2024-08-01 01:00:00,149.14959731543627,loss,-1.0,wickdiffs_M_H4_OUTSIDE_20260102_165320.csv,334.93090909090887,2.6
M,OUTSIDE,H4,H4,USDJPY,short,2022-01-03,2022-02-01,115.136,116.352,1.2160000000000082,2022-02-10 10:00:00,2022-02-10 14:00:00,116.195,116.34,2022-03-10 02:00:00,116.092,113.91999999999999,117.67219393939394,2022-03-14 01:00:00,117.67219393939394,loss,-1.0,wickdiffs_M_H4_OUTSIDE_20260102_165320.csv,158.01939393939378,2.6
